Time,V1,V2,V3,V4,V5,V6,V7,V8,V9,V10,V11,V12,V13,V14,V15,V16,V17,V18,V19,V20,V21,V22,V23,V24,V25,V26,V27,V28,V29,Amount,Class
0,0.6565957805982692,-0.7396710255886106,0.8671911257613155,-2.5710308092609595,1.5338451050362951,6.90416462578248,-1.1744655056633326,-0.7108348385012441,1.675202424087777,-0.05547443551762743,3.360588317184059,-5.017067251287069,-0.8514718787533673,2.8864764162682395,-0.006426812178948622,0.4913518941635465,1.1668448048999789,0.8323001683298882,-0.8021351310412529,-1.8918105367082008,3.0825361674773353,-1.4949860976053775,5.925569339570516,3.002411037087858,0.18132367123690882,-0.3353910530156894,-0.9296606675205481,-0.4625434590800768,3.963420301819023,111.57,0
1,-0.7221591615216957,-3.0758595018902786,-1.749162801858082,-0.8890281319261807,-0.7936164996533775,-0.014255433509498256,0.22224482781360289,-0.10084134754457509,-2.058680686205292,1.2572897940519556,2.578699477328747,-0.08285671610802217,0.7894987596500425,0.9375397916813591,1.8218953159260207,-0.8580870493455784,-1.9496595226578304,0.22506275317460112,-0.9263510332561028,-1.0541054369956855,0.09860441240062012,-0.6001564950088275,1.7219619317546755,2.165393549878295,0.31725858127898193,1.1345383310080746,-0.6304618147482368,-4.318152281803746,1.7774125267532135,49.8,0
2,0.3763259576465752,0.9010919149666596,1.6857441919739613,2.1846573494261654,0.4645021652142125,1.404160357431102,-0.8262513469456205,-0.10833388324458919,0.7577341142099038,1.9267846489225295,-2.324548862107665,2.234676380046032,1.2327283420682844,-1.0273900815518575,-1.290167414451457,0.6629937020525997,0.90105881566334,-5.034570003448595,-3.0392246989198135,0.9595080570233295,-1.5053622221418084,-0.5348543227867003,-0.18900084006016843,-1.7960087344814766,-0.083332200624347,0.6064247283911633,2.904775992647497,-5.837163456045123,1.7063491393838075,165.05,0
3,0.13147742249666883,2.678930621315022,-1.2203736530762201,-0.9950356227791248,0.1433862632298211,7.110263241546556,-1.6663144280613622,0.6548132043648224,1.2446945270238519,1.440496769243261,0.2637417006804198,-0.8344102164285004,-0.8611078780710153,3.490536204919009,-0.5709403994926594,-1.2715402502782231,2.207631870754065,-0.5563343649624725,3.0038643463224854,-0.544477091775859,-0.42910063187267056,-1.0143170467307878,2.467108842007563,8.471482711040288,-0.6992632073839163,0.029180660677674677,-1.8832274930689423,3.1706323769590865,3.586161674123708,187.87,0
4,-0.6665562312330459,1.5654478643566074,-1.497858674779467,2.410898763558327,0.7171699746132896,5.219680807403105,-0.8078374703980361,-0.18331684202330392,1.0284790091901104,2.2583988725821618,-1.4299505670683312,2.9483612038244273,-0.5391106607016489,-0.25610947774346104,0.15319314055807765,1.38238274568994,0.23891301699030987,0.09385303864995365,1.9047406306422898,-0.7988988980931305,1.0458114378936596,-1.0937684002255086,2.1804137356817566,2.894207394719586,-0.5643604246840334,0.8741698718964994,-1.6184714239261329,6.156979390597652,1.0701591917914524,159.12,0
5,-0.3454069518325343,2.881325519156646,-0.3773461830799317,-0.7742944273659714,-1.7627069900416041,-1.0479763617126199,3.016060881678279,-0.1658000181030098,2.0523954921212058,1.9709117071013558,-0.2674680155544257,-1.1879812767157811,-0.020884149624899602,-0.7955165175158448,0.678377199644627,-1.2344221720663362,-2.664537808886451,-0.19495967456397156,-0.4899103378947399,1.035276566180256,1.4309763325040086,0.05592066092321825,-0.09521803852099107,1.5131729036540695,-0.1352705407042644,0.5959633088310913,-2.7507003585346053,4.248758289826724,0.8981430950414074,81.26,0
6,-1.1758802046045926,-3.0207017340278983,-0.11357174210163236,-3.2207013188857454,0.04402273274568029,-1.6658853699219154,-0.1954161750703246,0.7926650668400846,0.08891135796489937,-3.5670905554969843,3.430969273264176,-3.846301554181068,-1.0795327037799556,-1.5851466124631848,-2.404518384606314,-0.23033953910050364,-2.947656807330553,1.1716950657977265,-1.8841033138189789,-0.040139005986954676,1.588348838685377,0.3023227474312732,2.9180597943437494,-0.6801381378122131,-0.7430841721862712,0.49863932551669454,-0.40547591761219,-0.9643237413147953,2.746427510087405,90.34,0
7,0.43007764836748535,0.241335732673445,1.227987809585601,-0.40893321857895015,-1.481845501081295,5.492073975349715,-2.6003095975405213,0.06666975541378523,-0.37571790905371677,0.8580942678678195,1.253083149814377,-1.7346308852418093,-1.362029682001001,-0.6195622278033683,0.9530880549924937,-1.2178033053225852,3.0260705639061283,-2.710621749227391,-0.48295422035890334,0.07456406206049655,-1.2238401136271109,-2.6244111660438847,0.6614725610332919,-1.4321817798276484,0.15751749733279974,-0.653690686996257,0.6852222977561192,-5.41375161935689,1.100228836607891,37.05,0
8,-0.22228667368990282,-2.325313725313337,0.2676836945338513,-0.5932640404363334,-0.08805012531494116,1.3342791928066173,2.5184094502781655,0.9047639017290136,0.6933867037990183,0.7608800746583115,1.885967288572349,-2.125365155893441,1.3669006900172929,0.3716340621784998,-1.0786692760638916,-0.2748334065482569,1.2997050684486537,-2.122712092380735,1.37838307970497,1.0675661206579563,1.4945019236371744,0.9394694872838987,-1.8586219232635417,-2.7570112850269552,-0.05354565229242677,1.4184850326034728,1.3238932154425052,-6.38863946858671,-1.1169903029566015,72.98,0
9,-0.6076286845249997,-2.626214936931907,-0.2654463782255031,-0.2839501993726252,1.1289692014020853,3.6499866616211922,-1.0699431312183978,-1.5882651434415278,0.41097616501416834,1.716142538510116,3.0616929147564633,-0.49566262321016546,-0.18840581615074903,-0.66408371917711,-0.1307003267325405,-0.7574086559794119,-1.0597606525889702,-0.4069568526470579,0.02276071046958461,-1.1378321507929698,0.6946652962802932,-1.8689114064706538,2.097544268702009,0.963869323541175,-0.09771088986529282,-1.2274587132122954,-1.6137537845706111,-2.4982275438703074,1.4974116553758594,27.37,0
10,0.6560435672029604,0.10956485875936461,-0.27594577609330595,1.2009171173646327,0.2523659241830736,11.68380180818879,1.0531468102740829,-0.08900053660847063,0.12159153957401245,2.037465045581098,1.0366183399777915,0.6009954665594524,0.4590339049067038,1.8586882942828602,-1.5194118908743064,-0.8324014767600587,1.9552616662235587,1.902789948816379,2.2068252895350584,-0.43213811356877607,2.7794216632411084,-0.5578922599036563,7.079582423071884,-1.0290494226152926,-0.4155482714426437,-1.2301921166964744,4.184967613569768,-1.8102133435397993,1.4322715156285968,180.53,0
11,-0.5184973366243467,-0.14417172136726186,-0.8174939412147917,0.7202908760386583,1.207446043962938,6.111519338990882,2.522355379006323,-1.0524419266144223,0.7146539804802873,-0.7301237367691343,3.1296993833187488,-2.9682310447510374,0.8147400258186039,-5.322518358963333,-0.36879586489616106,0.3533064398273697,2.5529303313185356,0.7324405910467077,-0.3666466518895627,-0.33511706779395667,2.8930785395016363,0.1540289307324705,-0.6114171894294517,-9.470370873028182,0.4438612307304131,-0.4930524964703344,-2.460008174244108,1.1425487393445315,2.1467633776800965,168.34,0
12,-1.1824579472453334,-1.132828253441999,0.17676369997220687,-0.6523263572951435,-0.4039010833862068,6.320640045101763,0.25576481667158424,-0.37086202780500893,0.24330822528875026,-0.5979825132202726,2.827365706426868,-4.422240589848674,-0.2799105731704815,-2.9721273029185973,-0.30957627357975087,-0.06074065688710121,0.44058134120064973,-3.4922303007615563,1.2633714798713134,-1.9259679459071828,4.1719827886338,0.16931372385385732,0.66111683236589,-1.8558170218247156,0.7834311866438803,1.4332821727201956,-2.370083392481005,2.089998859660934,2.507509640048413,82.92,0
13,-0.42464332891591067,1.8289120266302903,-0.7415926390940565,4.363499115367503,-1.7236853785590116,7.940971400793133,-2.953979209108327,0.81788196670747,0.5866248826168217,1.2151653518033232,0.9788000025141476,0.9434060337945264,-0.3741045275639198,-0.6746423692299565,0.4454791746875265,-0.04981833090600245,5.666070920853396,-1.0112095650140462,-4.3599057563607255,0.18702010769393745,-2.577122955196058,0.5741642083638515,-1.6491288904799328,-7.652163648956628,0.8550016347102224,0.41222069356544727,1.5959634616214085,-4.698119912479243,2.779032601102419,210.27,0
14,1.161211402411614,-1.5825234000025405,0.46326956914752015,-1.0522979694847745,-1.542192894187223,-0.8565192784253077,-2.9826420293560063,0.0467201202649723,-0.6854728526884201,0.3697073555296462,0.8816396467124997,-2.4635340658225164,0.2836784496988527,0.1973568686495183,-1.0056950873181933,0.037647372169360274,1.0466766725115033,-5.529688131659765,-2.3848539006718106,0.42679019325864453,-1.5649929393349757,-0.6995692785784219,-1.9987055552104156,-0.16269076516086037,0.8855273723059548,1.608077135453547,0.8700926264786198,-8.289440117361954,0.025228791151370555,131.1,0
15,0.3935720111545927,1.470144689882435,-0.012195566593894366,-1.146440320505189,0.10242866407800864,3.3702010857573113,2.255115636310378,2.073664175433755,0.21386223282894956,1.1709233344042038,1.1039574431598982,-2.0693196657783584,-0.7461360206959045,2.3807661577819257,-1.066859841662305,-1.0948634923668525,-1.5147879094124383,-2.32974949075164,4.265692347024559,-0.896084697880049,1.3171408129238018,-0.3702140306079106,-0.905890920665397,5.006920265441113,0.5273547467523633,-0.09515935148561522,0.7433253984754585,1.0908104493775306,0.029457756526983125,28.12,0
16,0.3072039458978721,1.7360734222604397,0.047514634761288484,0.2198298469860549,2.2785173159559986,2.116164072002132,-0.6834221960668916,-1.170435757497502,0.5003332073206254,1.2562411040499806,0.8130204248794476,-1.5775136439645052,-0.9604169204092289,-0.4565018047739116,-0.7746013478853117,-0.9938252888572712,2.123755968829699,-1.2006675935576636,-2.07311447114747,1.5651034055742439,-1.7213119237991636,-0.7672725723599824,-1.5691769651270762,-4.312193476937569,-0.21438893197677833,0.04420617488045252,1.1256793594995704,-5.054749761146388,-0.6742286571607282,119.25,0
17,-0.2812936526695694,2.674129249516173,-1.2125219470836786,1.8060178120138033,0.06301765889922856,9.577834159221121,1.4750874260922164,0.20650562514583037,0.199982199863687,1.845019816361254,-2.1914862150553187,5.317438610124361,0.4113602775697078,-1.03003673222278,0.9574098452321899,-1.2243997732210297,0.5657264002614065,2.210228464092222,2.7978605333276634,-0.4396161530170061,-0.08247250842880194,0.08922828687474911,7.4215716267146075,2.1730493272754248,0.5236847413791645,-0.11853423402886418,2.8173334448935616,2.4328136319662867,4.243234316765132,40.07,0
18,-0.7837601693701695,-1.7026772535392882,-1.0366241611867317,-1.386288032130992,-0.06645212366792694,-4.851772263043979,3.528694599653071,0.49668561930448013,-0.7760573868428163,2.080849893004835,-0.4555612841737987,-0.2610300425160193,0.7376592548635927,0.37274924267693843,0.11953513030490291,-0.6071467087272591,-2.880755138186265,-2.912022628915982,0.9045555189899535,0.11586677940108789,0.9484919624422802,-0.6671987984941122,-1.5841214696008081,0.9563388539717032,-1.2688487805472792,1.164034397248306,1.2695188560680846,-5.433446097755551,-2.7275615012403476,180.41,0
19,1.232918586677483,-1.9359417574391644,-1.14820729197171,1.9402124711486244,0.5251129428858157,-1.3576158731293029,0.42407541074116606,-0.24132138793785318,-0.8753235675910453,1.1215690222160248,0.48102130773636975,3.6403640166560636,1.8387545009121138,0.5226316489840382,0.07280179436230931,1.710808544114316,2.3766487773345077,1.5397748324447282,-0.2881989715274773,1.6056901078208434,-3.2278922718537353,-0.2889772582661584,-3.2368657454964467,-1.8656688037015148,1.0419126041774782,-0.33674303004789563,-0.13675278552783487,-5.369586286616607,-0.05259813575364913,69.01,0
20,1.862886899544819,-1.3041950719298072,0.5056925012974529,-0.9237988415590644,0.22556201710241766,7.346141839718079,-1.1920572332992676,0.44686011639600887,-0.16404718814820396,-0.04541242401337886,1.9933851984506297,-0.5762960367331271,2.195973052895957,-0.11476335246409819,-1.2368931875707139,-0.05189738682101813,0.10723459005782632,2.26491315855116,0.5414340018439989,-0.1948928116726721,1.8950576796329828,0.23266009197441945,7.3186076680739385,1.0283561238437422,0.4652382172144937,0.9844850024346564,0.6618968728135944,0.07579576386942513,3.0579485784944445,52.82,0
21,0.36997921388074695,2.2848685121353136,0.792961605445475,-0.03728675360643352,0.9846557981376103,3.4919140739697565,-1.674051214680927,-0.6168553331035774,-0.17537968432098058,0.7651331763474986,1.0536423191310935,-3.2231895614080397,0.5690295372597589,0.5743380860492403,1.2103238499415532,-0.3737208704904336,0.4017643704943165,-1.2464191273410183,-1.2898159819716715,0.13152273007815657,0.7504315502978888,0.8467223387708436,0.13397389349793812,-1.3276756675405343,0.7838234057466584,-0.8040129979542465,0.1471615490040168,0.9316335990179899,-0.677350994669709,6.71,0
22,-0.5605573450943682,-1.0016187192686243,-1.243358737609354,0.8160073872754313,0.11704103558126315,-0.438091043392567,0.18338888680563847,0.1253909718067383,-1.7993566812164734,-0.6016625013098208,0.7220081757659332,2.612232203126209,0.08004126921526018,0.534181227055858,0.8265839651372482,1.3747979700547797,1.3889389527001363,5.499039507547001,2.432845017657828,1.32240432481173,-0.9659124542419774,-0.6081535516204094,-0.7602523361229304,0.9866830625017844,0.2438269266167647,1.6941757581910564,-2.981965638558272,4.486593140046541,-0.3772733572737229,221.7,0
23,-0.7499695279726564,-2.7030335599484743,0.2277091184759583,0.5891420545472246,1.519378182951953,1.0374715464547066,-1.3150653891338557,-2.3850087979709786,-0.1193093118030249,-0.2356247552266434,1.2597622980189547,0.9778833046511451,-0.734004994289151,0.6060821631720904,1.5749343137890586,-0.9810872632946813,2.674284721668773,-1.2047118892331494,-0.14183837760360296,0.9973392257590772,-2.1328154608373944,-0.18110956240450954,-1.7018053586955837,-0.6202710753612193,0.7300800925375974,-0.8472699442196283,0.7669718615399542,-6.6493306531534495,1.3036870945969943,56.46,0
24,-1.367871776945431,-1.5260264420521457,-0.7321389019707383,-0.8466215201315778,-1.779823175323434,-5.072900232272149,4.052806211367486,-0.9483541066216746,-0.1714457434567751,1.9800134803970777,-0.5274485165364643,1.2027860976529716,1.6630313782118475,-1.9025741916762966,-0.6411124275444524,-1.4946702201942292,-1.7643491776936657,-1.9702267004769327,1.8739701629597574,0.4098087996495947,-0.4654955537879327,-0.8092759193872399,-3.4018824517110073,-1.316534202555576,0.2143522082769957,-0.6221409545721348,0.10217928125140874,-5.325279062231213,-3.06871892449355,23.6,0
25,2.096161276050951,0.24648968253126302,0.9790358254675168,-0.5884956937957201,-1.865839755203436,1.583099006138054,0.3524823087224539,0.08434103219821125,-0.1858056100997783,2.1048615220884064,0.3774498977510753,0.026729050243853504,-0.6431539972011118,-2.074501315425701,-0.06068543320192063,-0.9086522819154584,0.0624926768798999,-1.188212749810315,0.286078084516589,-1.2265605799019654,-0.6454521701425229,0.8494562551043311,0.49543959933013326,-1.499177003056368,0.028468940438410424,-0.47869638100794565,-0.3386624508736792,-3.525792031076746,-0.6925118386996808,32.74,0
26,0.18714748687733387,-0.24108840292097378,0.826834717872908,-2.7164100411624146,0.07846389344841469,-8.501741897019867,3.4886620011171625,1.5349462740315112,1.7845107677245104,-0.4580477401658817,-1.2182481417749251,-1.0516824107229918,0.41882668570450926,-1.8884338208257285,0.24620822775401915,2.0139300303898144,-1.8728915560540893,-0.18847848802842093,-2.520404847808949,-0.7513801233865582,0.43607835190705985,0.4955050980952219,-0.9106058619523918,0.3484868504426514,0.5381325493534344,-0.24565335212553394,-3.235393370171747,-0.47450948401793347,1.4072406154871802,138.88,0
27,1.2194310829547725,0.8291585208033077,0.4122805981435,-3.2982296444642656,-1.9762160643903117,-3.5806357561606066,-0.7520266872614609,0.7560878806950055,-0.8667326706603131,0.11139885285546824,-0.7413847939935562,-1.7038384373115523,-0.6161001532392837,-2.8188984287805723,0.1538476602166413,-0.5220719044983598,-1.3974686677574844,0.3459503555133777,0.5903100094109955,0.849521986994124,-0.3687073891815943,2.58727145584531,1.2964897474266885,0.09304743329899215,-0.20110779528942632,-0.6763645030356056,-1.987756614186801,0.6032200954806132,-3.1143307049927356,118.85,0
28,-0.046008828712611895,0.5651101041598137,0.9618388324273973,-2.327644589736002,1.2776190132317218,-1.9175130723800702,-3.1011335446269768,0.1790209142295196,1.0688892755441985,0.6770186579765213,-1.684644500502949,1.849226876835185,-1.0683281711205714,-0.11517614029632472,0.2897671443565355,-0.8069220858097825,-1.0658349204434368,-0.9889591241812015,4.036673676286038,1.0387562896145033,-3.54897217089175,-0.7647077295879625,0.5241287629215092,6.528505989448817,0.21232614066789893,0.6112911472382442,-0.001188746072102731,-0.8853974134352275,-3.1638118023270017,124.53,0
29,-0.9100264465438659,-2.614216160702541,-1.3088438420029984,-4.073158546889994,0.9680227066762607,-4.598434658228122,0.29248262501671285,0.4997262729846501,-0.4718446211555048,-3.9216343834576004,0.8126756925877182,-1.6213914979670667,-0.05091773033921787,-0.3836473181001522,0.2775539701598618,0.32962553117474036,-3.79095683117926,1.5746649988467425,-0.38420461831982744,0.22303025758513412,0.7286927099950784,0.8377462255551519,4.327322528073742,3.5768780944635017,-0.4977451422811719,0.3949712816904657,0.7881913540906721,-0.25783642642638943,2.40808262838528,126.7,0
30,0.09852602490538785,-2.697248270547869,-0.6380301656523745,1.9092853587205925,-0.05650612465920803,-1.138615301327171,-1.4019277947397013,0.5030892533366624,-0.1271627962941314,0.9052271192759098,-0.42509932090994457,4.868933170610401,0.28235266397965253,3.584540266712707,0.2872679291207924,-0.037914678132769594,1.265400875814613,1.2982176350626569,3.4839444805742157,0.6289391096964736,-2.420518745994978,0.27509347694375413,-2.3933474375017045,6.364042380956617,-0.5017577611697203,-0.20044498267722502,-1.1420272402799831,0.1690859193615164,-0.5585558122522679,332.0,0
31,0.33243691115494084,-1.8323158171659406,-0.3613353866915454,-1.9238499489313634,1.6487859657299524,4.479207611102068,-2.5170588433304855,-2.036578298835343,0.7519042266531333,-0.1881804546194893,1.0183118912399858,-0.8723965308035203,-0.024367842495843037,0.4584465506080059,-0.9335752517003891,0.02810390390210318,-0.651864355183585,0.9136936031275892,0.22912948172451564,2.17920511190877,1.6093352529109406,0.05174334820897214,7.463255155186603,3.241146790886363,-0.13855741643097982,-1.056338866578845,0.6841396355957777,-0.6501095840232755,1.9088591298244042,26.23,0
32,0.7718030002741793,-2.362247655474371,0.956128605741,-1.6114462129023752,-1.03943096290067,1.7642417563672599,0.10111974282819403,1.6338702782782046,-0.5904269540597518,-0.0010104436843159093,1.9702589744241799,-0.691233604104544,-1.1338191937539535,-0.7359609738189069,0.7008290998250021,-0.7978868214958904,-2.4714398794057235,-1.0281220214373015,2.8024783733130443,0.22701573695590588,0.7386819941496499,-1.0206019727813198,1.8226641759600264,1.955658315103813,0.03998193423012464,-0.1582148108177082,1.1418674867097884,-2.427300430219892,-0.5018047972713414,13.53,0
33,2.199190148394691,-1.021132605917193,-0.5251447220182178,-1.0653642369504759,0.9706041766183706,4.066830080660135,1.0895354080121538,-0.8228192655243886,1.035946140314855,1.6480207032634682,0.3270355783946931,-1.052608666299285,0.9547830966950015,0.3444419277678218,0.8484396464540668,-0.3411035279167056,1.3471567031785456,-4.1570452905537705,4.152560330764359,0.6161612305147948,1.377783907276214,0.32984899026550274,-0.12799249924149153,3.343129752815447,-1.2908606065477966,0.13690999075339472,-0.20653661981334925,-2.9068345250542857,0.3439379741323123,22.65,0
34,-0.7139529121595534,-3.5310633556168036,-1.71374357412924,0.3640455545112674,-1.5920084571186501,-3.105625152418121,-2.0713593911794463,-1.9865271419775223,-0.7701191072317533,-1.0778237363675807,-0.034619254860005944,2.438057397061297,-0.46685541039991946,2.715991496285506,-0.3488519971912,1.0325617203605524,0.7768086694037046,1.5637010464838554,1.347425609986253,-0.3637845296098712,-1.1471082508433725,0.8326657578803607,-0.8101707590921938,4.698334910999064,0.4520053685824477,0.5451408795105409,-1.296959386061177,0.2907340472479793,-0.15519752765934103,148.92,0
35,0.37815593560696337,-1.3568787074025623,0.813616536451455,-1.2066051756850744,1.4544569567083374,7.6037545647166365,0.4811231910770218,2.1519825670043002,0.13895057305509406,-2.2784513659330785,2.952006901472981,-3.165932841715505,1.4365683517268375,0.4604154151597165,0.7154140412440437,0.2519636041280662,2.1882363959079396,1.1206392143091786,1.1114562902401752,-1.9072190710079198,2.7088580773802766,-0.5461833634418188,4.099909509166789,-0.8277514443786664,-1.3542929263269372,0.13622316237666343,0.9614914873352908,-0.40631727876761403,4.299921098082413,210.48,0
36,0.047579417152787795,2.2892767050590965,-0.4217690877659065,0.6947950845677265,0.4647952694439655,6.533596798165593,-2.824869225878644,0.38319038537732747,-1.7869890098107923,0.939535418024133,-1.8134606137052582,1.1060779591766887,-0.054424300371305634,-2.120336058232238,0.7789321805205109,-0.025733794839247516,1.1698368579835492,-2.421816107448441,-1.8910504745970809,-0.8205852958539446,-0.6616385524237499,-0.40013606330256013,5.321916971532914,-0.775089067808358,1.231694300434006,-0.9867736181735269,2.470459073854324,-1.6577152801566468,2.8855483922530474,61.33,0
37,-0.890831680130782,3.458038521429048,0.6940326109679394,1.6945634630479045,0.7462775936104097,6.035668032401413,-0.1068814784966432,0.21630541124831631,1.5273082241945979,0.8908528727474796,0.18548643675058096,-1.3906402063767709,-2.1060062013831335,-2.3645114104769203,-0.4821242843214694,0.2366469126728498,3.5112665747842193,-1.5630535973880644,-3.99930788065138,1.1941481480131266,-0.9760468606561692,0.11656565681533587,0.0005795968412639977,-8.333928082174152,0.900791174028302,-1.9483785067321513,2.3004146678504123,-4.367246888565099,2.039825546731975,25.82,0
38,-0.5120295142592802,1.3000946300327354,0.6906175221456182,-0.5854203853732547,0.6719877401364955,3.393290588695049,0.9027992546980751,1.9440482938018984,-0.009371558520764512,2.7817830100325893,-0.40463583630930644,-1.850076647071185,1.0895044595630559,-3.0814184159936824,-0.8935881248984164,-0.21620691778332585,-0.23747431794501883,-3.382581801609929,1.9799053066608696,0.25356822813784585,2.7958641124977364,0.3112075941727721,0.6267592140711927,-0.7201047007453671,-1.1655293895763117,0.5719956373926842,-2.4372191687642157,2.0532623597330835,-1.5784707994678016,23.94,0
39,0.39638172250933723,2.4535987735851137,-0.3040410991533166,-1.7115342018320532,-1.0299320803117926,1.2598973490682066,2.688892613742054,-1.229318020812504,0.07453400022224349,2.624769075787221,-0.9599626119636434,-0.5603331467420113,-0.9293245882416272,-0.387394907640946,0.21503581213723,-1.4239803338209671,-4.112311252243373,-2.7909195702709515,4.120124480664633,-0.777905724174565,2.0212335024061168,-0.20861723663787313,1.3177111024450536,6.712226952752316,-0.6688462928687765,-0.3819338631313979,-1.4328568120796308,4.626571416803107,-0.18275330599948825,153.07,0
40,1.1120606800331574,3.3596665886484676,-0.7099191329520645,-0.07336217265036671,-0.7203883588004716,3.533409555802554,-0.11470378607794751,-0.5142689715706409,0.4600453908835562,1.5052927549368404,-0.07081229808242895,-3.4575186228519046,1.0920554114388017,-3.9242171517827837,1.9757051012300741,-0.07481842035058532,0.7747261909118501,-6.293613803307691,-6.4730760091823525,-0.49244411241221675,-0.9977376773670178,0.8998294961329573,0.4031580755715702,-8.937540132184786,-0.5554003994423388,1.671354084093128,4.230669505539893,-10.021668837162187,1.8716600555680436,164.19,0
41,-0.6895973461199002,1.8912226054328967,1.0098758737907962,-2.496044442808965,0.7294538898178412,1.7622208660347516,1.752042689368539,-0.3608171821336399,0.25333076010661776,0.6857642355443232,-0.9258982153874581,-1.1755745935599595,0.4058739257025841,1.4914145403909158,-0.6270471672539608,-1.0299447237206136,-2.8021160986621716,-0.4037480905686003,3.6880720541844014,0.3266784983096997,1.9180112349624374,0.9145032173518324,3.847485377083646,5.860688099553584,1.113014661967468,-0.3260293165574689,1.4283690748633373,2.9074272739498337,-0.5498931055155579,140.18,0
42,1.089321356628154,-2.139426421506662,-0.20191360028107427,-1.513635914550528,-0.6174863110800096,-2.09771778911287,0.7052768128282959,-0.8121583635515687,-0.20081723454165015,-0.5039967449155044,0.35913939558721775,-0.5991523685110748,0.2214170617242611,0.2881551043809186,0.39395200899393523,-0.8630071380029918,-0.28174825403955905,0.3918103541723926,-1.7413450220294524,-0.6147369469659352,0.6566985702769575,1.7850297916134417,2.2153803599052093,0.3103535240091623,0.05155221743276316,1.1854805190416324,0.024955164402721608,-3.3954541427773637,1.6020658127341156,4.86,0
43,-0.6926402251008827,2.406045702476991,0.5442568500417417,1.746601770544712,1.6683111195645148,13.564193754244217,1.2087627089025608,-1.3974893403607938,-0.3586012152318079,4.149823650711597,0.32427517537413997,-1.7743209706225351,1.4896478422915818,0.8047216547113737,-0.23606982961503353,0.7422752332070148,5.468062269787711,-3.158319647901126,3.045804032621718,-1.6517349437259554,3.8679502210325976,-1.9986215252539388,2.106835779467709,0.009100398614616692,0.47850447415085934,-1.20137374351479,-1.4642619829957524,1.3805040411654403,2.451883330926237,102.86,0
44,-0.07774065283130008,-3.2821824618869697,1.285028827347658,-0.6554857987497086,0.649538639491568,1.3439534365285666,1.9205883253944944,-1.2026482651361439,0.8230113569242725,1.6759155150229823,-0.04245512684038266,0.2673242064582157,-1.6402155886257797,-0.08687046267017229,-0.8107383280214768,-0.2750134722550482,0.6919469922298044,-2.1877325961120317,1.7484876461962648,-0.9114341385878826,1.724755414080683,2.1526590903618907,1.8652841860592486,-1.5607035471854367,0.7774101157576864,-1.2774053886299175,2.8991244019811324,-7.822271980780028,-1.8675972198667696,89.0,0
45,-0.7553408197272258,1.3965537484519128,0.9334404081685476,-0.743473202974185,-0.6588028263717759,4.860100111396474,2.396471032449778,0.19499029209949587,0.6686385705110801,-0.3463759610181322,2.1190627809343896,-2.1379898614381365,-0.3227902013153876,-1.3502286606073688,-0.17248688417393548,-0.29932697329588437,-1.1415901535203834,1.004636255340356,1.5132421330026442,-0.06913356488805313,2.16391408332078,-0.8591039801903084,1.7220116529106781,-0.3932085500080646,0.4535798521453311,-0.7726846233740311,-0.9417046998273466,3.727457201218402,2.66403573463958,101.24,0
46,1.4416461833422005,-0.3684828421832974,-1.0712182230107092,1.7703026758606983,0.8915784566951168,-2.2155180231963185,2.018155717591521,-0.4217118518435028,0.18604771215121202,2.2185109993623695,-3.9103890957435548,5.457112127972601,-1.6227065707438688,-3.779627814980012,1.9164543210163532,0.9138266561455501,1.0187641720904081,-2.4276701954860695,-1.8234517558296233,0.20712127707087358,-1.8959819958609985,-1.5478404612786616,0.405798693975298,-3.3078242131879505,-1.7599519260721297,0.2886096512984931,1.4507041912799503,-6.198324151743629,1.083101808031573,179.57,0
47,0.7984613389778825,2.3665588584959814,-0.3381867169824685,0.013260920144104515,0.2651070945122431,4.502001587324738,-1.024796319798285,0.2811651428946169,1.4639007861743227,2.8418407554994265,-1.643053218849094,-1.4921316954384636,-0.5760251704766678,-4.89220963793871,0.5552941900136158,1.3253089972677385,2.678254948820929,-5.087614816904161,-4.851218604873794,1.9172595345040717,-0.09093038460741454,-0.09074675733912281,2.9132418532380817,-7.696800039011429,-0.46052342116131384,0.1812711595140552,1.6514976988542627,-7.885369037891212,0.9482367462004525,101.83,0
48,0.2930501888184419,-0.7602757787585641,1.3797352110865708,-2.4393366795625133,0.28474656055374403,-0.9802381891806353,1.787341730473461,-1.4629282073910133,-0.8172251639721504,-1.3014338172177147,1.382205707403199,-4.022793365035242,0.5338376997480403,-0.0513335197852437,-0.5640520417461797,-0.5647634388006485,-0.8685985725980583,-2.5228371618800574,2.4768453064662017,-1.3803483209774585,1.621220220056821,0.5069555354034934,-2.0631767986896854,-0.41252498936634796,-1.4497484508554535,-0.9763517510582618,1.17904352770522,-2.1400575241003352,-2.0535895890478932,156.47,0
49,-1.0614976412061874,2.8461099294655883,-0.4775999513736513,2.2309010709624837,0.5864090099699019,4.752739864327889,1.5524661181602055,-0.11838783734422807,1.411105009112135,2.205555964153381,-3.1569406583094604,4.600019927820524,0.04819217725982952,-0.3311530597529341,-0.39613472036556435,-0.933634216589443,-0.9389875109240297,0.5684375346980158,1.0293340084495628,1.2994312150704548,0.6422432932940426,1.805354459125924,4.715179594520476,2.525440582337457,-0.9234156249903548,0.2524287572157801,1.7193047692464392,4.090884698806532,2.5427698498741313,83.11,0
50,0.8881573217434416,1.303799397169324,0.6683332296061608,1.6125811244446724,1.1574219459938258,7.899307430846756,-0.31988612999874666,-1.6963162351162222,0.6675849604766076,1.7422902112037044,-2.5328322387737585,2.6526039420309604,-1.129485577595404,-1.4179269975302207,-1.7944435850889013,-1.1212795914817848,1.3672540810042997,-1.8619168055211583,1.0367349692143994,0.31312341719299164,1.962728872976073,0.35874138810830297,5.960676314935643,1.6073152983910082,1.1494770608285296,0.8760457766719285,1.0701573940548739,2.178942539484237,3.4841925269890357,109.69,0
51,-0.5697918621330511,-2.247227180432329,0.019045160209423234,-0.6730461031393833,-0.1437867564221694,-0.9162460553533947,0.7644742645632913,-1.2646860350902882,0.12710696497508725,0.8245423156443776,0.5536505173488242,0.8945327367095959,1.1857435140299846,-2.7656173508135673,-0.5817707049953131,1.6399459487539176,-3.0127505189144816,0.8995810407900612,-0.08641116928270476,-1.4386370162357494,1.101503837180091,-1.0037107697245766,3.138471230252617,-2.594105692636368,-2.171094029442515,1.518993087748583,1.1322460341143814,-2.3963756423343257,-2.0002632702875784,150.75,0
52,0.6895068283290587,-1.385555205209812,-2.673003643884066,-1.1245633098006995,0.4596260372158683,1.1270798016190613,-1.739127672228363,-0.26222813723383215,0.07177782623769331,0.8633078037831198,1.6558351945292602,0.9648901816252529,-0.5344696758417209,4.441069810081505,-0.32562128314999605,-0.6056772127571781,-1.3363790957178645,-0.7190870646829834,0.9183339023758883,-1.2457661641136228,-2.1150425305397262,-1.1329780946912673,1.3357998481249482,10.474001456362119,1.7165403158774715,1.6361813010570987,-1.10670865654939,-1.808147536299541,4.522168154478628,99.86,0
53,0.6588202446894643,1.7982403805937006,-0.4398532631004059,-1.5490467330539381,-0.14931342187167515,0.06846157353084943,-1.238564871850167,0.3091381873347979,-0.3072898386747181,0.05340276707186131,-2.357550986946716,-0.4388081358590557,1.7894387110773733,-1.5856176156124655,0.01690619559011259,0.35477286862800855,-2.364733396709096,0.2096838140881777,-0.028373076798217878,0.01290129556830568,2.3652613799610527,0.06215090608572699,5.545365113162888,3.1461786118261568,-2.5661193859324136,-0.22888016315794182,-1.3724415371112726,6.74143515158283,-0.026396324714406783,36.64,0
54,-1.4579110681693277,3.9227528560935485,0.8366533718459545,-1.019579685291715,1.389608553768826,4.880064644851142,1.3413629553969195,0.7845578673892027,-0.5900433712773638,1.2318304617949771,-0.8771834928404952,-3.7397340967528536,0.02422586106046795,-1.0254314966112952,0.3528080003331323,0.1349742885508641,2.015679987127362,-4.01538044895401,3.7784559667814563,0.2708152830495962,2.556084703750492,-1.6027689780752763,-1.6360549919288594,1.1711351880046712,-0.9358672017464603,-0.962500002933258,-2.2313948758790905,4.761000684641104,-0.6746463672444766,18.56,0
55,0.32183519002277045,0.8936210883102234,-1.308778304485956,6.304185531668374,-0.42967612707459496,3.4366283982486383,1.4698044992280317,0.9422300175678358,0.7852553595715474,1.8180742800330134,-2.0300100647223296,4.6299642766365965,0.9849501030058511,0.5301191478230384,-1.1493045773901618,1.0314159064340078,1.5935184265806357,-1.4517333287029834,-5.149896734489728,-0.7833087567250635,0.2468487062831871,1.0243517898599654,-0.3916763290727934,-5.310860493797439,0.31537289612739006,-0.7813576956169462,3.4702669892433704,-1.8651479787730407,4.019291071192897,1.67,1
56,-0.8924649677156576,-3.304927500569368,0.06593110857890049,0.7402110142077454,0.4330463786039467,-4.472058639169896,-1.8291337288036154,1.5731360220429027,0.10067550309893408,0.26118174801131777,-0.14972652356233618,3.885244301711867,-2.65508201787949,2.6786746888626953,0.6160257087476715,0.2896698121381407,-0.2746087371421645,1.4227692095632016,1.536829999442825,-1.3945595133260753,-2.868884025976374,1.545226445884819,-2.126183897113527,4.666055460979675,0.3132382490007116,0.9374062824694956,-0.5175945311230131,-2.028774124683277,-1.70704191763995,41.98,0
57,0.45170020097593927,4.041188967871958,-0.6352613845586089,-2.198997379423263,0.8240865805442636,12.280755169669844,-4.67530811245035,0.5906880448441909,-1.298741686610492,0.2737193654882031,2.610270130280958,-5.221018796828331,-0.7496669509459138,-0.09932788585747121,1.7222673909870256,1.4861513251433442,4.635363178473923,-1.1724582438663556,0.6036283969703934,-0.3340530820568455,-1.9329652509555797,-1.4089842999517348,3.6054251441841774,-2.4223551491407895,0.30315382837627336,-0.22339841634209087,2.728187452771925,-4.8058532298177195,0.49601857592789417,254.39,0
58,-0.4786921889391912,3.9791142911371176,0.1518475496415706,-0.6045515877193727,-0.6760510882885871,6.185097136966484,-2.530668175110988,1.2084399891360882,-0.07051955272741914,-0.09622274014810295,-1.655746758610283,0.47799908082619147,-0.6860615265436788,-1.584067314298574,-1.5648544249554606,0.7656431064826952,1.6767429371337008,0.883330001828797,2.102458269960907,-0.3521804481195873,-1.099818387137489,-0.7740256503626058,4.120907028357521,1.3108321434126189,0.7126620321270069,-2.783716223798099,0.5271713361853512,4.022486506992593,0.5293015873806379,28.9,0
59,-0.9377866663411604,3.6530699967815123,1.5931062215029255,2.4492928563833107,-0.9988152681895256,7.606511086879766,-2.9986937487479133,1.5960892921942411,-0.977284832042969,-0.21541298001617248,-0.18127464759344258,-0.7997136447885363,-1.0381069864610342,-0.500762532384897,-1.4483559179583039,-0.292375353093686,2.2966647395894193,-0.0342000731511799,-2.1472065997746355,-0.027555936515566763,0.4236524649552321,-0.5445281169346958,1.9439007881827899,-2.99886521499341,-1.2421533507916103,-0.6916284254233128,0.793055958163483,4.466698567047148,2.087824785192514,191.19,0
60,-0.14353843726200877,-4.643344978598232,-2.171124377556448,-0.3167391164494934,-2.0593542797751767,-1.5585841499173552,0.11137997089556873,-0.8878963516917364,0.2794155346036323,2.67775742596835,0.32941215753637443,1.0694940434538254,0.09884350838950627,-1.8916952559014717,0.9381093589705979,1.9648269416599147,-2.102135829578542,-2.380902867854084,-1.3360846269139128,0.8540702507119534,1.591017421447868,0.9649027587542348,2.772424857012248,-1.770203441644465,-0.07777963100956568,2.807650783278881,0.8475034639541682,-7.431757694513874,-1.906856825788755,126.94,0
61,-0.21709806232667525,0.6764598834442733,1.1326224577717492,0.7236511820998862,-0.5669879138426778,1.2049284900517365,0.5470379160875884,1.3228182691504213,0.28385728982886005,3.395936736947749,-0.782220861555004,4.825397583243455,-0.019260756073364933,0.26472466117183335,0.15300537317866494,0.1682591023545915,-2.7925208133455377,2.088938108573359,0.1495994341441621,-0.7293418589630624,-1.3744597160319127,-0.25361847894695383,3.9882219979109004,6.245953152919174,-1.8660176735444909,1.6223581587633655,-2.0866520122270806,2.1827263085898787,3.2536475989110625,34.81,0
62,-0.4574308375083948,1.9665883975799385,0.10062211083544212,2.391039618199079,-0.5462204154871819,4.986268107738558,0.3529014421783475,1.561022930447959,-0.4562340046084945,1.2439238659240734,-0.7157579838276009,1.5593925950861516,0.5141409907607227,-0.6313739723759588,-1.6117850634872015,0.15696862704876002,0.7338149528535994,-1.114131677789239,-3.2202465060342034,1.2515793826826966,-0.32057214838561876,0.8313642544759895,2.347420128407463,-3.1119450508207236,-0.5188370428216882,-1.3006337047484473,2.9040573376838785,-2.3852342825307633,3.5735228545887052,94.53,0
63,0.44047979738721704,-1.1023215938668167,-1.838269734397389,0.015277670371642182,1.529330653691702,4.862280685046533,2.6288775380324645,1.1933944363978717,1.0803558012736438,2.1812625585352534,1.2604885519622178,-2.0613619017781324,0.10958225043835845,-3.2708081697916733,1.8196365716115683,0.9077255197086991,1.4346225966520305,-2.582362078979734,1.4910571912692663,0.2970012942647289,3.569001025967252,-0.08593947249682984,0.37656211194990347,-4.830661534298911,0.4529415931378187,0.6761882715783463,-1.1803224567535155,-2.2457741225319867,-0.5758613911550573,145.35,0
64,-2.7414170608291726,-1.0553841254836398,0.10597227825956841,-1.6326575182346366,-0.9802789352960511,-4.240523685505204,1.684797897909788,1.2102520199134048,0.8053019807240389,1.6764900247647163,0.6671446546400092,-2.043369490331198,-0.08203006727640945,-1.431523260539434,-1.4309409886217097,1.534367014198286,-0.8286750144264858,-5.075932671716501,0.5672872860504883,1.2806555608822612,0.03040695599663945,-0.21506926381600766,-5.106022869765014,2.1324505112022734,-0.010362242041000806,2.1510243728524974,-4.174673094087047,-2.681508650089669,-0.01611720892633539,160.35,0
65,2.022866118366792,-2.2337898377644034,-0.7713772263396093,-1.8859250570504802,-0.22333436943410231,-2.426791875321152,0.676883260540466,-1.5117465380881643,-0.6522631837437548,2.081290120139236,1.222686750770563,-0.18909460275863793,0.3209859692714158,-0.303235970564082,0.45858677994858266,-1.405746275890388,-4.121096932946975,-2.892142312301038,3.0686883882623492,1.459329651601532,-0.31339551051921866,2.2068049320544696,-1.050476898388168,3.4584654993450097,0.43457850096541834,0.2685359302445748,0.5729596125735726,-4.410189545638667,-3.4104400875538485,170.2,0
66,-0.3515484758043823,-0.10796418183027545,-0.2297158394117681,-1.1881185756641002,0.5490220871219158,15.6667575266595,-1.6092240228184629,0.6371597435509948,1.4713657032531664,0.6545713348004468,2.1062022453360627,-3.723954286946331,1.5342869753036579,0.7937062807727632,-0.2251994291832055,-0.8433263532259674,2.757507642855249,-2.148014972904971,5.780268027363163,-0.7250749370065016,4.9354703926391865,-0.42633981766531753,7.493283094600401,2.7363658060867095,0.591066936335061,-1.0993892277293233,1.8096716759525941,1.5571420606091892,1.7391747231457995,33.15,0
67,-2.244889293958427,0.45730435889824605,-1.2817841951146103,-0.8585535206099337,-0.9537636658717974,-4.083717995696654,3.7065967574021483,-0.35621245012762687,0.33406936216138733,2.518132158676245,0.055355393186775514,-0.7691759021450392,0.060547820364210025,-1.0931397114777635,1.6759758710680044,-0.12950371362733745,-2.608042511975483,-0.782369927172412,-1.700745143319049,-0.38676278873165104,1.2885160200257517,-1.3227829747262372,-1.2213278712405107,0.04488752371536614,-1.2648942084533663,-0.24195821154781655,-3.0523946195873974,-0.030529589218860818,0.28917301339538226,19.52,0
68,0.6065908615428617,-1.2899418798532756,1.269953488955102,-1.7501896286782168,0.47371080490757145,-3.2468723991395505,0.08112766659643844,0.8348171586675873,0.016461622438046965,-0.37797142974701614,0.15432545696508793,-0.38061089640072626,-1.2082577416210247,-1.3934179012386454,-0.3781245803695937,-1.1492505191902824,1.228687089175386,-2.3483962276937254,1.5317844834142256,0.9190156625197566,-2.0364214905069646,-0.2356062433638822,-3.5757427760999834,1.3406426672343716,0.5068269113778173,-0.9222245213338853,-2.1689480614566103,-3.669610879989971,-0.07538372495702128,177.96,0
69,-0.8281401376128967,1.2664937426758385,-2.567585117933758,0.24377886754002454,0.007153256097487521,3.8551266917191946,-2.4900862018414243,0.0016558556219512324,-2.0435383538962357,0.678414324040031,0.3523692994163711,1.3303642095774493,-1.4198253134575696,-0.18669223948369928,-0.5305803556472093,-0.05434084103664975,3.2137798703675853,-0.2645574785489482,-0.5039389085489561,0.41708049800864466,-4.680784888280619,0.3520248287892806,-0.051375883135683954,-1.7918800046524561,0.6416252324412085,-0.6915614026937736,2.6161946504474725,-7.323092253164367,0.6447546148629055,52.04,0
70,-0.1642137840414943,2.661946630872326,-1.5446211686074136,1.7181321952269677,0.42776894435061114,5.543700565355748,0.18328045619023003,-1.4006698548865477,0.11169413010667499,1.685324254162474,-0.5031943534815753,0.21628167853948765,2.8740826980099135,-1.5879217632999825,-1.0979263630670464,0.26070616197127533,2.8414604189689867,-2.381304026726482,-3.6189572400283714,0.2661778652041803,-1.605089191023576,-0.4851100193040616,0.8485318171558055,-6.366404671609479,-0.27867890283955715,-1.8885234127154062,3.679267756820762,-7.025621556779239,2.29033241191193,78.08,0
71,-0.4948806581793196,3.358983058505228,-1.6647890014327629,1.4924081443369261,-0.8373820843495747,5.799993434031928,1.3001315034186942,0.9675229949091757,1.2913307290649598,1.8669980753375182,-1.432518519670336,0.948453763943405,1.3427953154217054,-4.194258947395243,-1.2314995772215995,1.0826249210022105,3.068444257147018,-4.039227601553834,-4.981774672142652,-0.28329295941771204,-2.6911612266967375,-0.30266104367554975,1.5395210054734065,-9.218563376209822,-0.3522173188974568,-1.2843694083091741,5.35601460708323,-11.261566585485715,3.773841610238064,60.99,0
72,1.0869156177890007,1.5348591288928115,-0.9766776953073547,5.720263644274351,0.6708721945019316,3.819121338432599,1.9510299801895772,-1.5331745953623346,0.4280587476511656,4.717344589431927,-2.075081727483532,5.645062749832813,-1.7998395353884376,0.882477501919975,0.11233794873237668,2.391873389457284,0.3650265146759585,-3.5742498300494554,-2.2554508858904176,-0.4861364668488323,-1.4135600323736561,-1.7415696502511249,-1.8607674546750785,-1.8950516891012745,-1.930833600724083,-0.9311578501566012,3.519507979571863,-4.634776629037996,2.0175782438301137,35.33,0
73,-0.9591879620959133,-2.122390931113974,-0.5664636491821228,1.1698922767404891,-1.334509072112128,8.178139585283535,1.1325717056948676,0.869104188207008,-1.265959823800332,1.47306277900082,2.0185481211715435,0.585569949058152,-1.601592514524967,-2.424420015595079,-0.05842975344279702,-0.4579530002033566,1.014450396932919,-1.4465163197840716,1.7898929807517732,-1.4148194574759854,2.4530380423626488,0.5843525582753623,2.7909267825636697,-1.198116415356093,-0.09327458381690193,-0.3918830296209511,-0.8500617147423881,-1.1390507518245456,3.6282733292419027,134.66,0
74,1.125679932123462,0.978424585743389,-0.7334251668172389,1.909852630490279,-0.3548507313518155,0.36435784499329454,0.926048912315908,-0.7387152655423863,0.5435243325500279,2.579692909074396,-1.044025521891392,1.3520141484449875,-0.011006321628407697,-1.9973298929980792,0.6816606513974395,2.3803877461644896,1.642348632015336,-2.5088193672591186,-4.163170420099548,-0.770226983110142,-1.6414908421122627,-0.5401390394636103,-1.2734825511761032,-6.415359170755266,-0.9589140900059879,0.24310305832841442,1.9744420561390195,-7.601244437017812,0.29716086614756687,92.09,0
75,0.9200009845150428,-0.5694404958208104,-1.2082514507975155,0.8491114973020323,-0.5765909254858096,3.0635850112884317,1.4664526624755259,2.4637756983299304,-1.323795444596859,0.6992825313799721,2.0656074820251185,-0.8002266143151514,1.1366058865331667,-3.732097856118142,1.7057177613781362,0.9230969470625273,0.5393334299736229,-1.721861132506433,0.6046417214984161,-0.5874424434240215,0.9122124405213214,-0.5706011384883154,-2.3708956548954294,-3.528103863771635,1.6716116926603666,0.3676555467887745,-2.7920439017911356,0.17901679924275948,1.7089502643890842,157.86,0
76,-0.7005468158325016,4.56220761385077,-0.2786547303915934,-2.0692316066207725,0.06364199271316777,1.5771042543074751,3.778188010065414,-1.2230575838913904,1.1318740238960365,2.132721318010114,-0.9761652296006821,-3.311718129710555,-0.36797163948588146,-0.8969533594804486,0.27234068013162743,-1.1846635367776042,-0.999919192394192,-2.0472014409695154,2.517447264197295,-0.973599064367939,2.957728934519388,-1.6982998317104556,-0.23209449228651183,3.282879320794512,-0.34078827620402746,-0.8720687744674757,-3.855842857100134,6.631849486349548,0.5962902387853735,23.73,0
77,-2.3669689575063617,-0.7121796580350347,0.15068422885191396,-1.125252647049603,0.4720966910550961,0.5437633392738258,-1.2093901648778702,-0.4030922897540097,2.2584607961546443,0.0045439649403048454,1.9047290282494234,-2.8907420132714425,-0.7690501075867064,-2.68837573527724,1.2284664904235425,-1.4738408968097159,2.5470743889129817,-0.732124199877801,-2.204869414940844,-0.432976265242216,-0.9091717671862135,0.0876251551699639,-1.2777644011033544,-6.425703384797269,0.1392233984636159,0.07619242144872226,-0.7424441025231784,-5.89641848879263,-1.1682434655532283,94.02,0
78,1.4265361544066402,2.713402811962838,0.29682710854588035,0.7318936029926152,1.4159106404926767,4.416350663622619,1.904321886260842,0.5746929937075994,0.39254781523740595,2.7674839678500374,1.0171926153517044,-0.8655803214776238,-0.21328841338594717,-1.8766416545880626,0.23858418793060485,1.0428654095596086,2.712969323016115,-0.4131673189223124,-2.7499682801024505,0.852408877798197,-1.8931075642989692,-0.6709143776847711,-0.7102511621864246,-8.33992828577401,1.0010648425707633,-1.2524111844855446,2.5153864389033136,-8.364375365284339,-0.10719197181017137,150.07,0
79,0.40650434599374996,-2.7819041937798232,0.4014086259845622,-2.227833550099515,0.5481655589512324,-4.719766686986658,-0.9866139999151861,1.9555414172892074,1.590464272289736,-0.5618695747689074,1.0044563494210963,-0.480635482364028,0.2819780015644652,-1.6803328210042003,-0.17597405461662044,2.0478265796557436,-2.4496891248402246,-1.603245805999578,-0.1365104372058218,0.5131552762184968,-1.2626951807467606,1.5220032492355542,-0.7222592142775199,1.5696092905303376,-1.2317197026688134,-0.2904631756612649,-1.0206497169750715,-3.8252709879282834,-0.7144003928897459,37.88,0
80,-0.8861126513476503,-1.301956204112853,0.7512777051426102,3.9508706071873356,1.0533102796418705,0.2836447989620783,0.681439960858467,-0.5954243852430158,0.18213487101117645,0.8117699328564721,-0.02197885987948589,2.0791086668825054,0.29493473511013596,0.5705766954412314,1.3597718933283136,-0.04470875675958535,-0.02359706923367566,0.585764882882495,-2.804276327796153,-0.3398211683082972,2.0930497733645477,0.13886398920054824,-0.9660420104210059,-2.30482497034609,2.130104266320959,-1.6196898655166265,-1.184571644290087,3.240864772349264,1.6592487021922548,129.81,0
81,0.07778434197711431,0.8799539102062001,0.6160443970128167,-4.282083768430811,-0.8389855627296565,-3.6257353261384706,2.0732851074912064,-0.8498759251174026,0.5529941576713682,-0.5132188899908608,0.21640149941887676,-3.3947792865618007,-0.7037967199860439,2.5790442780367613,-0.27095067337694356,1.1617832013557894,-1.4739025205565808,-2.872009438692538,4.089039363295142,0.6505364889776019,-0.3364247331846716,0.5646507215035573,-2.7390805657922055,7.970667762891874,-0.2623525541600184,1.10227652658535,-1.157514773630815,-0.4901465096792059,-0.33043672039576644,4.43,0
82,0.24176688988430992,1.639907871081559,-1.6051704424415325,-0.4811289514421536,-0.5481628789401488,-0.2596579231327856,-1.4801183547532872,0.1613870496345091,-0.507345195984036,1.1815803655823125,-4.68944429210573,3.2354172299745363,-0.9119399468116645,-0.8503344215069065,1.5622442106382912,-0.1575619555537773,-1.5862449635101212,-2.994511183026428,1.8252896387392434,-0.9408535295821812,-0.2252308428764861,-0.2541258231901035,4.024325373201848,6.43117938904658,-0.6673096054709586,0.2733196445119271,0.7889621376082766,2.6882597490120075,0.189986903554632,31.43,0
83,-1.2015353947392868,2.718579112391137,0.3226706307420114,3.4018948018104487,0.5661773907701725,4.405242228976433,-0.35852049662459984,-0.35420976166544893,-0.9971435467856863,2.0175182049568985,-3.8717068990794696,3.0198342194057717,1.1055931452894843,-0.4418302657592352,-0.06480925356113022,0.2051848907361836,0.08176105635395514,-4.7501271606231255,-2.9370943127435902,-0.2966687366744715,0.5013596594130026,-0.08318066010440868,2.8528079091292735,-0.8661605259017717,0.9668834167557434,-1.336722084146622,4.400935728906527,-1.2243940436547116,2.8020870961509465,29.19,0
84,0.49325417619303186,1.8110771090664275,0.14782209030324492,-3.093257047507852,0.5270711986781154,-0.22455960954577955,-3.0367161308953503,-1.9841280667576089,0.24972548705359698,-1.0773625259577755,-0.5070830657012851,-3.0606299638078416,-2.531430045778005,-2.0498635807893466,-0.045642853333795405,0.02084148213777202,1.6734105524597882,-0.19329600052403983,0.3458000563461924,0.7069754644705992,-1.0864852592272856,0.5273300794806717,1.158798639950252,-0.6984935942706262,-0.6375798578775357,-0.028901523497860945,-1.286995119984173,0.23016407288684285,-2.232184551134163,68.5,0
85,-0.31670793232591443,-1.7390630810871683,0.8818182802006649,0.14407713107179387,-1.0992485575665147,-0.12272624841025184,-1.3635852818222027,0.17492346744196388,0.04380455660721462,-0.40556670843787235,-0.6712297876224393,2.6174807630266566,0.026428906200492753,-0.8529609222043628,1.2572349606742776,1.7428664700517604,0.7040841536947174,1.7971998681155323,-0.46632209876919056,-1.2275242426383912,-0.8810929956264776,-1.136890692399149,2.8424053960463085,0.7123389548302611,0.7254915722630145,-1.6598678502577902,-0.47759900265027067,-0.6422252716618347,1.4334037241563158,133.44,0
86,-0.5324653940071872,-1.44482689723936,0.3374010703246616,-0.09234721641805799,-1.9379733144883526,7.430002954558201,0.9955204275256897,-0.9371405236810427,-2.3393673198131673,1.4169871920186203,1.4209377220705786,-0.5000692847241973,-1.7717547790318953,-0.8668511397038441,1.32712855550037,-0.07675901276272937,2.2381450087420953,-0.5262253814738008,1.7974908622512693,-2.5711368531054113,2.3246495792928217,0.06368995542688848,3.6320451831820195,-0.6815554359122306,-0.5590945721049398,0.9451547356668297,-0.30795570943272776,-2.162297436428009,2.4311791478979914,18.67,0
87,0.7836819490363669,1.8604787680532557,0.0487973783806294,0.7763747243241218,-0.43606931804636434,1.671381044880064,2.4866003190926307,0.12729788372593367,-1.218380602740825,3.490356312602367,-1.1534012690587545,2.948382713026517,0.9048221191193951,-1.0877246631946396,0.3593860773205031,-0.4775298529987034,-0.42682833868157805,0.2869081585727117,1.319579922899667,-0.4802582875241659,-0.4451342943378035,-0.5139359009630535,0.6164375616751768,2.396082332305494,0.22039570712596557,0.0075386304576006745,-2.5198518187575583,1.7467406086324455,1.5871395506692558,76.5,0
88,1.0031370033055655,1.6319907382183434,-0.5916436402635217,3.282775026624539,-1.3456279183281468,3.7611272113591747,0.25393381585895203,1.6834148447426684,-1.3126082671526902,1.3006941543217039,-2.6290216591339295,2.999724072204008,-0.007237313449535615,-1.0249835635382767,-0.076993664138338,1.264915894972302,-1.9873554457323226,-2.143102076621882,-2.3365393112341497,-0.32224115383572083,2.3377301510325745,-0.9959971069613903,3.934308568912102,0.6100145698100101,0.9515520780790863,0.2317927626259248,1.4543526915630434,4.563481630281198,3.772735914810449,132.69,0
89,0.17270441657695362,0.6683872930168522,-0.38856924675227067,1.574986530072238,-0.8595408213421135,-0.5132957619906704,-1.8304600628629573,0.7134290260171423,-1.8766903313378756,1.3070805900046851,-1.5024324907780278,2.5415431609659334,-0.017384109542655443,0.016919171285166512,1.7216926121351421,-0.2740459888857355,0.6996486148435707,-1.9395488662646163,-0.7989227977334297,-0.24192112713228958,-2.6377211569264687,0.7876293589549547,-1.6785852617863386,0.581065659682753,-1.096951797154631,1.2445489907630587,0.7221679344250814,-2.3195000689180705,-0.39858603765481304,128.58,0
90,0.6436389519072028,-2.52194721315212,-0.7905285690539755,-1.306957917004997,0.251945618362699,1.3436398200416082,0.7777135089166306,-0.5974550708112273,-0.689766224808138,1.405052312864676,1.9837673179570872,-1.602099692607257,0.3230954213178931,0.2795574618237836,1.4727227413757202,0.5475302274932272,-0.590374876709618,-1.3523588370381567,0.7089283017627281,-0.4405352624849119,1.4367666770503422,0.7711758053341299,1.1648570303124024,0.4635541284743602,-0.1382726665143016,-0.39159851861226264,-0.06805414864706938,-4.514727880776276,-0.24065192784935097,154.85,0
91,-0.19018979839933114,0.4907812811127351,0.22121233378936508,-2.454466873122317,0.7038261535397329,-5.189805747372002,3.6229374389503852,-0.9488588071031127,0.723399637957637,0.550669172775412,0.6524599972762573,-2.379506920862534,-0.7500748765895321,-1.8073461528651535,-1.9721117452397177,0.11647877503091722,-3.8830958942250233,-1.9387237954990746,1.6387204200928056,0.38160842039535703,0.769584399491133,-0.4685157153855137,-3.373333735121062,0.5871274773158344,0.9892740452342162,0.9537112554095722,-1.5931790205934557,0.1758913885590376,-2.284518372169714,63.18,0
92,-0.9325593884467054,-1.7986684892186764,-0.3723183535704842,1.1493562073798218,-0.4286022369487101,-1.5325899823936122,-0.623908280023994,-0.7274657062336721,-0.394090478980577,-0.4032429632883082,0.24272885886934337,3.2231192460611457,1.5654546599591121,0.3501571389745136,1.1600484289064086,0.4453967721142857,0.7419565001859043,2.160755749604028,0.9048478045423899,0.5488785155203335,-2.0922977644459477,-1.2204142108110847,-1.5203366211682003,1.50161382278104,1.0687049801346178,1.8588026355805152,-1.4309459736672534,0.26196175715179965,0.7062313574663837,24.2,0
93,-0.9367686006728946,0.6395526520068998,0.206708916010856,-2.212092892817077,-0.33413323884336144,4.77505320926805,2.736059319806454,0.31509094321570386,-0.6800656312549874,-0.8609641793954795,2.359695130534501,-5.43584940588113,-0.28466455043527067,0.7068282677151917,1.332645518695934,0.6262055616322454,0.4017222620713673,-2.4281465599288605,3.519637595796232,0.6769012376943577,3.3939184801070437,1.237710696149668,-0.49669999403351517,0.4324301944944486,0.15256924874093414,1.6980096848862534,0.5529660103675079,0.3988954550175933,0.5914035765137127,65.43,0
94,-1.659735361381571,-3.137346202240103,-1.0835461924485188,-2.3428082734796156,-1.8453943252229041,5.0238284882382995,2.3106455439571856,0.7189138372033486,-1.019426733775593,-4.955080866593865,2.084388860792798,-4.3204939982704955,-1.6641829545710272,-0.7057876997386834,-0.772517475684394,1.9743731550892953,3.149280976044951,2.30540396576106,-0.2739536317002108,1.0261622148441978,4.459380925619666,-1.1800239140985067,6.046744627703885,-6.597685719133022,0.8209820924169108,-1.2562860414069255,4.320327646165732,-3.997236491942376,3.117637718791247,127.48,0
95,-2.3164448569274905,0.5599353616207998,-1.4366517921792459,1.495727836447129,0.7239970324019037,-2.826819145962378,-0.7626256861237442,-0.4042782442120789,-1.1532601726752587,0.46711673146895444,-2.0407675313400344,1.6533299695762276,0.5510601242159328,-1.645944661299217,1.192606204977316,-1.1963398992102119,0.16782994975495358,-0.9276545451839241,-3.347408915762887,-1.2055823510237553,-0.6631893495230008,-0.8167379318649001,-0.653041204897748,-2.5527550903009453,-0.2863014028941872,0.6228614849614956,-0.45254214571250595,-0.012689005928731963,0.05591849630195067,98.65,0
96,0.5188345452809907,-4.669809328171208,-1.6029239131909896,-1.1673630776289843,0.548978464203705,-2.6504446618620916,1.600583851262234,-0.7522096843169965,-1.182520022227632,-1.5106000707903324,2.7513755059598233,0.04672838850116059,-0.30320108632854215,-1.9555406400319875,-0.11970573304069894,0.1479956095400277,-2.8700652993496667,0.6986940991624037,0.2038867877521281,-0.14134320547470453,-0.08851915137894573,-0.24540239258725827,0.1793484390732834,-3.492111580495153,0.956417206592696,0.07715802563167032,2.6180944953153134,-6.773519101561444,-0.9665233861793493,83.72,0
97,0.575834160204483,1.690423729555294,1.190401988425349,-1.074547239879346,0.6762481772346155,3.702588493299911,-1.5838268629304655,1.098382329397317,0.2795391689428111,-1.2302503286771662,-0.3393204000304383,1.193951391572992,-1.2824507396686233,-1.1065113720923205,0.09620609990043659,-0.05632389649333018,-1.631261480632563,2.6654361605657106,1.146172173623477,-1.1045766287676533,-0.24192888196308526,-0.520215025894754,5.829253027939329,4.280808269239758,-0.033789695580160206,-0.9306495645577362,-0.5923835349956326,5.877835283603562,3.451405943478343,44.67,0
98,0.17103949263714724,4.648797887705239,1.8129072206587489,5.011501193060128,-1.4473960920589406,12.416718180249395,-3.131727169400096,-0.5687057065970534,-1.2158439828253684,1.6631911970209496,-2.092725644776596,2.700927323584221,-0.9396095170978495,1.5263292157076385,-1.348427512780981,1.5473109830876783,4.177461117543735,-0.2442724537205354,-0.2983451693884275,-0.23653325209612397,0.7268261660425329,0.9662787392346717,3.5091595584031468,0.7581350818466321,-0.5420835550478789,0.13367883823762333,0.955272715988939,7.2808134039208205,4.051706686772183,122.97,0
99,0.05917346556049609,-2.2401291279823745,-0.37920952992655815,1.104076801568288,0.6711713590516084,-1.0948900225540077,1.8258087246961745,1.3824186300071535,-1.674569625673907,1.4743515587686185,-0.3816171696965194,6.669365154717137,-0.16783543238043075,1.497300823452632,-0.5104985587635958,1.3542881995844298,0.7045567979558272,3.577816671964691,4.864601231454521,-0.857894757342974,-3.8234546023252447,0.46371387927544694,-1.4085901633565783,3.8501177681927548,-1.0511317357761678,1.3742909135733763,0.4388284411279303,-3.183741800728674,-0.7962932468065554,33.66,0
100,0.28114325269156065,0.48719079737684123,-0.9679183200240504,3.531508886976365,-0.10465606477910164,3.860439564273304,0.9131762959453859,-0.5291126672745058,0.6186085476102836,2.9156129254979724,-1.6915434126150983,3.308183476374117,-1.6123576309253735,-3.3386447308608074,-1.6436341422199503,-0.02404782509982628,2.712267433535893,-3.5508322906938097,-3.1760523213361,-0.1465182790115405,-0.7211330987262118,-0.21771304121749013,-0.2716953105667758,-5.757876134396891,-0.6824687690171107,-0.9895804037291447,0.9321183001269451,-5.437708421812465,2.883536985932473,29.62,0
101,-1.5234705093035474,4.033318600451128,1.6076173868244463,-1.5319797333712328,-0.8993732013418966,6.330887713750051,-1.471193427815125,1.3700263763762275,1.6766353406369636,-0.38938505118462763,0.5703544731273299,-3.6538864188348312,0.4163962587438965,-2.1465424372527484,-0.9218586799275783,0.9383913340595865,2.3889625824241163,-0.30874292291542704,-1.4235053404239992,1.2604293992232585,-0.6508849301259664,-0.4538835988490723,2.878748436720555,-4.967826434214853,0.6102442577895195,0.4249025317863849,2.1677879787829553,-2.120756241078712,0.4950725718977542,230.91,0
102,0.7135661515790268,-1.9417880894388522,0.8331303283983444,-0.04221350959009651,1.3058610861868123,-1.42966786891835,-1.2552959089307032,1.6484126076944867,-0.4206193424560216,2.2878179290757994,-1.503058789405203,1.9340760158450436,-0.33779626305732835,-1.9472479187518794,-0.219107162333627,0.06816710038658609,0.7441221315902478,-5.596908570199191,-2.3737222934059377,0.14091087838694719,-2.4804542435340378,0.7554617138709632,-0.06594540826826173,-1.0203085151843108,0.9741184682336981,0.4233233815151238,1.9688969809783843,-11.14424977241111,0.42774356525949325,32.25,0
103,-0.9962990145453348,1.902002241091611,1.509994324431931,-2.1888099589882524,-0.8937452821176533,-0.8904000943049128,1.6965061162628987,-0.45969814247392055,-0.13722517655853597,2.703944034588536,-0.1430863012739726,-2.4267793800697697,0.26298612410471556,3.02167674909476,0.2894549488591364,0.9329016611095905,0.3058552620769116,-0.9778988944796143,-0.09239958110489821,0.585168744209188,0.615555724421897,-0.2402568398344221,-0.048177628670863636,5.054641365778368,-1.1586550973229164,0.26483599651798184,-2.769061577809404,-0.32544922319603375,0.7481549651318703,163.5,0
104,-0.0995882212079298,-0.4263349206989266,-1.9912469800306216,-1.4011825290655262,-0.032441228879330264,-2.6254871588974473,2.8668272542795092,0.22622954761551647,1.0094088240335006,1.8760332982943422,0.076013556952515,-0.9646056886650467,1.1237606303192145,-0.025321780359590984,0.3906312204512712,-0.0959206760738782,-2.167552784866576,-1.7364844057818574,-0.1340635568471754,-1.5220042980059736,1.333152371654278,1.5939525925054445,-0.25216028952100916,1.8078475776251433,0.9421013164195751,-0.2527310933573347,-1.3191237783535432,-1.6486497127057191,0.1590803311926443,37.03,0
105,-1.7259184481696488,0.749490246952894,0.23092676403965554,-0.5956739729234661,0.7201634327682686,4.093649260974787,-0.3812346084581436,-0.13013906688012547,-0.2619718548563233,2.0304109699984627,2.772517014224302,-2.667109025956678,0.1606218250814536,0.740779573984074,1.7007747875409267,-1.2347947512185196,0.3983118109416116,-1.6149463841476623,1.1800376651001538,0.572490880452137,0.29376483490868743,-0.4110558072784743,-1.5293141035659608,2.4389493240237874,0.2290329605981383,-1.8086805686085732,-3.1511002463774247,0.4189130260848033,1.1712305815646717,50.35,0
106,1.0400267198626876,1.7884578169578622,-1.694039281225405,0.6445613089023581,-0.40446228792410366,3.8961499801255157,-1.0741328862327193,-1.1315053013521625,-0.006400752603138034,-0.49440251567885796,-0.20530164523593086,0.13699755447160225,-0.8467193279265061,1.1596015642721365,-0.5012379575000783,0.20188719429148277,0.5892884617161993,1.5014157140682318,-0.1697943901615233,0.19380900833111825,0.313018097305486,0.015784773360650053,2.6457243046770706,1.1962106986924217,-1.312912976758239,0.39412651043414787,0.7376060073917201,3.416029495910614,1.863500595276389,39.0,0
107,0.20540077260191011,2.081813533298175,-1.1104791217562398,-0.8099925157060143,-1.658113254578297,0.23029598890937972,1.1645424423869652,-0.18015896664656378,0.7406840039235968,1.1533796365716298,1.0124294521683104,-0.2759375027162839,0.5516477064252365,1.384317111001586,0.34237508962750735,-0.8529070671409017,-1.776569240654203,0.8062618580618172,0.20478644802759494,0.9910713165974248,-0.849534410196998,-0.40156696358559274,-0.31938815625694883,5.316369991147372,-0.5145535836545869,0.7927651436443759,-2.959311605288153,3.300315851826164,3.1923883358675873,34.32,0
108,1.1151302518328152,-0.12804106891245992,-1.4127885777912768,0.09119799408020868,-3.3348927106258297,0.2800344450871262,-1.548446796542219,0.5520083103157789,0.01538756450126866,1.2045474401252712,-1.0039538783131454,2.342749680768581,0.40030609315481963,0.7537669087836355,-2.078519748890523,-0.3098522246904981,0.11556854003244887,-2.0036263903439906,1.1987996269207897,-0.2888924143340474,-2.91544539352705,0.569301667889382,-0.20273806199437958,2.7733548508356853,-0.6463575371493634,1.4094494831021676,2.1813593362544528,-4.745044859836672,-0.6596293282860711,175.84,0
109,0.7939351209105097,2.7704604592204056,0.08669457148553406,4.691632074783961,-0.675039011419468,10.139529498193651,-0.8247097382758402,0.6518415719803556,1.117520548774607,1.4100674976067813,-0.7217510721546666,2.7109366815059732,0.7429954109391514,1.1607244612404952,1.1201294063310439,0.19267992984947224,3.4446482124754785,1.1538061943750026,0.07275694663329235,1.5291010066732473,1.0785178365452914,0.4629127794931132,2.0663180507324865,-0.8041963541037043,1.1974945165643633,0.21359657456431608,0.3807892905008643,5.719270671071558,3.6740230902251625,132.28,0
110,0.5164059483911488,0.14553121904472055,1.1900045731143436,-1.5475384926195628,-1.782875016271333,0.1735967345892893,-0.6872334364347478,0.9779082692731105,0.04358766394178335,3.6642141159627,0.4929021503373289,-0.032575972913727935,1.591308811184674,3.0334643493064597,0.5195304325159551,-0.26434941886376495,-3.038496896189413,-1.19376754791422,0.5290887281722764,-0.1072939434338799,0.04955055141394438,-0.6062040770452595,2.5119826674637165,8.785856478914955,0.07239959942445533,-0.08540175106826788,-2.175381954934409,0.03377315387918346,0.833399460365569,127.13,0
111,-0.10548536715777655,-0.5880637925735616,1.744311252423273,5.559550499406021,0.6389230223745517,3.4461450724873792,-0.3371376995018641,-0.8110052394638876,-0.39981733107460027,2.5841901991681593,-1.7528273987713443,4.002353587905786,-0.02642552136706281,-0.4839308156304865,-1.5608777064808073,0.6613399641422925,2.382899609059687,-4.948500081353807,-5.865616551932904,-0.25688998392488877,-0.6837684057111547,0.7443146423626893,-0.8409267535247515,-5.053588585657151,0.2174206424362958,0.5099312413567952,3.1579964742786655,-7.000080910974186,4.25030589347325,103.53,0
112,0.5748264844618621,3.005899574630256,0.159036264731735,1.0421566758794358,0.9846766948245461,5.152429783181525,0.7908407172423942,-0.47995676908502455,-0.6304985142467532,1.9511531819042944,-2.7178843675408797,4.11487920107943,-0.841734068994101,-1.3448846993070747,-0.9772688616230066,-0.1020382008184647,0.11230756812396314,-0.024575017736855442,0.7865469221374669,-0.44279093792784774,-1.7302698381701487,-0.8601587792614019,4.621578101545658,0.25874653923910657,1.3255225693540593,0.4902574444285194,3.865449851117323,-1.885973189481978,1.7939152300460512,3.7,0
113,0.4047475053155036,1.9306228104652399,1.1939822731788443,-2.344714090303079,-0.8626663578885319,4.482030282479148,1.17889414721107,0.3058602707520377,0.15571731953044088,0.7063370432364441,1.694596985452959,-3.0563253519656763,1.430624396998394,-2.1866448701591574,0.9843624695820279,-1.3294935721929189,1.1649008328859272,0.6423115866116401,0.08284217657199533,-0.23654657964093476,-0.04903686143090946,-1.9920650648213725,2.420675613493984,-3.7914751553205726,0.10984309313381067,-0.827892867365809,0.631132218759948,-3.6467817619753333,0.3311607864842352,98.53,0
114,-1.1834918823758225,0.44478987083294175,-1.7719597042340383,0.8088517175368425,1.1045545249911912,1.1413711914613152,1.7329901659477596,0.16810146126159542,-2.1595666776426587,0.9783519468089898,-0.5770902045798886,1.7680163180318678,-0.5256603172438536,-3.8340285328340853,0.08507008538739401,0.15797937270525989,-0.3873038156273175,0.08500826822004492,-0.47159197328679536,0.2790973372215437,0.7993498988230652,-0.7229475172350517,1.059630025677407,-1.3733128137193231,0.49467151944802507,0.2706448862599635,-2.9412587593679866,2.7988479460043574,2.81734798492334,83.66,0
115,0.17289168478769248,-0.5332614844041738,1.376522659738668,1.0085341543156552,-1.1781278953500545,-3.8113916578294074,-0.6829465544599282,-2.2301302529146136,-0.5895171324965108,0.27285695168505086,-2.14795553570171,2.123368748773707,0.201066990031392,0.8356335674757799,-0.7654812204420857,-0.043545672078880604,-0.9752150953500204,-0.7473480048025626,-0.5316548213032561,-0.9653961591817005,0.013690344155376177,-0.2638282304006328,-0.6957931454729758,2.619757235293481,-0.8843802153622045,1.89557477322856,-0.6852770609330475,2.2310693380194664,-0.7029813692257704,11.46,0
116,-0.20378756941675114,-1.1467896149294436,0.6918418040088565,0.7033292851008749,1.5686819188413577,3.3295147722330043,3.0380420814483893,0.04883112480840971,0.6273726701874223,2.5737004719948593,0.8517341679178358,-1.4020905695252448,-0.4873399260391653,-2.117622618215336,0.15278236710023552,1.6019007847698716,2.1910834619809894,-5.1078389701713895,2.5253811952743184,-0.0013300780263234102,2.173295787548021,-0.9334212667102668,-3.7727224259381718,-2.9951656731395677,0.6069137102870481,-0.5045605322361106,-1.3542582371596312,-3.9259703564862325,-0.6215736344790331,102.92,0
117,-1.3212337376636916,1.3273258598767235,-0.06711638753511132,-3.636560405861615,0.7899077468538932,-2.45875795239251,-1.2735942239532432,0.6234171586011584,0.5662707080586883,-0.1458576012359979,-1.286289494691022,-1.9687667462560317,-0.8326072197388483,-4.133773213785966,-0.5144258182617432,-1.0421748070984445,-0.5160571346332704,-1.0175690521804073,0.2552788128043747,0.8816964269577422,-0.7594046252224728,1.939463549570124,1.9108696407274413,-0.885609514365249,-0.30044280882755153,0.9865140038042008,-1.4426698953593586,-0.8625658806998769,-2.3783227844415364,77.62,0
118,-0.46524542916908107,-3.5534380310927953,-0.438408888036707,-1.3176344667441864,1.5102866512731454,-4.524532342630199,-0.44305163760250776,-0.621159243445229,0.3473634035161247,0.9463479306681171,1.7985269549288958,-0.4153995952144844,-0.05248268231071405,-2.176300382180095,2.6478842135570875,0.4539358884037746,0.3381594922563026,-1.4191718729159417,-2.561841741601991,0.6362358284303241,-2.3831918425894885,-1.9158690263084484,-2.407659383029979,-3.874262262485422,-0.2462901426088,-0.5613567375239471,-0.790260763733445,-10.190577640425163,-1.3363853251533375,267.21,0
119,-1.1390566661397103,-0.7387592305024052,2.412376653923846,2.1873588413473866,-0.5139962783283388,-2.9753828361641137,-0.6756425772221921,0.11416908348812836,-0.5378283698650225,-0.30412736615504554,-3.1507227274156473,5.4455639527692075,-0.8845889468094964,0.1505680471613523,0.4992584855816643,-0.5218834137050445,-1.51053587036423,1.1376594499436705,0.7144442842797579,-0.11621726325138722,-0.47723624354554833,-1.2233070477865036,0.9736182722120125,4.044218334282322,-0.27813433828981726,-0.1952945797961987,-0.48788115507941654,5.2518305667631235,0.6425248473489051,46.28,0
120,0.29584505522381627,-1.2464595726236123,1.3693533675777672,-0.006017494028382697,1.9116638854577725,9.478184068732462,0.013184241925459306,1.7076867171533705,-1.0088312824506263,1.2528669651764228,1.1196907667348939,0.9794891128832421,0.30843238092960135,-0.24378237741507025,-0.6680439078485115,0.7658138139203924,1.3199980753453802,2.2900418497435324,1.4296643443765862,1.1711297755098944,2.5326728792136692,-0.9013519426236237,8.276752693585715,0.8714741382290475,1.1994974507251512,-0.14837925849776917,0.6905647913844545,-0.11168754792338646,3.6214910727536025,47.82,0
121,0.5518475806425102,-2.5816675502656907,-1.053636614046387,-0.5271864539817477,-0.1545588198877396,-2.1864237371621114,2.0484518784862074,-0.9733574194340967,-0.875781275052755,1.0463525988587628,1.546762026801305,-0.2959684218199362,0.0655537251502785,-1.8816598418240331,-0.4024836828238803,0.4450972578421455,-0.8758211855755788,-4.009037248925217,2.219859499436581,-1.0228126440726963,-0.36152505067207963,1.0689184152380338,-4.923933229007003,0.44488193168869145,0.09206229554656235,0.579044897937837,-1.9524623342951668,-4.263935753688916,-0.3323355189945286,96.51,0
122,-0.503558125412706,-1.2499274732895604,-0.3052382722524012,-0.7856740897394673,-0.7159467393843773,6.90390110240245,1.1609505777041513,1.3263182168595784,0.3475987709747856,0.0607500325204583,1.5338131575290816,-2.389086618877171,-0.1801653737290823,-0.43160686286486133,-0.22633441639067606,0.11412607435910055,1.9441111838806169,0.6010902904268397,0.6373508696891441,-0.2020869064379293,3.634677211056297,-1.0070490476123422,5.064895247819123,-3.1320834033733025,0.9896045427573453,0.35181958987936196,1.571003176194397,-2.066006076975811,1.292398991417469,101.4,0
123,0.014816009930505383,2.5466344855987244,-0.3012191440531824,-0.1924563061981085,-1.013793740969723,6.815003707193697,-2.479612782571114,-1.7985004951846741,0.7031563164196175,-0.9485877944872364,-0.8254554624480487,-0.39966239005861426,-0.3389276313491429,-0.9094965344248506,-0.3677355832759664,0.3956975066080047,2.0282716696340564,1.134357848416438,0.7823127702347955,0.14155926689579443,0.6566802203700525,0.07018585242274462,4.969278126713361,0.8859327962058455,-0.7235051090620076,0.9354943958784453,0.004368704909267218,4.821025171095307,2.371575640853454,238.1,0
124,-1.0799322818968393,2.6444736292873667,-1.770774422591056,-0.20869975472697744,-0.1012596884565111,8.930402707987906,-3.4613134619066335,1.4221418115480882,-0.23652051540573635,0.5795086691620255,-0.12244874189630572,-0.553497939110121,1.008752071684044,-2.0640022830057565,0.5976610012779955,1.460903426144534,3.468508000845248,-0.7913236696689243,0.9046258857617783,-0.9555187684192374,-0.9398139810066946,-0.385715369038408,3.8436919083602823,-0.39427691769940293,-0.16126950059797882,-0.44648358559442713,-0.18589626771714063,0.5223592530147079,2.045686943542705,175.21,0
125,0.2922526095762693,-1.1583273363389441,-0.20167802751111075,-1.8008666520941632,-2.37322973285064,2.235695903412356,0.10028907075684379,-1.086882306594355,-0.22059852118080178,-0.10502049910688449,0.2141450690957346,-0.8944724479526346,-1.2944209715866946,0.5767642294252521,0.3562865483103014,-0.8908226680002443,0.059345093471036114,-1.2874152494785012,1.737704933287005,-1.0404850982458325,1.1927996843136413,-0.4464547271529116,3.0463627626144065,3.555096945010941,-0.47542568912416716,0.13684600798785523,0.28851571555807387,-1.4097489505295977,1.734000287053981,117.82,0
126,-0.2761320864811651,-1.5572782097494415,1.3449596661741487,1.7102304951958418,-0.9065077809327704,0.6593451047205532,-2.4848567514138686,-0.6004469655886746,1.2553231895309385,0.2487665537855871,-2.619181677520567,3.2304108040665653,-0.6133756284731867,-1.2499742539041319,-0.7334620911689643,-0.8899625565571414,2.7124581547469635,-1.6820909761242913,0.5551689557509495,0.9546668160293867,0.07756275906933763,0.37276722427640213,0.7596932707068625,1.6046831035547249,-0.7253400408147569,-1.088627720673625,-1.9745473760585766,1.712106521065728,0.9556946135180705,250.6,0
127,1.7631749293726693,-0.4294666410920231,0.27566807603618804,0.9240353282634831,1.1172299977339137,-3.9917659290896244,4.236550012443942,1.0364323557451673,0.2943330451365102,2.892655830620985,-0.016785947312961125,2.170580238483438,0.43397208034635437,-2.222771734863081,-0.1588323605819089,-0.25172434060751725,-0.6926984912841426,-2.0088291490868624,0.44591073026887174,0.2552379560389313,-1.3182933720180916,0.24877116004719282,-5.725454978105736,-0.8878258486700773,0.5686345835629499,0.477527911111184,-3.266577637811357,-2.777255320281167,0.24182822018502936,67.65,0
128,0.39546944004558404,-1.296393036507999,0.13505570478369083,1.8854030343772568,1.113599751186509,-1.2901634888619278,-0.7435820941103921,-0.226644623566309,0.7555049064655893,0.26890830026485957,-0.9453973626386576,4.1696079917082045,0.9393630640715723,0.7336817148782112,-1.1645467781101164,-0.48813628014212407,-1.5215853975181428,1.72627579218095,1.4373297073616809,0.343370349795475,-0.43420167204812393,-0.6308550387124194,0.22718319512921076,4.035066937002449,2.071255454154862,1.2124909440819793,-1.3507361441526498,4.533298247784074,0.34502332035532235,1.77,0
129,-0.5328515408601846,2.7079357181560337,1.0958734549768259,1.9098150696364313,0.8105949731485923,2.9404941050606253,-1.0519748175272192,0.9583327146851411,-0.5900259690908214,-0.008656840840563063,-2.760492202743648,-0.1733437097532444,0.3345576345378801,-4.119465299543918,0.8232949943553307,1.2609516854809275,0.9532797882893156,-0.03255778109381868,-3.5724484216791614,-0.20952838151705544,3.906719759996394,-1.2825566930052876,4.066949156699687,-3.7881186614090794,-0.5689048530894247,-1.133006565781397,-3.3286426984086,9.61369984628598,2.4452323802249802,36.19,0
130,0.27838569532088264,1.6893714318184645,1.538847290469344,0.6020844914008081,1.2409655987385322,7.0198593399087095,-3.164390649059475,0.21566278748606432,1.2931480750212714,-0.5367035713596285,1.2321275890864598,-0.5276166932022132,0.9112622830378235,0.691360039752125,0.26386602090294525,-0.3946797086605034,4.801755224738043,1.436331290535783,1.107375337868679,-0.5234524298344567,-2.165519679316718,0.43568311192450304,0.23469185057085581,-0.9561960499810955,0.31982306261406573,1.1123268243902629,0.016585228482527303,-0.21493231904096005,1.1609476481177952,28.22,0
131,-1.830152213116851,-2.9157639998901175,1.0884968575291116,-1.582948721672936,0.5252009660156798,0.8314067732381941,0.06890257831494151,1.074741250220838,0.22637520284006693,-0.051424463437733214,2.444669755998367,-0.2539051980637474,-1.6550003997268452,-0.6938229487801644,-1.9901167372489352,-0.8854203560949772,-1.5474055038511807,1.3824390593769116,0.4597026206834902,0.3677878890656031,0.239427893387691,-1.2670019761212727,2.8090416689460396,0.7698813061543861,-0.1565985659168632,-0.7263553019229068,-0.27226594855471487,-3.0503130844867496,1.1032512580529525,90.2,0
132,1.3627595622962556,3.945879038224762,1.7893744490951577,-0.8036227924987064,0.08037940020917021,6.041388026201428,-1.1383516703516257,-0.5230839966946594,0.08190541260407326,2.38607020411586,-1.962967879436912,-0.4984513862141281,-0.3989961442222967,-1.3803773930981138,-0.981609264444058,2.422555574595944,0.9896364366317204,-2.8863697663883743,-0.2078931621148843,0.3782589823179224,-0.6238086182542738,-0.7295610781475912,4.333005968722365,-0.345321283482937,1.3703165001393138,0.18911584971103457,2.818212998777348,-2.9369142509114874,0.26620735179228927,151.22,0
133,-0.20224524385042006,-2.6707238436247343,0.6344981507279047,-2.114596003098182,-0.7425320938031175,2.741048403840354,1.156778754717502,-1.210348650997107,-1.581701173724899,-2.6059527752820606,2.292082378703116,-4.042882769433821,-0.6989454082348998,-1.118199090174266,-0.05680739671545823,0.4973284303652215,2.430687665841594,-3.2079799836558918,3.277293975172966,-1.7049484227556417,1.7124675058448657,1.1494180762720203,-1.72886431936874,-2.1696461348750318,-0.5520174843218115,0.430442703809069,1.212497723920968,-4.672787967678618,0.33985217469080364,48.33,0
134,-1.8234927350495862,2.5504331093064554,-0.5851858525992847,-2.0188088074474195,1.856415517826335,2.6645091846956404,0.47492745677909876,0.558124013083395,-0.9947172740359198,-0.3349489399687936,0.23866900481748743,-1.2323648342049873,0.3922725266505483,-3.2904096205540543,-0.2849308186431779,1.100391824055466,1.759244990986105,1.6580431854164326,0.13697848740438434,0.6262442660633177,-1.578884904761618,0.761769726263774,1.9345499622348967,-3.8072774249053096,0.7603193157594238,-1.250428545040594,0.11909507721730139,-1.883709745588111,0.4486577197579692,101.5,0
135,-0.0483536552370048,-0.047352717912411246,1.6319910071126291,-2.129379863620958,-1.6455544528933372,-6.905310811439079,1.254769211995796,-1.1081871079384624,-0.5870569384810068,3.089611341657936,-1.0804391607798407,1.1698167159098343,-0.6904210353634581,4.269818524190269,-1.5904145367608216,0.059484939997162915,-1.5484126572043364,-2.334397232228157,1.7575636623211306,-2.941628471763763,-3.370077341441141,-1.2887418956196781,-3.8431683907571537,8.719732095008029,-1.3295209583181735,0.05588563769205454,-0.9774053865539161,-5.412135972828389,-1.870686781866084,46.87,0
136,-1.1234570071594123,-2.541359956830101,-0.12811209511746938,2.5609734122728995,1.4038047328403518,7.653715973587378,1.6653343229777042,-0.8220766949616712,1.93319422151764,2.4401539661918936,2.76716230308573,1.0353406379461787,-0.1342273839339406,-2.874464660219041,0.15984741958868665,-0.15700266845691765,1.8069866249795776,-0.36218152538602033,-0.6975977943636308,1.0956043372287483,2.08188452321596,-1.6169364373700783,1.5216381402325594,-5.419899314887666,-0.4917234642572493,-1.4435884494127649,-1.1405518850377923,-3.337649799956963,3.3024187267809424,112.62,0
137,-2.079697035146007,1.1396857953258173,-0.17348659071395278,1.1840067197959279,-0.38711727357980447,4.744586070169578,-1.6991063994004754,-2.344972269521205,0.9580352686288295,0.6688723096994423,-0.47346296841421975,3.2331806662243947,1.4471347984448446,0.6847680502174275,0.04712027181092377,-1.3993730461455012,1.460553091042685,1.8625800185693278,1.8705452357304373,0.6734588757272225,-2.4999024569858106,-0.5116938719117121,2.1057427471225245,1.7648051109831282,-0.3363100454506446,-1.529407723231631,1.6531993917002994,-0.1931050412142512,0.8261709058930329,175.58,0
138,-0.7223001879535923,1.053334281200613,-0.3093284927742968,2.653896041348569,1.2330391334509456,1.4928264719656716,1.5642676199440597,-0.03816958696642825,-1.97072128184557,2.180739197204223,-0.7844619653309579,1.8081059078498682,0.9016194489247448,-0.3958427673958468,0.22631595289847858,0.4963464110704922,-0.614080465307436,-2.014305819820175,-2.8412192110052867,-1.4216690480590324,-0.08375142861818974,0.768116952430694,-0.3805608425305381,-3.1760350499246357,-0.8140712224921829,-0.5786510541204551,2.4101186015033864,-3.110283678655387,1.2570514594975672,314.61,0
139,0.45773404256970673,-1.6706724233181136,0.21394864949088535,-0.8656431072807464,0.9171386615205124,5.021660707292481,0.6728081061825745,-1.4581577913576127,-0.58359063375618,-2.6561978514655467,1.1169458561205352,-1.7856949407382037,-0.5703405124339853,-5.321167971605366,-1.1356864918090044,0.6964829679167834,2.5965544196725805,-0.16606875088507922,2.323588281679491,1.5880993323604182,2.2585551687837513,-0.5882474013167657,1.9559859636767287,-6.851182093799831,1.231057903355565,-0.5425759109258408,0.6556081494937177,-0.802354690516634,0.3742806545319638,424.66,0
140,-0.6525529039526069,0.54789603541647,0.7867171047089636,-0.8247317640007304,-0.8851023587203858,-0.35181421182035444,-0.2382307044155717,0.45347640464406813,0.5315303630682593,2.7640045693698974,-1.1709221734933228,1.63918582038536,1.6728626370124957,-1.3709142580261824,0.5055193658997233,1.5537969464399615,-2.5184489700409305,-2.8746932968286076,2.2957148574950983,-0.20969915421321628,-0.38804164109760897,-1.6066257187128132,0.5792380241127117,6.252165476131399,-1.2305884401773557,-0.2198789647583243,-2.960939330993772,1.9315212628638545,0.3469333149247723,124.73,0
141,0.05237283972499601,-4.722262856803436,-0.8767522314712319,2.0777832615710308,-0.12111939812264694,-6.800642399830392,-0.6057174538704405,-0.9893782707397202,0.47787893609605137,0.3809668342261737,-3.2871393098988446,5.642467698445959,0.9188046467023571,0.833963641289294,0.7975103068781241,-0.21855833833841642,-1.2275921337167377,0.32981906078638923,-0.049863477379370136,-1.6965825400425936,1.373421180521464,0.03202534336821736,0.6702940567781112,4.748286331575268,-0.7376183625734388,1.1634949996973813,-2.54883983120909,3.3675318582200884,-0.3700259834897507,43.74,0
142,-0.24318094807710125,1.830491738948964,0.4683091756212118,4.613274951267635,1.4344253164448015,8.667246667723836,1.504931911215841,-0.9783929401273533,0.6445326873130469,1.5802923513175466,-1.4954376286737068,4.067465868096997,0.21795817563740372,-0.6571110280187666,1.6322452588988656,-0.29597150388619836,3.9029955766478905,-0.9337329024834109,-1.9110071358889615,-0.35738766466323224,-0.5531920704521509,-0.5562790648704103,1.8415851730361947,-4.978234569816599,-1.1373402006101545,0.6220649049902,4.034007219776953,-3.489370947905904,4.919368539174104,180.85,0
143,-0.12614154987731818,-0.09733001922504148,-1.1937118542442775,0.8019266472893736,0.12477857967741192,4.196315907046328,-0.7807873842320238,1.1892834534396428,0.5673056252922603,1.230735778085096,0.02743943065430865,1.6516400161299953,0.9957835101574903,-1.4503565909534935,1.688311811452882,-0.60596298394751,1.916521994841073,-0.9196216446979593,-1.3303117460814546,0.3798334550370854,-1.7160742035196337,1.333439166032965,2.1034730353833826,-2.5748765363030706,0.2578616172949595,0.32667092154216776,1.9972879757273616,-5.9815157996066946,2.024652283539092,107.13,0
144,-0.5805046772180082,-0.7881565597779633,0.6187026219071299,-2.372706471242231,-0.9054192511734379,3.9348854566438214,0.8776777236439848,0.061424893876613075,-1.4740483917429283,1.325708762051855,1.6860697618496867,-4.4635297149891855,1.113014443935635,2.0290895555303776,0.7673721612264757,0.8331713704209083,-0.45064231207023664,-2.6716404995244405,1.0903503431442836,2.120143134162845,3.7687564623262415,-0.8187423258615049,3.087731141511767,2.8937877703716146,-1.5206942733167177,-0.9175783854093308,0.13924550310991257,-1.816205163859717,0.6356666927939665,22.55,0
145,-0.3254625317424196,-1.1616631999022518,-0.9058287628170728,-2.633081232908135,0.11566101761041994,-1.6695572199659274,0.22132646022247426,0.8650344806320929,-1.0541990277827717,-1.2762892595146633,1.9107983356561067,-2.692544389646613,1.499287758475687,0.577911584129673,1.4804921526690804,0.6407463809986538,-0.8415197454900162,1.0819361246717527,-1.1875883224049053,-1.7732385782624127,0.4340266877057962,-0.21782581483173696,1.3810569624564433,1.6232018219924944,-0.7485632200938773,1.2465963142886531,-1.517221457668064,-0.9868607253592808,2.0170620466224154,25.16,0
146,0.5722367269445582,1.5081440219678526,-1.1422825087264428,-2.9262609734164298,1.1469793007809541,-6.760404672833707,1.7086917889807811,0.856743175843872,-0.26840762407496166,1.2613120247889902,-2.156403903115924,-1.898434930108799,1.8433871640718587,-2.1766305978062075,0.706902280626921,0.756540787187405,-3.8158380916354475,-3.8403311240560174,1.1121914713023804,-0.9276351508875105,1.0172574751544936,1.4307059976406318,-1.7992192009918706,3.159882992779293,0.5923173021274616,-0.4002884813290898,-2.547582250938752,2.126536084793497,-3.0887543039937313,1.55,0
147,0.3233938550656872,-0.28123698269892905,-1.0071747357076501,-1.9080892616771536,-0.07365202625775688,2.0816061319005064,-0.4631283651825936,-3.2955611799673084,-1.1271325836818435,-1.269463039658136,3.0580120730018963,-4.4477242170836195,-0.9491176282799884,1.874891270871168,-1.3545996610726423,-1.0403801508439108,0.32085465072491604,-2.96650390737213,2.4868608348855377,-0.6799359447584152,0.04800515516291315,1.1567619824643116,-3.2546351587922597,3.0206838232324773,-0.7081820628990119,0.050090148570797105,-0.3988329164052573,-1.3426224859347715,0.7350031993644551,58.11,0
148,0.10878490586079616,-2.327031662170409,-0.36714357104723133,0.9548287721779015,-0.8359397761665085,-0.6857563339751994,-2.052303769559222,-0.8614127291863422,-0.0015718073731942623,0.7726711645866692,-1.2510119431427438,2.4903958348351174,1.1229693715857356,-0.5398001735441171,-0.4167054835910575,-0.3897621361164312,1.3436301839091114,-2.1731166819280623,-0.5669557688387854,0.6559605521413735,-1.0721477084367397,0.6521678851156861,0.1533469699808701,0.7869346351867507,-1.6101697979934344,-1.0684374858458288,-0.08401416416730978,-3.6163379969296052,0.2683726219111846,202.92,0
149,-0.08213666355404634,2.034015018058244,1.0759341227007992,3.237881265827373,0.9895993295904707,3.3826594463822444,0.5489589631660455,1.4824440287546365,0.3654318428247091,3.987246053333485,-2.1931124764787855,4.757592606034884,0.14575863932765726,-0.27574366438616515,-0.12148710544041103,-0.8600024751223019,1.036864182450094,-1.7590375334508497,0.12799815243620205,0.5115555285220048,-2.204693550638322,0.9379896002913398,-0.5361754200817451,-0.3323373968279538,-0.5592257979552109,0.9867616174828228,1.6656874006498132,-2.7848464785018274,0.21515157449521205,93.85,0
150,-0.2986001595433956,1.0008893595555177,-2.4281180569523992,-2.059457348207857,-0.22167347212510063,5.058683001330305,2.0034597799152514,0.7921384263621614,-0.022411242903762993,-0.9371423509512481,1.4892923223259338,-4.249298701194662,-0.5266993329346015,-0.41525658684074446,-1.2851864298557496,0.9646312551920374,1.2561840268958755,-1.9397843385485793,3.0602862533773973,0.7131732421256012,2.9597988703123748,-0.15757260122303976,0.5676501028111512,1.4307212082837337,-0.2489131174329344,-1.221575490661523,-1.41563458943281,2.433080001756482,2.5018491408068897,55.96,0
151,-0.6713804436449524,1.0684093593807953,0.11352149647794171,4.038844514699598,-0.8166130298209866,4.703274432444912,1.2605572295427754,0.3904842938743351,-1.807262309565734,1.713805194750889,-1.5432056072578209,5.30572675358883,0.24107897640581327,1.3224207962272838,0.14411636277968193,0.7897321246320076,0.2570418350611823,2.129042068927004,1.8536131705393992,-1.6994295196075182,0.6067727761821277,1.0751207489817565,1.4843048907958274,2.608313321758745,1.2812696454013426,1.6700939005830893,-0.016634456613181747,5.99145973120753,2.4660739635505804,49.28,0
152,1.155994453672315,-4.846830173560607,-0.7930133267901562,-1.6547440569981622,0.8320430459296209,2.4835429790795582,0.6857419241138201,0.7176951701866363,0.6253262632955047,-1.2966308687996486,3.4500391747210326,-1.9670802020668805,1.0743378776770285,0.16430926168325988,1.281611111525853,-0.38459483841515774,-1.4888866217951167,1.103185377400966,-0.14462309211042557,-0.8711899537846677,2.2681075964187003,-0.08914798782034095,4.635347968702816,-2.989207628421416,0.3529365418446809,0.3976168340531924,4.103154190039146,-7.235930495025004,0.08017975785114395,125.96,0
153,0.7470622500906786,2.9408825349712613,1.2987319394132422,0.37062636567155616,0.6960424110964861,1.9304315746190406,0.5258866288273343,0.5928475982599956,0.342995114071306,1.5849031451038933,-2.3573787638195065,1.7368319092966114,-0.23658408400384975,-4.028191284014065,0.6509316224999498,1.3819493215339949,0.25038623400270643,-0.9760692247932843,0.8568597235370939,1.3180612898373913,0.4972444142325198,0.5166118585767997,1.251665417466335,1.6850629760614704,0.9856209133365973,0.9159955631528404,-4.614877601279947,6.726893075542752,2.5493213256974996,16.64,0
154,-0.8132593207385084,-0.876874963884971,-0.28973708685236127,-0.2524567299799957,0.9195605468628252,4.725556427962823,-0.41142952094440133,0.007463839125033536,-0.20066314311180655,1.9013693076499516,0.26745555782388764,0.5666072528610301,-0.19858132339182377,-1.6606177319268598,-1.9309082005201545,0.48693655739992736,-1.0455746012731115,-1.2085258818415716,1.1325931097866655,0.7262639375953454,1.930949813952084,-1.1912941058850146,4.569126330828306,1.9356122569505485,0.837853794767805,-0.3898430544175937,-0.8435700399374869,0.524321979841609,1.5686173402178447,68.55,0
155,0.6320083228598582,-3.479532358404418,0.47894018893263096,0.611665812843455,0.1816001391292812,5.062877277547669,-1.9587141441095874,-0.558282393010264,-0.20045391335293464,0.12900640657695883,3.131882395042467,-0.19777192146560796,0.9712184131925081,-4.185142879457847,-0.2466833675884122,0.45228716578347633,1.8276334997215549,1.4679788435592678,-3.1599489145273503,-1.0076730647877605,0.9913463863667463,1.215774756407974,3.881236088388969,-5.692701458110356,-0.5772558209917463,-0.5514739112794855,-2.5705689620555123,-2.9111787816436703,3.6200983729590384,287.15,0
156,-1.0786607710305522,1.782054500362774,-2.690275631353535,3.920847792080341,0.8977215684594247,3.6212015755850584,1.3384682969943156,-0.10798346674527037,0.669252564126162,3.34434783855103,-4.348358526155475,7.671064332424661,-0.2722221717726958,-1.3419187089348472,-0.06677081771074578,0.7191833809492872,-1.712451189010689,-0.3864752847232594,0.9943046254703652,-0.22425879143948552,0.36792336866099296,0.14018003100159276,4.2371474454992875,3.521614378584387,0.9293115872076053,0.2600545154607801,0.7335784816701306,4.863918712172707,2.846376232910808,90.63,0
157,-1.0237344452778183,-3.559014756623226,-0.7527192419030679,1.7576258657565833,-0.3145003933502,-6.8390347592809455,-0.13853108027385697,-0.3038634294811303,0.4448749166771231,-0.27394927254060575,-2.754257333168273,5.39215032187305,1.4761148745657644,0.6649287410699946,0.6421210038765839,-0.7596517608333779,-3.5133564405178244,0.6541148753125062,1.729365750388995,-1.4762304803093984,1.4231450796905665,-0.21765512113811641,-0.0991545350222666,7.33710682792951,0.2316699390187268,1.0171742141701563,-3.3738962850621648,7.793284846182097,-0.016948159469735824,192.93,0
158,1.1787240865856219,2.461202626955072,1.136534855774768,2.31099125344365,-0.22252208025806164,0.9345362503541035,3.0284260918137553,1.5875809128423666,1.2329093740618797,2.414845143723025,-2.312138927134927,1.9394925971979313,1.3441056937544549,-2.2466360659028948,0.17766099646898928,-0.17260324761682247,-0.606179901262799,-0.6488962744437508,-3.4755583296565513,0.4745838196939445,1.4094276187808972,-0.5755854538452915,1.6148657762729326,-4.552889050373957,-0.10619937177418337,0.4876176752337977,0.8695222283222115,0.421147767184383,1.5741184940143689,15.08,0
159,-0.7022972131912357,-1.4421810095046959,0.8802632056007167,4.144190107500473,-1.6880218445968753,-0.954733258376067,-0.5902818620083259,0.5384693872544943,-1.0824410437804357,2.416527757053291,-1.289516001629725,4.844287855780978,-0.0795670489861375,1.1629042003824108,-1.208351949495599,-0.6642809744743209,-0.3359186778277713,-1.9285399086293729,-0.7523921403426896,1.914904504978405,-1.1336198736813834,-1.431186765846887,-2.879260583295337,1.3268398367932508,0.2404627448017032,0.5262858686819794,0.03284639099007991,-0.7282121371812644,0.06359257097060755,67.19,0
160,-0.2011861701509173,1.674189021886221,1.3422535263036104,-0.9036127735860374,0.06183167201811978,6.427843670366653,-3.6032233039671397,-0.868676915480973,-0.8696110349031873,3.01311145428592,-3.155139182884745,4.1951753727091345,-0.3301680625068308,0.2319826183771304,0.6551002716225308,-1.4031384080889997,3.227121151417408,-3.4227807445555567,4.376986387511896,-0.932086413557357,-4.861202998034063,-0.2306561688680487,3.90713202449915,5.834758186057917,-0.08490732353535393,1.327500245455421,3.72912427791311,-7.772205508866948,-0.37569803210911934,40.81,0
161,-0.9299266098691611,-1.727916307373824,-0.6166249422619968,1.3051925379731695,-2.8463743163268136,5.828978971651419,0.17601983326618287,-0.037850690810116897,0.0935454593861461,3.889262043646729,0.1184230246326633,0.7229893232290889,0.6442561808107916,-2.618655476875326,-1.014421623283585,-0.5300113040413865,1.7222124464254134,-2.081752790175277,-0.9488532176019012,0.06740808506081973,2.903890776197284,-1.636827842152863,3.763823283562324,-2.728637977146371,-1.0678762269316586,-1.2249740070298083,-1.8797674416080803,-2.5704069095148463,1.2264038620650228,12.03,0
162,-2.496798117119087,-2.2582861235134155,-1.2153609826070058,1.4892386713711256,0.15777131125366864,3.5455185661897892,1.7125436716800868,2.022174858828605,1.8300162861151488,1.9771581379587775,-0.0058201260472658944,2.478802114221056,1.0965472662862232,-4.836790641318908,-0.31265873001459316,1.0376400147631857,0.3437330161370139,0.3925910749814193,-1.1637828435149085,-0.607846130787853,2.189654983753388,0.004098437450524535,3.982822369643236,-5.522682348235999,0.7212190478619405,-1.1751330760859704,-0.8043384595055805,-2.0263632824487856,1.6456159919551958,330.42,0
163,2.7859119139940556,3.9321975250731285,0.932375241647187,1.6222020047134977,1.191720302401696,5.605946752709339,-0.38590043426913667,-0.7651346671096204,-0.8096444597036451,1.332690495286148,0.6641382874520346,-1.396623363596795,0.17192084890744544,-0.6662003510109643,0.31988796785441165,0.9427637251523103,0.9614637792518855,-1.815814465359847,-2.9517422051387054,-0.9361504460748792,-1.1251075309439578,0.426367818973557,-0.37164994144569147,-4.787266449239976,0.7058941961045526,0.9818219444386037,2.7286389213910187,-2.5455298043278773,1.3678859788440554,23.57,0
164,-1.1074250456007102,-0.07858840933403866,1.3749836362118226,-0.014850549216126718,-0.5379551750240974,2.716301499875607,0.004435484732232986,1.17093278612036,-1.3222714785911764,2.728432263792838,0.45892983082364003,-0.43636447374356413,0.25054462832336355,-1.447533554696352,-1.230476058177251,0.41426689979139125,0.6952195264102768,-4.334229242716343,2.2841338081060854,-0.46343291398079656,0.25596204780245013,-1.2291949523785322,-2.0955832468292486,2.153998030520237,-2.147703239266853,0.10400542314856936,-2.92396810915523,-0.994191923179386,0.25740541553721574,175.62,0
165,-0.044686401440189545,-0.39957497121863306,0.033649958535531356,2.6169289504261903,-0.14101571848969216,-0.8996619969616946,1.4597879578531159,2.208348264339871,-0.599721845931381,0.9368279033348899,-0.5507850668136243,2.5431429084772916,0.38192167000300953,-0.6200872473766534,-0.14842264715919978,-1.129888087902751,0.6459863652923414,-0.22771350758447073,-1.3691421818206786,-0.7180330821722741,-0.48329834996086163,-1.910965935592205,-2.5362611277424767,-2.441935867880375,0.4762650172565557,-0.3887452936715014,-0.43383166222881664,-0.6212191740195169,0.9553466877464161,33.35,0
166,0.07770846002500614,1.3670015261030213,1.213597562302249,-1.1346413853725599,-0.03341092009792633,-1.1481581505842333,1.111615264678047,0.7344816559779378,-0.36848491357670143,0.1848196464842723,0.5923687114314383,-0.7182434046368147,0.23609729421507558,0.4123580092333671,1.5708864739950257,0.6403371109296716,-1.2399154188038,-0.9773706913932807,1.026113767226385,0.47853083090839754,-0.8480758426452736,0.1287713183531109,-2.0846444223207,4.767050027753655,0.34972968207636607,-0.1226536722546745,-2.977211529529327,2.5496139000640987,2.5499940415074707,186.79,1
167,-2.227799557336582,3.6422615707826482,-1.547278551246919,-0.1331766150932815,-1.7406794364873834,6.86610098855337,-2.77802111289334,-0.1251749202948624,0.31530962677059116,-0.8984634766589555,1.3171232625835199,-3.783852367417948,-1.2094224538918343,-2.9955609617010817,0.26682617108038714,-0.6792903196276054,3.8352823188836718,-0.3425856517771686,-3.025554825243357,-0.8282057056592972,-0.9628851250029167,2.0711713025331107,1.0713982220142,-7.555176337300557,-0.5221301862257478,1.4776928730321528,0.7837916974773944,-1.4459427210823914,1.2157484178449396,121.19,0
168,0.7055485647959867,-2.9871224567960692,-0.516730437521854,3.605613673960525,0.9512773888765313,-3.760201649139599,1.374825450830318,0.06876175084478278,-0.27910585635994656,1.5031182976992132,-1.4668867896901892,5.644110686855151,-0.23313593254505174,-0.20743637367249845,0.07811569248346499,-0.4267864709234251,-0.1480916343770381,-0.048642979580062695,-1.613985526996022,1.4478577661513639,-0.897235816891763,1.0541831646373074,-2.3115490488849404,-1.0249359623791223,-0.3278153102393581,0.15552503758365635,-0.32701968966488104,-2.2284499080476032,0.7293827740287596,56.2,0
169,-0.7527574968571061,-0.34780823858850585,1.3616234583088176,3.3169398636148437,0.9305107655361015,-5.5621500057784035,-0.8903049301874884,-0.3292045633289162,1.388088236640302,1.4919132241005582,-4.4671711151774405,5.892910282204482,-0.19377632021569816,0.5470070240046209,1.911894164497444,0.009347176365730014,-2.7496509322373233,-0.7456906151133593,-0.026017877796166156,-0.4192313788989148,0.5515831238774483,-1.3082191978963706,-0.8404366455711124,5.57514713672357,0.31140835118933086,0.810530762789549,-2.4905822956693813,8.152831661678274,-0.9069052594312325,70.11,0
170,-1.266692736583172,-2.09583427713789,-0.85471065260706,-1.86564457862913,2.5043168021168087,2.9297624467495935,0.7082199635239227,-0.3407686494240583,-0.859254503978079,-1.7864201511325493,2.0295868747301418,-3.474777550780085,-1.154497226893119,0.6888987983246305,0.6635869591990954,-0.6796913292586281,4.644110511316338,-0.12279105795462797,0.0612695802137162,1.2526450073130468,1.2950586615149686,0.0753672400402629,0.5432523852690377,-1.7177603035216582,0.03081111519731319,0.6051996003018213,-0.785633680018405,-4.357556126790016,2.972109432537399,3.57,0
171,-0.32760752609211174,2.6030794688740966,-0.7821867440020989,0.5918587572838226,1.5353337166385135,6.300654633796495,-0.9429123713402073,0.3921281254876826,1.0532871339523997,0.8997978962592941,-0.909155809903521,-0.7522886520438886,0.1563251439554436,-1.6239987291995033,0.9062811201760208,-0.3118270528745533,1.2977487227171056,-1.4679507259630087,-0.6974300761053688,1.3782298466701495,1.3500865557010444,-2.0936974501301004,3.491333473099458,-1.5003933523725694,-0.8635683597098927,0.3459436679800666,0.604389643940068,1.7988413207703118,1.7986348572405593,128.53,0
172,-1.1103541609416774,5.085765277323967,-0.5536233141256425,2.0126964484540193,-0.08443678635553135,10.677800080750988,-2.838583705824242,-0.4961139797833766,0.6779632895993344,1.8095627649250994,-0.22836380604938777,-1.8887703777017775,-0.3663728472664642,-1.020636583010227,-0.05229713757100654,-0.30837846923364687,4.337831170440988,-3.831869924803667,-4.102248914953687,-1.1700036864398626,-1.6247546929516345,0.08402176093309313,1.9077090052630494,-6.588848809952956,-0.6527362855635124,-1.160372977667465,4.528854838594794,-5.7720209950218075,2.3980084493099496,20.4,0
173,-0.3379333156022741,0.3143307647583685,0.8280582241056257,-1.014075228140921,-0.533974670609128,-0.18191436424829385,2.9625970467361196,-2.504466609080049,-1.4101379750174814,2.172242775714809,2.7794737018201388,-4.547206792851239,-1.5755767491799884,-1.346407320736716,0.13408868558333098,0.9339743220186218,0.5572920979517612,-2.956181962655895,-0.10998848007756978,0.6169688394565827,1.6566723929292757,-0.10022234937820518,-5.209558670897943,-2.615432383032382,-1.262571724112285,1.6899198345068216,-4.390783994384924,-1.5464240655592991,-0.397241429047129,72.07,0
174,-0.9661265231290901,0.6399306032795735,-0.6003566942635733,-4.723512981667528,-2.3214853420775783,-1.382775036187231,-3.170851898335312,-1.2595627288697413,-0.3310521687503577,-1.1091387885170727,0.9050261225245967,-4.21796963741527,1.0162879427566356,-1.794623973354197,1.390725929141431,-0.31611628063041075,-0.7341797839442973,0.9417811525418979,1.8930681319918379,1.7553110706333046,0.07370958421069429,0.357192878994939,2.163267761292242,2.6174148033443276,-0.02576935587725707,1.7459036321856196,-3.522130646471249,3.1160659428848505,-2.9091698415594216,78.35,0
175,-0.446454478255048,-3.3283581847270765,1.306280475728203,-0.8499204361564529,-0.8038031800970857,-10.4835734718487,0.20369772943784625,-1.2582963852509055,-0.12855103438512974,-0.8808873395435891,-3.8239726666192864,4.961298856689587,-1.2269156762952407,-1.1270744231827463,-0.9750213849385142,0.7577547802081833,-3.8161747084400637,1.5707985121311845,2.262515695986658,1.7123077283669226,0.5605749255083591,-0.21761542271766712,0.8672788448934903,7.263109530927292,0.5859917689787818,-0.08173667603149418,-4.041472484685394,6.775356155277513,-1.651493374902639,95.71,0
176,2.140970296330354,-0.07915806502783818,0.9130708059288597,0.45378277194764904,0.29456851257516387,1.4604894588284314,-2.1371911440248628,0.31977804112682007,-0.4999624972086356,-0.36120465400489354,-0.328671366025461,1.7734768569714299,0.027010554301906357,-1.3880005978673473,0.7110461025453031,-1.1710410396618163,2.1835208962168147,-0.4391618326999134,-1.458150082153189,-1.4084233842060085,-3.33442004637742,-0.09716710637250317,0.4613650327680583,-2.34035426328049,1.8898139038938433,0.014416562635548644,1.9476068829367539,-5.595167472278252,1.2254269310870032,264.49,0
177,-0.4744761707438094,-0.045985272586501647,-0.7765164241798586,-2.272167039979451,-1.8374166469339788,-4.519077990079635,2.466349296479191,1.8319038262751572,-0.0108403397252406,1.7561535767242302,0.5829185413590094,-2.78391125873716,-1.1690236892193677,0.3733163236058804,0.705100549416564,0.9540340387228873,-3.467214576852511,-3.6332070562581897,-0.31485920638304143,-1.6538143773217335,1.412663932401042,1.4277701849121462,-2.1781475739569287,3.9832808043583037,-1.2787014707710063,-0.2719037003155916,-2.7662696963810363,-0.5387812936942726,0.15492882024959453,94.2,0
178,0.6488018161515753,-0.28690279896228865,-0.3226764649999652,-0.532902610528848,0.2749307810700873,5.339968254381579,-2.3663719910213996,-0.28576471603635617,0.7599128431764837,2.7584983114495034,-1.5721854958110162,2.6163198159632923,0.14853101564150475,-0.28234146255319625,-0.9968670947568703,-0.6055696553034319,2.1658950510274813,-2.2786376705116305,2.966105440354861,-1.1550298404080184,-1.5494658085049733,-1.1162901703011392,3.94860479916174,4.141127744321498,0.20444517052317407,1.2039589650102338,0.8445123750906856,-4.370010885181307,0.21602344289706998,60.76,0
179,-1.2174993262158662,4.142547998787846,-1.5075851347639375,-1.3173024694398543,0.03476924809445675,3.9664062196437073,-0.6209887248469255,-1.4571726984209565,1.0288491536095945,1.4307190583754745,-1.0959256586570907,-3.6647265431884177,0.9084451656457725,-6.708878352563098,-0.43175117503112775,-1.3322445867634454,0.4181345830077077,-5.988853928360979,-6.640365633168901,0.09808045027979402,-0.46964098857762643,-0.16142789803281682,3.459367569250402,-9.908486367477206,1.1185414093359494,-1.291807453667116,3.5650054603380417,-8.728925148804901,1.7291139767657497,109.3,0
180,-1.6130168135769691,0.158421893238464,0.7200135318362517,-0.37137480042899707,-0.5167091094298853,0.7342274105837856,0.03993951654009997,-0.39126771490754075,-0.3515133767588989,0.42519045317134185,-0.7101420897744303,2.5825879556604683,-0.4076605785659349,-0.4555666737161485,-0.7691452798066177,-0.9340055020627144,1.5235411914098005,2.956771218598888,2.920611975206196,-0.8238613106230867,-1.6743820648462477,-0.8889248090597707,0.9503654943819055,1.5830793726057393,-0.21952658244713985,0.06947811622107863,-1.1635311394076369,0.9566172824890866,-0.6460607382719549,231.72,0
181,0.7168795348194515,3.7237529049382574,-3.635200227540102,4.025558822579423,-0.8397974073487009,10.521502741827245,-0.5210060275785088,-1.0581509924706867,-0.7673474859381645,2.088682410656436,-1.5338423109978225,2.213238754100731,2.0920985716179086,-2.516439666319228,-1.124655688332994,-0.4956487528793405,4.017804336574981,-4.291394297911127,-4.4675336202692,0.5505569328262319,-1.7512237200584135,0.3908699078019598,2.342838896453812,-7.0070037119601505,-0.5111052123287851,-1.8920849255849255,5.170611539902258,-6.902657138743677,5.659106834764508,101.33,0
182,0.8460716299146366,-3.704801768270472,-0.8710031785224339,-3.6266567288407767,2.208059077509089,-5.688205803157031,-1.1947198975682487,-0.8206695194435634,-0.14229344300967162,0.36467832856787186,1.2468000954542378,-1.985450846629651,0.26768740232728816,1.1125725499457015,-1.0027775566374793,0.4458979848066523,-5.7153505240375075,-1.577532118276459,-0.3207248040690337,0.09597916323643149,0.6280047034601572,-0.20597627863004633,2.730235381846111,3.615873654901259,1.3023067107847297,-0.8338986850667802,2.1883758117127963,-5.716571063880479,-3.7394629648382263,25.69,0
183,0.7323480796505246,-1.6635666033396639,0.9626135747116324,0.5575023502950758,-0.8229486258623573,0.17641764400383472,-5.657280506833208,0.12037312895556077,-0.3859331265155641,1.0613779560595833,-0.4172414295654574,0.5723642098893658,0.04203903699723074,1.376815904198636,-0.23681784303685838,0.7132981766206321,2.74774158076269,-5.183156165517939,-0.6667568495484425,0.9072346600576203,-3.680234560597321,0.21498453633275158,-2.638325293731389,1.6666775839776957,-1.4635031033044061,0.7975656226859541,1.4960684800713446,-8.152788922181669,-1.797331821874157,207.75,0
184,-1.0749895671304055,0.6741021262530617,-2.4857949122861833,-1.7128989535646606,-1.8399922494136325,-0.06996557022881233,-0.9877812702086126,-0.25212315877207636,0.44726655825106904,3.1828605622037025,-0.979088801080012,0.7434624832178601,-0.5855215618957392,-2.5021571432226777,-0.5948203104540761,0.040798218223812355,-0.12203859766208869,-4.849257090232438,-0.6737261029483744,0.8551890533928274,-3.935084336662017,0.02197329596321629,0.24176745243266495,-1.0824998602447244,-0.2660636557620032,-0.0023434031495201645,2.890266114513973,-11.864198377058065,-1.7078660394622958,126.45,0
185,-0.9869126270033162,3.757014802154954,-1.7685856699134812,2.5610969156049364,0.18161521479442014,-3.4483729955128073,2.0827353506331425,-0.7809752928442871,0.7272793759371594,1.6026250926957843,-4.392436823796763,4.2845665594902425,-1.0257935849257411,-0.6901555362942735,-0.016073886162074582,-0.07206421050051394,-3.177503609900819,0.816660815543569,-1.7047902748046653,-0.318403574054093,0.0874358042075647,-0.8752092007787461,0.5862756423926149,0.46778593970232707,-0.21150200685020693,0.023166080062098828,0.7174691780742014,6.367553033062639,-0.4768507789659854,259.29,0
186,-0.16473022875896323,-2.708108709915119,-0.5941236099655645,-0.660514303658167,1.348927506119083,-0.3384246064067867,-0.6390710114158132,-0.9019681383783537,0.56902814598146,1.777335493373056,1.2592438838905844,3.357528942325298,-1.7607193132486463,-0.5769588307662823,0.7960099700058577,0.9616880519293749,-5.096954189483566,2.0935047425443627,-0.3991444978059485,1.5135414356022965,-0.7438591783601131,-0.18416253954219608,5.461780174794895,4.604451439460029,-0.25017662924691386,0.08459063374753534,-0.21676081976214934,-1.4020911571935168,1.8421560861469972,96.99,0
187,0.8214083231002738,-1.9522999429808343,1.0062346752704898,-2.353931677511532,-1.2414830859405093,-1.7798034992819227,0.6218731750851204,-0.19427080463596552,-0.06476645695970673,2.3296194667736376,3.2858696307512223,-4.652425617979064,0.6849044197950351,0.7370260787369437,-0.4067070153662121,0.28889514356539353,-0.6676929324230986,-1.9098544445003252,-1.867899340683417,0.6508189967429487,1.3821349343040308,-1.680779276059283,-1.579326146461299,-0.20443629746470457,0.438546498827135,0.004862254933591338,-3.2271026226349857,-4.962589132641532,-0.9126718684729532,71.94,0
188,0.17966603887158733,0.6413663604031539,0.08208689962743151,-1.954401676860313,0.1451486961703552,0.6209143109515917,0.10196564478943071,2.354711397744092,0.14731885903139533,1.0902953771957955,0.16387348327070528,0.2110196813631387,-0.7802171481376415,-1.2452883139153708,-0.9353972599822935,0.8405676977916716,0.36839636075711046,0.47005915460395176,1.8185089344554637,1.0468009034913464,-2.134891965216517,-0.5852068969036013,0.8822197397655158,0.1333915602627051,-0.9448805011240154,0.9528187772234549,0.46040876980736506,-3.975235279119552,-1.4509008100043692,89.18,0
189,-0.6936964924644041,-0.6262491236366984,-1.7072259945705526,0.6839725027843662,0.7884989473510197,-3.571532603904437,-0.5214129582395095,0.06658882690292169,-0.4167916511383418,0.9791129567415712,-1.5892165705533596,0.4414414414830582,1.1322873748389386,-1.407448199772272,1.2074257491566482,-0.35654242864278574,-0.3856799719916494,-3.402756286140467,-3.8279836469096233,-2.0029484138651927,-0.3629942928735008,0.061788270229648265,-0.9580961070907276,-2.699244223679464,0.04108086409475417,0.8792639051665606,0.7639996712953616,-4.4300736112075105,-0.4371875758773581,273.11,0
190,-1.3815490588794384,1.5828529268202134,0.047104697759313356,2.026426002383718,1.6563225078035575,4.155289415062872,1.8652225280441774,0.5194366231917376,0.40043199385628025,1.1010632582558721,0.20326805050171537,1.663118655312316,2.423106130613554,-2.794031412903584,1.4318890637745134,-0.4590044602229095,1.3454822027828122,1.3475324367078922,-3.430481541358858,-0.39902793154992044,-0.7110153137017188,-1.1600203819432886,1.8451184492724864,-6.956475838088243,1.924845495123521,-1.611717065618854,1.6763453360823328,-3.213673555483469,3.127929708005583,281.84,0
191,-0.649800325264628,1.1840706147620854,0.30046682230585875,-1.9740226866049841,1.984976882495215,0.9594109667496286,0.4481736259705461,-0.6116428882049108,0.7448423352044837,1.269342983536713,-0.27081715464743195,-1.9801416671262106,-0.8777212803217245,0.4011859955576297,0.31816394347302285,-0.2250322689615891,0.235053917859383,-0.7547555221302283,0.3422169369492053,-0.3076579412009145,1.2924644244320251,-0.27443202697245206,2.0030356438421104,3.0788592750232326,-1.2227634232238758,0.31607819215361427,-2.2943503563408343,1.2556841986565257,1.007800146643489,53.46,0
192,0.7064066086532242,-0.41533876690895905,0.26205818255743474,-0.07497458290249615,-0.31822756475115965,0.16744484807680893,-2.2404739233964257,-0.5147625279182043,0.5762513920221156,0.2803935262709951,-1.2611019862764112,3.938743524360966,-1.4231031108824657,-4.150709794928506,0.6755096754925167,-1.8598151761373272,-2.6556474948570035,2.1266412905033074,-0.8320194015189472,-0.23901221118687904,-0.9937668202060878,-1.7433552713511733,5.652151071122649,1.7450444181423748,-0.2758983942588769,-0.2465739131214918,-1.9011572422695395,3.4590483932664418,2.098824228608758,29.02,0
193,-1.0892244918732625,1.2990520990109609,1.6716594366486115,-0.8724865905668956,-0.25880086360891674,-1.5055394438413359,0.41851031903771785,1.031018217042444,-2.5460050646214696,1.344637042551076,-1.8864057092583268,1.281713248489567,1.070882292171469,-0.6703620408673355,0.29677250708423497,0.7985681267484328,-0.5493581614084554,-1.0933009545469454,-1.4272355349587076,-0.7841627421933196,-2.0316560665427232,0.8745876458098074,1.6253475781674016,-0.6035619009308699,0.3612522833635362,-0.0087895221227777,2.7390528854706764,-5.469020734829501,-0.5778654622311769,250.37,0
194,-1.4638185841510416,-2.551649219545104,0.5478752369947015,-2.061534195880535,-0.7221348703287477,2.8255434506284427,-1.8817284631888538,1.0571845385510912,0.3308528782627462,-1.0830449375675002,3.2233839088467082,-2.6701205855878496,1.0177929872040894,1.3896157558491344,0.8421578363798933,1.7002886422979921,-0.30164460267253956,-1.9056783345004695,3.220675676526282,-2.2675583432093025,-0.4475551791397684,0.3039701778943337,-0.2945801600156229,2.6767893587807223,1.4099875116161396,1.2061145891945328,1.6620926536619822,-4.517300579784038,-0.7695330346411232,57.85,0
195,-0.3305531873668884,-1.4546464008386,1.6104847353232035,-0.7640588831107262,-1.8208755518180693,3.866120941681616,4.344896608969201,2.6613186517578353,-0.22548667060211924,2.5982727976983617,2.2723973116706424,-4.440756392474425,0.8136899670407284,1.0449083875707101,-0.6095744397731283,0.11543590740131227,2.1577415645983526,-3.99784970113404,2.9158191468263177,1.606347039530311,3.682434806873094,-0.7396290484685878,-2.8547027700733962,-3.8440571307698517,0.5591964340783401,0.663094021340344,1.437643856068083,-7.017020988857592,-2.995536870010522,32.37,0
196,1.846603072081053,-1.9471297560809564,0.20732583419364153,1.269480913389328,1.469643886658424,2.19743795949898,1.7817388106038614,0.09851222107969118,-0.9529682593324047,2.372805945373884,1.9150382509324118,1.1120860906630954,-0.30184589415275553,-4.905712435393565,0.8431503725964913,0.20862728048564805,-2.3602965683643835,-1.7336186765007393,0.5189331346023591,-0.8126057604756063,1.489008065459228,0.8926644189355497,-0.4952265280156373,-3.177110192380266,-0.17702945591481717,0.972052012923891,-2.5170554400423235,-0.4137564570639022,0.6328168766585688,152.2,0
197,-0.20709514261728257,-1.2997443571571579,-0.10685261008294912,0.07717551088286978,0.7467422428108753,1.850943778487111,0.772130264411521,0.7543687259322099,-0.9263374673136506,0.5671472040567547,1.9935846562060582,-0.6724264614190845,-0.9512987964965197,-4.486450657570586,-0.02128038015727883,-0.05394044293607976,0.3171878593612455,0.7773097054780623,-2.2508711535360386,0.75687526546332,1.2797201333865298,-0.4305092895923585,1.2534973182203075,-4.681647279664671,0.3749440085596946,-0.38931972298531436,-3.7358769601941435,-0.003335401137973834,2.7371195566792994,27.65,0
198,0.8420688603779013,-0.31763638379140446,-0.09514981659883062,-0.6029055048634453,0.35566987283862367,-6.8952092774033495,-0.8151491579590918,1.5817541575774825,0.34335534838630294,1.464889729467201,-2.559151022941731,3.8620011995310066,1.238283210855647,-5.570454959439076,-0.23358973227799906,0.9769828076619566,-4.7123923535860195,0.1555003539269889,-2.3502131113754667,2.198837038261284,-1.4264335732943683,-1.258870556370253,2.18502057554513,0.7400345102698692,0.8306556912954083,-2.5188309549181844,-3.36467223122805,2.202638421655002,-0.5707702677854517,74.39,0
199,-0.19368366004438056,1.777851398224513,2.5270104183286053,-0.41987412878833286,-0.3869848388781598,3.014082061711795,0.04321168776883699,-0.7734149266150159,-0.7453933320377297,0.9581838532115047,-0.11287069007027828,-1.444099688515498,-0.3588263709435495,-2.224977735701695,-0.11226376719129758,0.029562286872101294,1.146349880694861,-0.21800147179487828,-2.661998644011454,0.8016051597263709,0.33500577469367,0.64837277770979,2.75798352390192,-4.954486432493046,0.8904080051868413,2.463013688775024,1.1235212244380828,-2.8626836416413637,0.47542883495886995,55.39,0
200,-1.1953525586996343,-2.3550308192437504,0.9276494887096202,-2.208263552373673,0.2849649151626972,2.7077913452875406,-3.635283356405895,0.9572630761791636,-0.47622388070496197,-0.20160998262887697,1.4626865758668246,0.8449804077235276,0.1179975761440643,2.560417078512981,1.0063355691051292,1.603369492007377,-3.274737279134244,2.727792500033773,-0.5142036167072185,-0.23384321513413248,-0.12789547780436428,1.4097448071981633,9.107769045797438,7.625824748369718,-0.8895764849550238,0.6219522424789306,1.3088777517113983,-0.6928688369254589,3.0497811687221947,115.51,0
201,2.6646144920014345,1.5260109404467106,-0.5118684010935176,-2.0858275585357773,-0.28803073943922103,1.1323809424390672,-2.5283822876671547,1.038654287319735,-0.06552911548895132,-0.012525947082529187,-0.37042058124511645,-1.558866116186995,1.5461085604314098,-2.5442776576845496,-0.5685393048890007,-0.2873588741496345,1.5741061652951578,-2.107946198895663,-0.9490890217101388,1.4147438193598127,-2.5805694431741326,-1.9921855663492136,0.9709187429188283,-2.007496988648951,1.383057398581605,1.8744244469332438,0.9820813707187288,-5.203810807003621,-0.5658030116528895,243.9,0
202,-0.1435246694229566,2.355247177185698,-0.5352457039403952,-0.12993651265352868,0.47334118338514336,-1.1674859157972415,-1.4780775719130537,-0.09887262565948246,-0.4168996361193892,-0.048977792418962496,-1.580921600102649,-1.035810247401284,-0.21329657563207796,-1.54640418373885,-1.041005218283787,0.5834335691559652,-0.654854280982938,-2.769632174919081,-3.5136284758760183,2.036042832840112,-1.1309420060431519,-0.685934503949618,0.24028947766512415,-3.0061139594158943,-0.21679203168792927,-1.4152339308664725,2.4675671904918213,-2.5995054970056226,-0.5894030038679173,85.87,0
203,-1.4477067680783553,3.1785476678557134,-0.7068433463146004,4.1553324690185365,-0.8135992543587863,3.3405078049312467,2.5746813402789637,-2.672207384471349,-1.6179106457900545,0.002551815441516392,-3.658276873658945,4.97625159649498,-0.8180789873059771,-3.651037087518255,-2.071244067443572,-0.36159230006934645,-1.212197112461518,2.6082965032207666,-2.4014015324955515,0.8174857806561917,2.6309729780934807,-1.0859527335785348,4.765424787633359,-2.9870409188138516,0.9482059948233497,-1.409679294659649,-0.20474282903326235,10.21350324707348,4.890270503328712,152.27,0
204,-0.04145796232978563,2.1736024567457197,1.5206009017632118,3.486138495461187,-0.1658409056620021,-0.8129848549213737,1.786542498556849,0.4473862964734275,-0.532793213080447,2.486517860552748,-3.609290212413685,5.105094488945131,1.261761160395,-1.2892727127750017,0.850004267969593,0.6019362371032422,-1.2240886800777857,-2.3354442589651185,-4.0550428583519995,-1.2373536900391682,-1.718456000528023,-0.4063568513704236,0.4058971641354879,-2.3939040281934365,-0.3596926657008235,-1.1376002049642353,3.394316671254646,-3.228373893091764,2.280919966161896,171.02,0
205,-0.8994479762596744,-2.513851894086339,-0.14458676732644785,0.5299154546025138,-0.2154767161643399,-6.437535154419742,-0.9155144351537987,0.011332378367734082,2.340722611525677,-0.8006796133469335,-1.187244875762689,4.416782368793084,1.823358962036466,0.1928216788741729,0.35201159109086433,-0.21367717058821567,-0.9493384552779186,3.2435247497733974,1.938256020457846,0.08071372672644667,-1.8832166202173004,0.6761016136499133,-1.8317748565508958,4.2397609360718755,0.562979181904856,-1.4428885740576936,-3.3862858564966616,4.103142456877724,-1.3410054002275156,69.15,0
206,0.33623308640038635,-1.6995263901096074,2.0716358546121194,-1.6123095061832489,-0.22666220299611137,3.4311899317724563,-1.699805818257793,0.9242146929146647,1.2260863811690976,-0.7960399559401888,2.9412649695313795,-1.667184148226439,2.427067395554913,-0.049698740351209136,-0.09181338373759046,1.6037695928131062,-2.4087450967207515,3.5744268933525656,-2.4055137139233285,-0.7803985784043481,1.593783818334477,-0.33447341843160483,7.338810213682583,0.022439542184691522,-1.3275283259695465,0.09976216876739895,0.5595902797694835,-0.039633189225625316,2.5516780208605483,26.19,0
207,-0.15624777267764606,-2.3181336582963943,-0.13198089873068228,1.4395178403741826,-1.1199452705772128,3.7371282145108378,2.958841040153416,-1.492751175906025,3.0382816136218285,2.819921016675621,1.3300776354396802,1.2409570647125912,0.1624439052040752,-2.9447837501274057,-1.6334374113986085,0.9839061553329236,-0.11432774113911448,0.18134631666898648,-0.05020345256660941,1.6512339717068583,2.339742061007607,1.0317987545994007,1.9418724180471314,-5.92503741597677,0.27118420504387725,1.0478545137125523,0.5794318020034105,-4.209617990913683,-0.4796491964628612,71.26,0
208,-1.4573047689855358,1.152635854792052,0.0629450965419935,2.2278005250224697,0.17451566154579515,2.512751941084003,-0.5912164206686228,-0.3798912086875837,1.0766646515022715,-0.6349033138965262,-0.683984772068625,3.4563480397036748,-0.3752951697134206,1.5564402152223917,0.17541364182641137,0.3470662722002771,0.4971499988654116,4.288656990402555,1.706708964020664,-0.3797311250338392,-0.5332212787880894,0.11586075884199988,1.2430366292610284,2.659712466759036,-0.35230487334917043,0.4234583318303899,-0.6339544545738763,7.12900553750906,1.4227398389231483,30.38,0
209,-0.8183902547269871,-1.7032294272030983,1.2644762095470679,-0.4867577251221851,2.05420183359104,5.898912333086807,0.15842254537257516,-2.0201514491777637,0.5155868453535185,1.141338649845672,-1.6932788503544103,1.0309923340144567,-0.6108408893562828,0.12134552529275189,0.10069301599400954,0.3815124510010799,1.611917545207961,-2.6983872135862446,3.240254211898378,-0.2778205015094632,2.5764747896870706,-0.8219127764178962,5.59444041885637,2.3837538551432957,-0.5991619175459322,-1.1362701894687566,2.781422595940953,-3.005237705729043,0.6840490872909128,34.91,0
210,1.1392418183632884,2.127005855857935,0.8064755550022653,2.944997072208444,0.08918769723854421,4.335526882753349,0.4996217914201003,-0.25128086132474453,-0.15254494763711807,1.7367292610110243,-2.025509780076169,4.9515067615526815,0.7984387259825529,0.37801483533681324,1.3841000308901037,-0.4381149273049169,1.0637397851833692,0.056439804974940944,0.5015862665951342,-2.3021180510690513,-2.278900716764071,-0.7054337240572864,1.1144393047365833,0.7309680851511892,0.20252088273393662,-0.3064518000111888,2.7544623258185785,-0.9016027309753015,2.352198833071006,184.91,0
211,1.0617953384536465,-3.2180260200471187,0.8653749705965644,-2.6518749865515967,1.9713506490012904,-1.5317043608142624,-1.9666692616164867,0.11687696991856647,0.26500635906830405,-1.1946605719400498,0.29341218105231603,-1.3690595749954892,-0.5866940812126582,-0.9141781279021163,0.24132320329939075,-1.5582298485678703,-1.7087589610371667,-1.1201601800699799,-1.2057591801965621,0.6777665661808034,1.2750118679782845,-0.20542932949320494,4.7574672236912985,1.6548293645908823,1.6665893433755425,0.10780832831123513,0.6017616912870049,-3.162997303103558,0.6266961980374335,84.17,0
212,0.8242440547532551,-1.2594156117799291,-1.7313159358110126,-0.5768003289529038,1.132133692456975,2.8561156269671635,0.60201579243867,0.0879615586179422,-0.969557343316222,-0.5795656341089336,1.4400916812879974,-2.8247388627884553,-1.3572838197115573,-2.8370484377133454,0.3978444155207086,-0.29478750324807973,1.6659284290903162,-0.5283494816366353,-0.9222900133930821,0.9941680463013193,2.609167335470684,-0.31607974940378175,1.3614148933127144,-5.837845972770373,-0.8786680951716425,-0.2307657051166103,-0.406470349051719,-1.7165711252900544,0.19457869033321706,78.68,0
213,1.042746632841343,0.9638216877677559,0.22384668977965672,-1.1757539532113452,1.1316785370012177,4.728072664237012,-3.2642467902135226,0.7328418069976331,0.3589099814126859,-1.2492205882562022,1.7589392920054827,-4.043010595768974,1.4259103323213609,-1.907040506482502,2.348018508653876,0.6092851164158597,2.1617514334576837,-2.301393567435585,-4.247355938542464,1.3328017304760988,-0.896761397647012,0.5950088021082799,2.330235934649186,-5.458246342032036,-1.4903498074607975,0.044447918775506724,2.4647489371730393,-6.2512953647879606,2.1456502726719946,16.9,0
214,-1.0847564341588138,0.6066139612406493,-1.1368711816344155,0.38961029486372334,-1.5948258549008207,3.7935527181561115,-0.7831324118501185,-0.5910457207268417,1.3173839179398212,-1.0055930317388535,2.214174156171874,0.13395103022205218,0.7471865901250933,-0.09323597737010003,2.2067827246151004,-1.6865300596903368,2.0158497037756407,3.948451310802087,-0.01839224560628161,-0.9999470267933823,-1.8774635904319348,-1.051163606350194,0.4719880551240199,-2.536143093049892,1.3127240692726614,0.7731318638032247,0.08535439362697883,-0.22278458852993513,1.4088157473917198,35.68,0
215,-0.34001979062345705,1.2728968389102953,-0.6616898709663194,-0.915900041120499,0.17942952129493323,-0.3457521917015373,-1.329035502902327,0.2123800860234896,-0.07718027611369632,1.1848824753747373,-0.4206556536502557,-1.309942728680902,-1.1405784894885544,-3.5993342228951133,0.54286372035822,-0.027402290866503937,1.4435307127649408,-2.443657363593556,-2.5157147058648324,0.3081283365365046,-1.83813655428169,0.880806853484222,-0.7125187296858048,-4.990963279922026,1.285759036510566,-0.07493757172372349,-0.1646286370731037,-5.38910303422655,-1.3163026844206454,195.33,0
216,0.08547725034829733,-0.04160439932838744,0.2444544496055498,2.8493175846415135,-1.471211744279153,-2.324938090623077,0.43159206777221926,-1.5110935484525234,0.6349628736125502,0.9497696527435093,-1.3735965724324928,4.588343438124733,1.0388397119820936,-0.9539694734320158,-0.02816690844955293,-0.032185950944282664,-0.6199761818261073,0.6140743360257123,-2.352004710933356,0.10654467643437403,-2.4615955254302957,1.055353067471044,-1.4850345366068238,-2.068643901251668,-0.22083449203708258,-0.1890579208523746,0.9820305814748285,-1.7173237506203785,0.7802318884614441,139.57,0
217,-0.09912051915662319,3.142615473862876,0.5702527235436246,0.8441115145509319,1.1465790613153706,10.48599898374555,-1.7366938177349391,0.23492305049721063,-1.4129175994148724,2.5620397531242625,0.92570842148958,-1.4339806747043433,0.7550277935196478,-2.8496873667441314,0.25481921834699817,1.7160759463985173,4.532041078288587,-4.274637880323148,-3.5489139988405887,0.9858517790015056,-2.751994445815647,0.3130500488187198,1.983363380940341,-7.882293657248291,-1.098695815068532,0.4834947019642914,4.485080941842995,-11.694122321319826,2.7427363977194625,235.49,0
218,1.5124557258472144,-0.7557230848231662,-0.445083285623264,-4.520676265291577,-0.4550087457211382,-4.657797567916795,3.1143404829646864,0.642400422547114,0.7348969425383328,-3.295971036594421,1.4708271384601694,-5.352411685357746,-2.115561414118679,2.2877622376152558,0.8693971750787908,-1.743783646745394,-1.888144186078168,0.21971786365342705,1.1540913678046052,1.2791757773481913,1.4648749602042206,-1.6749163979182211,-0.49009903445766956,0.3710633128156921,1.0868180300688906,-0.7732760851111978,3.1355300192139306,-3.413006205468625,-1.73818701020801,56.46,0
219,1.6516389486858793,0.9284540434991237,-0.6345213234339414,3.727408000007371,0.0953033991536178,4.318825079333256,0.3919894891036758,-1.5485830336213924,-0.3513349354557117,1.094484784205292,-1.9112674002490349,3.127326296619311,0.645183496480902,-2.6855621315126252,0.01775254617328601,-0.6485216295046535,0.5839820563287559,-2.3814600207559926,-2.701877342890225,0.8438287744856245,1.0122173608429526,0.7950214592691726,1.7435254357481325,-3.27265745811111,0.7810089546071515,-0.12027193932576595,1.070466364736805,0.9437082467703024,3.983115570944013,8.51,0
220,1.9639992359884344,0.6869043005358725,0.7635226679048231,-1.941933514476085,1.2981631514439038,-0.3648668860861044,0.16343926055613778,0.4944664883523733,0.8822575096080764,0.6882875249874105,-1.1424409547813288,-0.41781830240461193,0.9598754612848892,0.9646137110250924,-1.4250667751443256,-1.3701377427598929,-0.1950768363346691,-1.0803291355915452,1.4794732260654562,-1.1574449523659558,0.01049415485784877,-1.3838288039246018,1.6638758722912093,4.446398726145326,-0.18303448499368985,1.1118533687966246,-0.38868985343555473,-0.25670097306903117,0.2508627696373278,48.14,0
221,-0.6504739994592169,-0.06962534855012104,-0.28770705554947656,1.758555258833828,-0.8607379884731032,-0.9367860552293972,0.2762801741395787,0.47849973179588984,0.5227667423667182,-0.18609708540899217,-0.41990213872127263,2.4458346122646137,-0.3837529809130093,0.6014060801540789,0.9252905496854981,1.3548929315218388,-1.7915479796611198,3.3582160906284577,1.026495386837925,2.111613218417973,1.1055599567853704,0.5389630726557222,0.3510742324918452,2.0850874953214666,1.3542109252450831,1.2498210970536792,-1.9904686002929197,7.846924364068676,-0.19897283099753194,104.1,0
222,-1.6964581544464707,2.02388257245592,-1.0758585618378667,0.5219998201191388,-0.46834868855944944,5.53210066069815,-3.503321481671762,-0.03590129760010782,-1.1328828133542732,0.4180333424921163,-0.9729432658624311,-0.7424784318488542,-0.41145650976648185,-0.27993249288466604,-1.5730085426495004,0.0630776754292401,1.3818991865889227,-2.5453038092357274,-0.8421530225784588,0.611106095446024,0.09957033084182165,0.34527050961228883,2.922695141147082,0.5561709142787283,0.8215388173082104,-1.2988035540518614,1.282898983987719,0.673646371377913,1.1353063066661193,96.19,0
223,1.0376795407302604,-3.713658946968875,-0.17552806259704828,2.658717360202223,-0.7554607202010528,5.346850668670848,1.670396472595294,0.9336566014288975,-0.8742869572003843,3.5738048177702884,3.134098939226077,1.3137759213592444,-2.096914179225179,-2.007600990627932,-0.5686423109401264,0.8204381441635414,1.8119309310676344,-1.6312610248502357,-1.3756008960302908,-0.9910173361055483,1.1940008943938727,0.6464979655959932,-0.6714149923492084,-4.410632145174903,-2.186829371271469,0.5087407198072074,-2.113061870742555,-6.249304777715074,3.0092741095075866,55.13,0
224,0.7625106126926647,1.3466082903948422,1.5818811247582527,-0.01651644639771621,0.5091626800766724,4.538420185388672,2.098660422025076,0.5190327410915175,-1.3186559092178678,1.516751222273558,-0.824602054263312,0.4528355235520474,-0.3423808553386246,-3.8647194776563336,-0.1938551562972839,0.5322377368515171,-0.5906093915804718,-1.0443088139746135,2.8775968080003964,-0.11891565147659144,2.3981973767374036,0.30925026955243373,2.4672571705926853,-0.9826381558391336,-0.7605788732891259,1.5619407371867822,-1.0887266129637445,3.4592967428594648,0.2694926296531326,85.86,0
225,0.2862782230818843,1.5923540853963951,0.7939458036321722,-0.7123667462903814,-1.998605566555507,4.527357674446252,-1.390250258394778,-1.003433810758229,0.5546322006406813,-0.2421179122729341,1.5851983906304108,-3.369236430347082,1.323760538012268,-2.0962317155736288,-0.12652604952864957,0.774914554913987,4.547344804823549,-1.894426396351108,-4.4834896937661295,0.685558363217184,-2.3381388436596064,-0.9688241140349944,0.07620661968583876,-8.44565039485672,-0.8313214091256161,1.8044489719871246,2.6994150261005165,-10.079578960693201,1.848204006243749,102.39,0
226,0.01877772338794696,0.6696424228246513,-1.40721109950419,1.0413699168168657,-1.3537827607914814,4.626970579249642,-2.062112952307761,-0.5710465778743417,1.0696916817396078,0.07715108029060525,-0.9365144049158162,-1.165566892194324,-0.31856666806083256,-3.653074697328972,-1.0771668261585279,0.6633830488473854,1.4474696123174695,-4.047407534523408,-4.263941923452396,-0.034313330749808996,1.7453413155421287,2.0476519038968495,3.3500743030697366,-4.206261610787099,0.6249394903158797,0.2727933862859796,0.2547450137123515,-1.0276819801322785,3.7340860613626776,377.1,0
227,-0.41377772801851714,2.6253318870634006,0.48176270907364516,-0.218111473517149,-0.050453489217317314,-11.265407189420335,5.870865124832501,-2.0524627075762223,0.8816564605124606,6.485344022935483,-3.9818358927419246,2.6727432365272086,-0.8558361686065281,-2.7321190320845363,1.0196364906693178,-0.16091672665482043,-4.525559145846911,-4.9186361445895175,0.12359373513840943,0.5621406229707828,-0.8281174008601714,1.2608398165346555,-7.048570132241226,3.201340433130226,-1.4142531160286418,-0.6255383602646701,-5.759958219292031,0.5548321039128149,-3.5398833197525224,300.22,0
228,0.12255515695077152,3.9804108076145908,0.7841701737244763,1.8060649457844304,0.7463165225591263,8.813700935532125,0.45547356125559013,-0.34687439189009384,-0.8003406320359496,3.1903305400300455,0.2994055419885754,-0.09954816313241577,0.028872480174467825,-1.5414548211862122,1.5301720552205211,1.4356771037997966,1.9873761799736798,-2.7456847391554104,-3.4229598143485016,-0.879870404710092,-1.8087095032893072,-1.67963549770663,1.9914070656315424,-6.529131328783281,0.7665037670055789,-0.5156340340803272,4.922851124409057,-8.25600096983914,2.406025741896368,27.39,0
229,-0.5393129236109787,1.6524603510955393,0.18692705255449762,2.3332517048848596,0.3948200204121767,7.314778813987715,-4.791055600377472,-0.9914422843961568,2.079156698466804,-0.5690715773501877,-0.5881721507360473,0.3005147786052305,1.281978362376686,0.5592599768609586,-1.1758109803391978,-0.15058354837492782,3.933583222656574,-2.1273661678958233,-1.4326529060114912,-0.0878083516348536,-1.1375580889644519,-0.8796063091639899,1.3219086011313834,-0.5349899747670477,-0.5261653710601875,0.9365066060570079,1.5553692963516685,0.2818623332403069,2.7371971984008177,40.51,0
230,1.4625303826914446,2.465085930782854,2.011721575442747,2.0446447027866435,-0.21016364755600753,4.568678894698583,0.9887952486152211,0.35976570416601955,0.0019129360209939365,1.976586202076346,-2.8658310293968148,2.6304489837967826,-0.8229035909764744,-2.5890565615992123,-0.06093951178599691,1.176637548616744,1.186535383967352,-2.363334597047636,-3.103890954264593,0.9278194561160589,-0.19831752181337658,0.031769712697634976,3.804561674020733,-4.278007716703654,-0.36857690674013666,-0.2395494568848382,3.645761534196639,-3.9033800942744095,2.9213023839100343,100.61,0
231,-0.9724037396106213,3.3193373637124903,-1.4220753274258267,0.6187814305533454,0.8616488623231527,8.365921827938307,0.6134776081173791,2.839622914807913,-0.2597473833983092,2.845500964189516,0.26154483878121393,1.14291836085822,0.5858172974674507,-0.3713743471950809,-0.8840363742048806,0.6939832403270371,1.3880196231778261,0.35643064799005264,1.536014866727621,0.3064563206495689,-1.466406640128627,0.3560324671271402,2.8183816030155926,-0.8455694059671555,0.6935176642254062,2.133645604681897,2.4200656649803562,-2.6217228770758285,1.0602909745728213,4.12,0
232,-0.011316583385804865,-5.070759056875311,-0.3763044235140291,-0.06705249097763266,0.8106067760958019,0.7665589957762492,-1.8698120906583107,0.3556772451247554,-0.6860822894443216,1.9011003220626121,1.2316019557905347,4.29274212771193,-1.8566363116534432,-0.8063777271166532,0.35755864573026036,-1.9165916687190976,-4.245522548725491,2.334103664930308,-2.1960243775257378,1.4990316054819934,-0.21112017303028552,-0.10848556183914913,8.406173613690845,2.231748204132523,0.4303648628345135,0.10026196086219899,1.6148619031464952,-5.363441987006165,1.9467036097674502,112.87,0
233,1.3867806572852113,2.9043058592210786,1.6424192459283222,2.385528729040435,0.3539819326710066,4.734259013516332,1.7985204560871737,-1.0381392850114375,-1.0172453692868415,2.0887311435064064,-0.7437960481339669,1.4478419442792976,0.043640132465737946,-2.0522092800766987,0.9916463782608022,0.6010529350741034,3.010261199820408,-1.9014480461835985,-4.154247154425275,-1.292966012403528,-2.413973840680843,-0.7071110812932093,-0.19436214482044398,-8.012791953658446,-2.429112337166646,-0.6827428448042349,4.152438580630918,-8.619995825022704,2.7486875195904372,219.7,0
234,-0.8909854419534304,-2.048463842070707,-2.2816620724205774,1.213694281325277,0.00692472104371437,-1.5863749916364134,1.1006804595906026,0.6957457924726428,1.0974226874227069,0.33186284910408337,1.027890338822584,1.8531503742991788,-1.1118507066640289,0.5759711278748773,-0.10312806235137562,-0.5190257189181485,-1.0111881143019796,2.5647927929057204,-0.7356284772977923,-0.39030414911169925,0.310008113468179,0.19144204734460896,-0.20844546114972434,-0.2269762948893523,-0.9234292057213925,0.6568058285094803,-1.1317637001767977,0.6465214382118597,0.6468241913645221,12.49,0
235,0.4427533213091045,3.0045507821438715,-0.035638560931668735,-0.1791548219810316,-0.73238274559508,5.207418592558779,-2.2947846216836107,-1.6792080900537842,-0.20272002943667036,0.24476498551204384,0.09562085600910242,-1.5969288242909123,-0.6442029983199388,-2.090585899405847,-1.199995580093643,-0.5111977985613847,2.079038395226766,-0.96127590501082,-0.9687658011728186,0.10004862777774516,-1.1394891870068073,0.9751071432888088,1.4034453107128266,-3.167660040435611,-0.9074963807359919,0.04191804023862554,0.7570222384760907,-0.7843454069132425,0.426957722060756,3.5,0
236,-0.18445447065456805,1.004308648786284,0.22286399621029307,2.4265929871884486,0.24611772945040425,3.269560243036874,-0.35880335309232814,-1.108016393980767,-0.9418027323249555,0.6125946182005202,-2.71161524866708,5.7824599652427855,0.5159062303140283,-0.185685073975274,2.4570044432505136,-0.30126468457423644,0.21320673865684936,1.5375464318333263,2.1439651779556503,-0.5726961510583128,-0.950726220301792,0.024777746496761215,3.0104045169658207,3.802109983829832,0.3962679165655031,0.6778400977178844,0.45802883160702573,4.569468013350327,2.4921140795100793,182.67,0
237,-1.7302954798957517,1.2399878127529531,1.2411343200148017,-1.3145777219563697,0.7888642158521251,1.1983722022403651,-0.7056185492863303,0.5734337916879819,-0.5296081995695587,0.3526090439674092,1.5974436400568437,-2.662852450721576,-2.128590208826931,-2.536768554625836,-0.7474242459904361,0.5604146322087054,1.956489842057346,0.6619553881510202,-2.35409791447868,0.4504119599294666,-1.5073788221020537,0.8759738379125791,-0.2780179343616925,-6.271476170202579,1.1087766603072329,-1.75110860587232,-0.21256107509869226,-4.690875348195716,-1.034188273209578,55.48,0
238,-0.4400587730399219,0.3489509403453789,-0.35540890558047256,-1.0702453636885467,0.76920464888916,0.6331478357696674,2.831282980516264,-0.6988930958298374,0.2728167322778412,1.5370909761922469,0.5827405123282516,-2.711848181168202,1.0705826696757639,-2.7959247946095203,1.0867689645371947,0.8923296533971701,-1.343574399641832,-1.6085376455885472,0.1718086347082457,-0.16821677210325808,3.313239535401743,-0.38456976697432366,0.45930749487116257,-3.126109513390312,-1.6105532012460402,-0.13039355220383636,-1.5150601565025559,0.6069890972742117,-1.1760137345456831,52.49,0
239,0.1856695590444871,-1.945026044010672,0.6752124304135045,-0.5804230518766984,0.013144788559767907,-3.9327038503800766,2.70651408222764,1.1847555034110568,0.4822293600551622,1.4699531201269238,-0.18912302239314271,1.673539739795944,-1.005107500838015,-2.735851755233443,-0.4125150493235687,0.3176520811831798,-2.8541406063769355,-1.5092890071627192,0.7527791488571394,0.4549055288446821,0.12650576758241172,0.05197172671550086,-1.0726886363656267,0.2406099036855784,-0.8027776748685957,-0.039360624810149646,-1.3758990676204519,-2.284065298564181,-0.4491634046415617,11.47,0
240,-0.0909208031237956,0.9132658797617687,0.8898594886509348,0.16226445190991212,-0.11545731718918943,2.344224664349347,-2.227289449760508,-1.201212818893263,-0.24718536535441432,0.1496370512524673,0.23150962284503207,-3.003891589849918,0.2863784830010945,-1.5285303939985693,-0.1222021510407434,1.210382609061763,1.3890983911915524,-4.312196113945155,-4.655559905108637,1.7655611776272604,0.2902309034844145,-0.8377416743488576,0.4542719696374938,-4.210173706127976,-0.5534312459752201,1.4940052477075458,1.1287820202479313,-4.3178587723028485,1.7142719325503628,30.22,0
241,1.0771925042677897,-0.249557430678374,0.4867105303254986,-2.008640644341018,0.3065122064697944,-2.622442771810589,-0.9423911857020058,0.2976689153127944,-0.2429142310872777,-0.39425367849164783,-3.0124843658503493,4.118764208991427,-1.3170981967549784,-1.605261886626491,1.7418184149597142,0.7848253685484937,0.02918149461008679,3.7129933223276166,5.35322745197855,-0.8277313896965831,-1.3630223586938714,-0.21311375409278915,3.1156543271695507,6.339051222015942,-0.8944442001871804,1.4170770333431444,-3.267015492646928,5.891698537351799,-1.7543015431978781,63.69,0
242,-1.3949888985806513,-0.23595657769616052,-0.7010895013761145,-1.876241640276561,1.093222897070873,-2.250225274226011,0.597497187342212,0.5195098881083026,0.21850758604612067,-0.4657189566328047,2.2196145580335562,-2.116844646446929,-0.33003464625088946,2.5544187335435216,2.143365982742418,-0.8057858969738931,1.1251054186612337,1.140587066207197,-1.505014578385691,0.7127245694093065,-1.6740382309887525,-0.09054123974837629,-2.1310302693622205,3.1461478623487484,-1.3705612342041356,1.789088982933061,-3.094115506116653,-1.9654587976593194,3.3638008223352007,135.93,0
243,-0.5128188094563434,1.1358958367547258,0.24688690153226664,2.839640312390892,-0.5043120335043169,5.365011562346869,-0.6329216818177569,0.902916551413958,0.5904523007847245,1.8924301723593167,-1.0756985848164413,3.0600972279771996,-0.499290590805561,-0.35215415393055916,1.1398566043617029,-0.08160192434705991,2.2222679733144073,-1.1871335101973441,-0.4168774829321332,0.786860068735157,-1.22872681374679,-1.029129678078305,0.8095810862209787,-1.4557452333450718,0.07163127677616955,-0.682632022012122,1.8255017423072157,-2.133686930322189,1.7778900328395655,101.05,0
244,-2.012348509320861,0.25472526375667937,-0.4953229819838707,-1.5372736445103792,0.14056955015082576,0.22244344595472967,0.038398492191717426,-0.8197088012267528,0.9287905983168195,-2.2405679365772344,-0.47040046053091833,1.2401764427270212,-0.1275906806288639,-2.7327293054325987,-0.05470847125397434,1.2655034894002992,-1.6721786716639042,3.5025139278632804,-0.7363017882088171,1.0439951913306855,0.12393191482389199,-1.4668094653928918,5.666367221260617,1.139358904985872,-0.8621387824536719,1.8772205497665126,-0.954280810804735,4.015566416963332,3.996240448287619,330.51,1
245,-0.11929030569573905,2.0035369292521596,-0.5629827138769333,-0.1945807579798785,0.5388668241692289,11.656658727905297,-0.43821206869716056,-1.0508754496515214,-1.1890837073451495,1.4986392539609468,1.0679652219716897,-2.6692193574616283,0.5948410212322582,-0.7576624090753635,1.0362443550013984,0.35350801926648995,2.60861362773465,1.165790359421874,0.0895109329987257,-0.1905372897269811,4.267128466820068,0.2892722520043055,7.605739611135585,-1.0252156905268657,0.12129770922223503,-1.571052204834725,-1.2692754526047079,4.107647332562419,3.557989415261127,79.49,0
246,0.4709670697851621,-4.45434873624308,-1.5023889816895173,-2.1765462114221252,-2.147132099966032,-8.268359625171184,-2.4250477748172314,0.12809888435898667,0.32656301586305486,0.2120262262822714,0.5899755978461955,4.1333596796735526,0.10718646478241609,2.6649459745265776,-0.2830790735982502,0.2712114752799734,-0.7920526838239862,2.0116934294872433,6.6616417933657806,0.3330021294490398,-5.8905176685797915,-0.8168615002149581,-5.096708744917882,9.138639037060775,0.9983045685783835,0.7349648157519848,-2.3580875250767757,-3.7274756536028,-5.501742315934707,56.61,0
247,-0.2899767799828719,-0.7999498441134855,-0.6711491080756229,-2.557400169462249,-1.0490703595907331,3.635996978579215,2.434773057836615,-0.33084046608119305,-0.13435957724395306,1.355598943890208,-0.9014376820454814,-2.260019835345246,0.46976268963410817,1.9735100130283842,0.6907699895852868,0.3788620827423358,1.3676852809800768,-4.646230357296943,6.245074574727678,0.16023282755627707,2.871424161437588,0.3502610479670479,1.2047101370481694,4.417870704254833,-0.799071056833888,-1.035230842819812,2.3650235442244405,-3.877842238936183,-1.9907797492675314,295.43,0
248,-1.1032927428246264,0.4263691961779286,-0.9159675813651517,-0.5866550738711941,0.5981746029905671,3.6469029141093743,0.27189666851196426,-0.6153873097625132,-1.646241349106251,0.7452717092331707,-1.278268757319314,2.3931063347222916,-1.5452291149986712,-3.094935159127448,1.2195329359482587,-0.9043951229546204,1.165662929644153,0.40058125389855015,1.0850276874064937,0.8033160427378291,-0.933176417813217,-1.9102541812810507,4.280972007129682,-0.6848456143468185,1.299181252629184,0.24846242113129152,0.7558669727575599,-2.2776662898437907,1.8636917525598689,423.61,0
249,-0.14342321645892908,4.149366967161232,-0.3039226476153726,0.5524291396906784,0.21229961766047659,7.228017043465571,-2.3383938451531807,1.351088946337002,1.3122079936015318,1.0981572323489635,-1.3782944565155177,-0.8733879149660899,-0.9096520258330384,-1.1709158889944764,-0.8841091410299213,-0.15378516514619175,0.8137297417115114,-1.424049393946373,-0.40602042151016426,1.2371509754787164,0.9611597300927134,0.9133910908021826,4.176303219815969,0.12770914971931183,0.2405807577265921,-0.03265590374030994,0.6269032575152601,4.132168663481069,1.2988684147573784,65.59,0
250,-0.6353065343682036,-0.22152032439041391,0.64323541855256,2.495623321026607,0.7845272604756386,1.0957222546919234,-2.257253632188196,-0.7203688548966539,0.03360170735355592,0.16008059352644677,0.28336339601414784,1.538440911127295,0.38986515806571725,2.3357333895015,0.38364438496964126,-0.1194544012563351,0.5299425533241056,1.6299026146379556,0.5917580961918042,0.47830039225468934,0.06774276861139883,-1.4428537540673354,-1.3984395973840735,2.311267947189053,-0.567195151015101,-0.9634990605160515,-1.7213306533170356,5.505553442177347,-0.48142899970927233,30.81,0
251,-0.7194053731104106,-3.4025741658143116,-1.4480832081439898,-1.4580746466752088,-1.173699642777493,-1.6909043668735184,0.5163726940309141,-0.05022968458993645,2.229043724523813,-1.2270625773084785,2.2389563525106797,-0.9176049247558106,1.684037627431329,-3.227544704018455,1.7280637986418301,-0.10643050958138787,-0.7499519148136109,0.26046220628294037,-1.312427012102547,-0.4303145247509898,0.4392261985706649,1.5404289516874607,0.6030890848981103,-2.281365990048729,0.7825951266852254,0.19477547189091382,-2.229160387222298,-2.8161769928241593,2.1658115689865176,115.99,0
252,0.5136373890002042,3.44204841238064,-1.0023876446164846,-1.1121168234526861,0.8418566293964815,7.378544340067454,-0.1853232328437574,-0.6269837737716375,1.7264563718786883,1.4362276321686225,0.15809167775124922,-1.3324358796649325,-0.30150933970012783,1.8146880002897587,-0.20017563679851152,0.8897490428140682,-0.17343743025850977,0.4483244296575478,2.93662293912272,-0.8656465445783166,1.5599403967178977,0.9275915211742136,4.434417312701119,6.3108727004590515,-1.2594627649143568,0.26402244899635335,-1.155847000590823,5.939261742024302,2.5543987777460884,282.44,0
253,-1.1462363070990913,-4.1577801705042186,1.250661507786149,0.31715328487872096,-0.6872281378082329,-3.5948870431084825,-1.3614759795189961,-0.7007891025062037,-0.0010638854749819638,3.5412481337336374,0.7006047897269003,4.577149427753998,-1.1502281782422386,-1.361583588789026,-0.5755536889079905,-1.217522832410118,-5.177832701647224,-1.6019489315104023,-0.32633550934821776,0.7591539739471846,-2.319659877627816,0.125548391329151,1.0449479632713614,3.848089208912836,-0.5306167721151521,-0.7386450247579466,-0.4144486198727946,-5.885623131137827,-1.0746061078637075,43.42,0
254,0.024923486154200765,-1.00546158995038,-0.4564715159505109,1.0068109178367575,-0.06140855086615696,5.901083146250804,-0.7937299210403362,-0.10420691361502854,-0.3317733937447442,1.8522782053017397,-0.10997137394816792,1.296373581082507,-0.3872540540989525,-4.249359383217299,2.2057826947481614,0.5664449867790268,2.928256208811391,-0.8204311761646272,-0.48359213055657746,0.6020525232101246,1.4719721148929539,0.8117403137671578,3.4435251710595716,-2.491436326217544,0.7238796866005448,0.8199007767588492,-3.4697246312853878,0.22186225863578612,3.1777981899372465,45.57,0
255,0.7599232213413074,1.0714129357854478,0.08734145602504807,-1.3644586094364093,-0.22928138205741125,1.0369329486831604,1.737456041708171,-0.8858716143905012,-1.115434253528776,1.016569781363187,0.38894922343715255,-1.3553738985457175,0.484597102508585,2.295427414711534,0.017269526005648968,0.13078211019153604,1.1086540291042843,-0.4248875542215223,1.6476885925790257,0.14160101258013216,-0.0039886617579871775,-0.5323181414623667,-0.650670429154956,3.451982036478396,1.0372753806398205,-1.0685880696434649,-0.9340808086755519,-0.8339768472153547,1.096764482216261,168.28,0
256,0.04342340881641101,-0.2872708858343006,-0.9597323348329341,0.9514237831091151,-0.21450256682421923,2.542525057170059,-2.482783583598192,0.09417646917364228,1.7440102340757326,-0.28739870421766434,-0.6072890698139922,-0.654589253337428,-1.663689978196383,-0.8041959064326007,-0.9960449401698921,1.2221941801067953,1.1144586655001019,-3.93585751976951,-2.9143576414122836,0.5570296224878031,0.3429189613447755,0.7403334225564788,1.2861296678053489,-1.542720664980241,0.5511266040869559,-1.335691521693076,1.6602124389156492,-2.8695581331776934,2.182635182027201,127.17,0
257,-2.8562754133411574,3.203554119064725,-0.13367591465481174,1.5358508213122963,-0.7838417390846841,2.5455824010424193,-1.763830305200519,0.09882404501643172,-0.2202095296340774,2.021380000722463,-3.5386435596496026,1.9470800115391853,-0.009082794095686441,-3.500372670531672,-1.757423370402755,0.31103906536807824,1.395997716140238,-5.485123405758293,-4.699160638202007,-0.8839898989220014,-2.7064612047649685,-0.7877582576204393,1.8076386505310125,-4.941471944721982,-0.3546803599307581,-0.28949008043361957,4.443997176361378,-7.648119911455825,1.4713886171879056,29.86,0
258,-0.36091837300925717,2.5046037493347657,-0.5450508044162853,-2.1776987131812007,-0.8829465289985701,1.299459529242731,2.159259012437134,-2.168859845702551,1.541835744840774,-0.8737297054356069,1.1071265013458274,-3.91010088503435,-1.0420678235311058,-0.13536707704434858,-0.6781445463918958,-2.2307676531473977,-0.30607913815878474,0.929921320884587,0.08214385535535185,-1.4059526635856727,1.9896395460011211,-1.4527209025324075,0.83692807678778,0.8429472792376168,-1.0077094777701874,-1.1247310580275538,-2.3855520982907006,4.468410071160313,2.381437866292281,58.94,0
259,-0.5385264535684786,2.226751011377835,0.07485181221561789,1.9456025280870897,1.0625720057333625,-0.08161064586363613,0.6738983027911644,-1.1970550048264106,0.15703917019676786,0.35084765246562266,-3.3038008730679773,3.5710632671784297,0.27352156747501716,-1.366618592394179,0.07123139745901451,-0.9041388431014801,-2.0692278312812427,0.28316665668490193,-1.7337753085465444,-1.4820732754824262,0.42226480158492874,2.706687940975501,3.1321395075775227,0.35156458176232175,0.5893696072695719,1.5151763934435558,1.4087072266559106,4.356051669794248,1.9354156290062465,89.99,0
260,0.8675794775062722,2.2633004399963106,-0.3197402142675043,1.5553481129902345,-0.5388103588971175,5.271341279597172,-3.9922680319912045,-0.2993938433322431,0.054335659465392594,-2.2671761064185083,0.20142710413972165,-0.6685250987790857,-1.1341276624784327,3.1067424664809367,-1.336269636551354,1.6259779600063986,1.154422435977483,3.1023094370718147,0.3324328862064959,-0.4621159637998562,0.974660423367287,-0.5922443776240135,2.5212573198282775,2.996927342501559,1.184695797881003,1.4301727436187794,-0.13157384548689055,9.72604818289547,1.4550688399956648,46.42,0
261,-0.4615131352549084,0.6105587562273688,-0.8523336784531098,-1.5253600835161794,1.722709710720728,-0.2430650073216445,-1.7817287495159748,0.4342071778618859,0.514640239981159,-0.4611970508732234,-0.2505875952719361,0.03173538444692465,-0.14737622519781826,-2.4541825661659424,0.38816803343394224,2.0503966511115097,-0.2436693913973077,0.3203454320173297,-0.329672891849495,-0.07535224125955695,-1.7588620789961014,0.9961047893171002,1.7456616708466384,-0.448629539707267,0.5789130237728995,0.3847505337668032,-0.2713911080658843,-1.0718237853144095,-0.13090397570461054,43.03,0
262,2.09924951925509,-0.32904772737052335,-0.6196237546892899,0.49461199276992707,0.7932257178100984,4.833386151298921,0.14436166024953934,0.9132806180402842,1.445635046658087,0.9012579309667419,1.1269877926995386,-0.5851752075978961,0.7524362008174793,-0.2422861345287599,-0.3235910712810316,0.501894389860622,2.9392322981984997,-2.2440552289545974,-1.5059755155339767,-0.767729142768612,-1.0621773192261705,0.5683521485426429,0.3802733913608895,-3.7707142309285078,-0.7456204671721736,-0.7062233540680766,2.8425370337198825,-8.44515331566539,2.1336816796087863,102.86,0
263,0.33884709644161004,-0.7597121744878552,-1.2493744844749142,-1.5591340527975985,0.5498928864166234,0.4050311844588781,-2.0082329271811528,0.299641187443805,-0.5727333547430408,-0.05962444068863704,0.24240683485231662,1.5793520109197856,0.5870192397951901,-0.8284167337440627,0.5069082002928592,1.581515118731809,-0.8133032730155054,1.8569096311790934,0.07642326602795046,1.2005230919534204,-1.4919390674481279,0.8435504091688937,3.9698969932986445,4.6171082392214835,-0.3907397743584403,-0.3968801448777876,-2.3921911927575117,1.0099613392269677,2.932751965976015,8.36,0
264,-0.7965255751603473,-1.722542442867982,-1.7706523099222744,0.12400409341720364,-1.038377642700551,5.699940929819215,-0.362735094329096,1.8856687850553053,-0.5916473985157515,0.1583358945341492,0.31428670839184847,1.49430221236239,-0.7195195128860274,-1.4445285572057611,-0.3330029719863096,-1.722554827880282,2.6313422283286783,-1.8436994967884002,3.499355478626459,0.687769163796706,-0.1761738415532902,-1.8369831612251455,1.379333244946471,1.3853122621307852,-1.0811884780389913,-0.46169871558758396,0.026909668301234646,-2.5232994380145413,2.4015790308637603,131.58,0
265,1.230484356358352,1.5952313596069703,0.19392147688393416,2.759681454862646,0.21987014237394562,0.9472584781186333,2.3162149692675578,0.4663216491832921,0.3108383975387898,3.3036398620554794,-2.115312605101016,2.081408441316934,0.06319360385022683,-3.621522924178158,-0.5444010195789126,1.0478490568897503,-0.0828433947897832,-5.376291910395996,-5.735379656266212,1.2461649978779448,-0.8961114980295304,1.4222585085763269,-0.3710338570519448,-7.723873288852684,-0.11297047594906802,-1.3383306268204636,3.896780108006804,-9.157075824872726,1.9457160114741026,196.53,0
266,-0.22776128871237047,-2.779356781601758,-0.37478379381323196,-2.207251715163047,-0.9786700420219693,-2.7923618679263464,0.8184004189879686,-1.4308585839323829,0.576094728144831,1.0145195878202375,2.9101616570630933,-3.148691658112348,0.89949996247716,0.6774415445082497,0.7628635611864517,-1.271690141519304,-2.066411525715461,-3.3420117169378987,2.0067950691573353,-1.2217710884730737,-0.1607437711092249,0.683062711399045,-3.9796428815113867,0.34581099952847627,-2.069318350847686,1.5770748223271638,0.6962166134151554,-7.127572640041926,-3.9296284588302766,93.65,0
267,-0.9680497955496961,2.0329536395927965,1.3653287482758214,0.5381066612557803,-1.3803898467240674,-1.004543767200138,0.7161696432947885,1.0867589770265649,-0.14968094791531705,1.3842903655616845,-2.734152630794492,2.4318936059981806,-0.203298244576805,-2.694817347141704,-0.9676564282885214,-0.3032607776667061,0.9198629278684923,-2.397658243634993,-2.8940267846030068,1.1875918180180127,-3.147822129911345,0.6712596660773543,0.13814034690890156,-4.319877381809578,-0.8072777700103707,-0.5655527624024238,3.436073055714793,-7.511655469105021,0.37369956478848887,117.21,0
268,0.7689915363449175,-1.1462510789563631,-0.9317667088462365,-0.8110015633784241,-0.13655710920313543,-5.822033463238416,0.6461910703747394,0.051243511653020504,-0.7168266079081144,2.830132916012731,0.5119316867511433,-0.6326236555897056,0.28221775497064283,-3.403112500182675,-0.11887876313981743,-2.2595533126555916,-1.356795836238643,-3.4022978638134505,-2.0247705760988697,-1.408663267758591,-0.6665518306772492,-0.15058833940863453,-4.447317983094015,-0.2722231532254402,-0.023803708095732967,-2.0531545098475052,-6.167769331496201,-2.0022698893893858,-0.49384869645742635,81.38,0
269,0.18867044750999853,-0.11144766259839944,-1.0414312698645425,5.632461707316193,-1.56410176347928,5.033296516515926,3.3787107358775246,0.06318366880775604,2.014113723359744,3.001761579997682,-2.2537231394586343,7.384674439808256,-0.8124698322923339,0.5552609446518425,0.05135875880268002,-0.8170954586402323,1.024010181703648,-0.9628898623287654,-0.7756745331694767,0.7179313858226648,-0.1251438285629639,0.24191498432149858,1.0299785146706646,-0.20534839958005008,0.22481673669147476,0.9390291574991455,2.5941894000565777,-1.7460270642331124,5.407023235771696,75.01,0
270,0.988526104647442,0.2670427219988243,0.9084142390861619,3.8581973384478365,-1.5436305218736848,4.21215552413168,0.21783616443187326,0.42458509604714495,0.5970560997385407,0.37857933930971965,-2.1207900076097244,4.802732469817632,0.7107740251751941,-0.319011761202441,0.8937617973878307,1.6201586849567073,1.4570797239252542,1.425914624387485,-1.1667679790011403,-0.18194543834241864,0.6584105256619562,-0.32158768442570723,3.1205473006880537,-0.9934317168271861,0.9674294191540579,0.06382122503363889,1.1891118596422006,2.974495855887498,3.681008951139563,11.59,0
271,2.728499745296607,-2.0495961580452353,-0.9008117410113639,3.407391994047107,-0.17117119524153482,-1.0471002927345696,-1.5468381342150952,-1.6001892867621594,-0.10059310537820755,-0.10386615330090188,-3.2673299963331313,4.897474115851408,-0.31909603425102373,1.3840074311263466,-0.6695523263758105,-1.5341809606872214,-0.322118100909181,-1.3646999608667691,-0.451697706286221,-0.4865812463547379,1.3601155522531245,0.7065207734206274,1.3564814058051209,4.44573746946536,0.1707054827545068,-1.363404247337514,-0.2620471801217584,4.674690043978424,2.171814397915335,112.98,0
272,0.5551717689786619,2.5236407437533357,0.8428026912605329,-0.3443303507932781,0.10070321403397768,4.129429050307016,3.072485069563558,0.27308885852988896,1.6164255574900401,1.9864374981060022,0.9930597264316245,-1.800569731065736,0.2585749007371417,0.2949184746651833,-1.7961646591685814,0.5303061822496024,0.7994345200870788,0.3897539113508418,-0.2819026971142188,-1.3452324520998302,1.957658582471412,-1.3351466116608586,0.9966069239599933,1.395386445463367,-2.3038449694880216,-1.2396704393524807,-3.482774069765968,3.2583492658712916,4.17960865611277,63.33,0
273,-2.6266847559986117,0.34618052074297523,-1.1992824219641323,6.505219302092443,-0.6050636907219706,-1.8207092247304462,3.3816662681025274,-2.272141655570607,-0.21469454738683721,1.8492345277308937,-3.6159944139257147,6.2785529152486905,0.7495825713736299,-1.3038461900201828,-1.2561552745073867,-0.04454486424478854,-0.8370033779155263,-1.4978021245695912,-4.576770996386851,0.0021184210174724715,1.2448307497554087,-1.5889896024777754,-1.931894049579204,-4.281339275115271,-0.5615986763768689,-0.16295631080584103,0.9606847368761996,2.360891159803743,3.160986276467061,326.18,0
274,2.4254125918038927,0.38783689859979564,1.7846356069497724,3.8035171922796223,-0.2697406066116577,4.326879579287482,-0.8751836489259817,0.020271892122288065,1.1644758470500058,0.5052525814335475,0.020772609175259804,1.3418225545832065,0.40271818926982167,0.3027842518563352,-0.9646575888950566,-0.16508266237098573,0.6572258542714139,-1.6069293186081408,-2.6799156663233124,0.6252284708731023,1.0350727241481694,-1.5322217872403114,-0.04576219772274167,-1.6782687059099415,0.25287665751566707,-0.07912222238450871,0.6271519712423399,1.899502803027003,3.387447196213207,263.8,0
275,1.1104972790915768,-2.996675841575346,-0.9549640356430029,2.9930493221613257,1.0755000211306371,-5.8667836900667165,3.347697370397738,0.2707565235498433,2.4504557341315008,2.201544676973074,-2.9776173936521415,6.763517749869047,-1.8552505395526635,-0.5931767484946747,-1.0152542733462815,0.17044705041296596,-1.8190033680135795,-0.8068201825421333,-1.7583910122821873,0.60666651348988,-0.52070498487266,-1.160373451068,-0.8863987028517518,-0.11579173689616569,0.12155008278515436,-1.2696522661013012,0.9125033822027011,-3.796885275876655,0.8668032497444852,121.3,0
276,0.8676601410556147,-2.5401302019891934,-0.020701003116861988,-4.349583580470348,0.7806306743514945,-0.3571237036270155,-4.349211581393993,-0.44623336678444686,0.3017888307971837,-3.14189301272502,3.225413395858637,-4.302304407650969,1.3790232409712908,2.9047467980770914,-0.2961395798337102,-0.12337891034350469,-1.4220846549726625,1.5184325889841621,-1.6960065301032858,1.220570292345089,-0.3406557621404688,-0.5811495110719016,4.927200743568769,5.288157888204599,-0.574185068016375,-0.03649927744616561,0.23498100714879333,-2.28238634675237,2.4069697118573385,16.57,0
277,0.8557353208608411,-2.680903145692915,0.33512613307366396,-1.882335143606003,-1.5251056410143606,-3.69657814183775,1.0714715879119767,1.2740596432667959,-1.7337670900082482,0.37154139204234005,-0.1065879474385184,0.1818991158239925,0.3646018037048318,-2.656075362887756,0.8596950512977658,-1.0966250441473178,-1.3669221361412291,-0.6099232713519911,-0.015572820575928792,1.4781839356390019,0.7409459023058805,-0.9500418802658166,1.1560399440053706,-0.0629608963559231,0.1331664893627056,-0.47495670452137745,-1.9139432407748886,-2.4727528159180308,-0.35083827730528194,58.49,0
278,0.9750440547228668,-4.474229907620847,0.7597708591258453,0.42712470497775745,-0.5568147576570665,0.33260691877171666,4.405135437484493,-0.4165940456521597,0.5062784714875873,1.246759313526949,4.223769766840565,-2.8202750170110242,0.3706139719478557,-0.20141919384826312,-0.453157893685935,0.06306502948812001,1.9269113712383983,-3.5736650655839965,0.5628484166898866,-0.5392295367895669,1.4104467115113697,0.11349434622574224,-6.5019763985678045,-6.058018026705462,-0.8691292424979301,-0.6037410931662635,0.17536211236758892,-10.446088830180189,-0.5525096288873804,217.94,0
279,-0.5665693040900902,-0.7375642219123688,-0.42401293125215883,1.3036688911591066,0.07393235017590676,9.227963457013814,0.7546363032257568,-1.0952374259119726,-0.3125923548005312,3.544738695615952,-1.630140887732213,2.168760063236252,0.08783013059273874,-2.852905262707014,-1.2459023501092221,-0.20966001269772902,1.2321764307214065,0.4333213916281623,-0.5552824906158466,1.1946599101248674,4.789881486384091,-0.4970646066281865,10.257048581090814,-2.6449985069368247,-1.4750892214692963,0.5521785550573632,0.6114603355098308,0.23092257643690223,2.2027685562529036,106.53,0
280,0.994893334888379,-2.904179615317961,1.2431035778482933,1.1039251204212648,-0.2682299353397865,3.500597061891261,3.4624554090115454,1.245725077602997,0.06586306631975722,4.454461107835396,2.1925393560502053,-0.0652543412863273,-0.949279506705735,-2.950584942459876,-0.7767120908594111,-1.0699091431662089,-0.33070429381391964,-4.100943781410826,1.6956709720925915,0.7461740537000482,2.578542649464568,0.9743993553013208,-1.8976702847184088,-3.1832300478530824,2.9987341055024648,-0.5979454646241336,-1.8925711633464801,-5.3234051447505735,-0.563623819377003,132.62,0
281,0.8601507958725464,-1.2804643986120396,-0.11038318064603528,1.5723486930483985,0.5043190155645603,2.0422836866739917,-4.320698982007667,0.026341288747435226,-0.5837206456894258,1.795267464311189,-1.8070097471843476,2.8367357975281076,0.048668043162752445,1.4720262830705901,0.05047105368346139,-0.7358535759123606,2.952869988225807,-5.812169593778793,-0.38630035791179584,-1.4043164166961695,-3.5149791748135515,0.18847899108948643,-0.9919686546701247,2.8228493188211754,0.38582148643222297,-0.6586320809550305,2.7281116016490907,-8.568703941848103,0.47345157878648964,134.35,0
282,-0.04462762306644215,3.2317294982245017,1.8379420299922753,2.8663455882938047,0.9359731592656175,5.323866334282008,-0.7041869160235719,-0.2925947499076102,0.8349894273785858,0.1088816795044032,-3.174976347529116,2.257938890635385,0.42214369219526265,-1.22462063368057,0.8498203653189064,1.638281183136422,-0.35384266997756286,-0.4720588377797043,-1.718813886250675,-0.24872342408253253,2.5461919887639857,-1.9890341961712958,5.014434310587255,0.5718628548590315,1.094934055641929,-0.16557897256759446,0.546231741933748,8.415312915970318,3.9882577378387642,186.29,0
283,0.9277159187500846,-0.4607418173893435,-0.166317059929684,-3.817684624694462,0.5352151476096952,2.746697467314177,-1.7141873669307666,-0.15808462795791162,-0.7923692641806491,-3.0620355611974976,1.7606896712194084,-2.9026534971519196,0.24195540232101154,3.351496258640853,-3.0205759218297796,0.6795831493856468,-2.5329442163501414,-0.7619808110087314,5.3828442934718925,0.8681792730532202,0.11485427056985986,0.20414660450805558,2.914803945578917,8.913443333714852,-0.43067639196021534,0.20003416213017194,2.9939412083684847,1.0906489718593502,0.5895289113019619,129.53,0
284,-2.820266503429235,-0.6380561606476582,-0.8723402853002961,-0.6612714597283765,0.26701033343017444,4.136911583008163,0.24412381428499874,-0.4953244105437042,-0.2560537903952518,1.169075798267219,2.1793775087213367,0.3254183980402263,-0.5559134963140018,1.4816920791559922,-0.10004103773060016,1.0703518353637607,-2.4450007325083343,0.8457204270959736,1.2980791081049095,0.2847355570693363,0.44235322750717937,0.14113489074529878,3.574982672198543,5.195389057226413,1.7899364863062825,-0.5979493450178113,-0.25939784537784805,0.48375162924026727,3.237291332104117,58.25,0
285,0.6050351408117695,1.5676598175776224,-0.6112262701453908,0.852438192617662,1.1714012402126184,2.4266966959495004,2.8826165579486034,0.8892981192934595,-0.8468188477573376,2.7652350925976776,-2.9362735422647086,1.6856650304502407,0.6254635400456616,-5.870904305127709,2.05630101019252,1.8143505763897747,-0.09043545796698604,-3.2840960347095773,2.898472096624706,0.583211774787939,2.602494689022659,-1.080166776115136,0.5906592786459046,-3.0372333696453504,-0.31616157664040295,0.43040342273168825,-1.586684234833828,2.8667293402173812,-1.6931884760621725,18.42,0
286,-0.14165919770220706,1.7135457001331944,0.2984278994828184,-1.3899426003086583,1.172251512984841,4.82634927007743,-0.9481275284618056,-0.07131789051481921,-0.06119574110790367,0.8615175621646877,-0.9241242089170952,1.1175732135024532,0.508368676721951,-1.7935880531315709,1.4425781722524427,1.5628898196781764,2.1378407301757583,-1.0211540750621027,1.8099783624491796,0.061770871376545564,-2.740635028482927,1.2429502030420623,3.007525543947924,0.2807890779176265,0.5697833505344024,0.23763640301074465,2.248302746983492,-5.15604152722229,1.0046484073743884,106.65,0
287,-0.5495445908100448,1.6578083153292045,-0.20486063427138504,3.0221524421893684,-2.3480683971008265,9.386203536323736,-0.5507988713540095,-1.726803202706756,-0.901103286984357,1.2743703312662753,-3.229427072484507,4.034078146227014,2.239965192231448,-0.3719628922209588,-0.13609645868164935,-0.1975293374691683,1.795948312203539,-1.3932634016769172,0.6370101718072766,-1.8316512287136264,2.2174487278737254,0.8216157522371632,6.827580846999688,2.7295322766953865,-0.005722840904920714,-0.0809879094021674,1.6126731054657109,4.372322792489268,5.479784566196948,81.3,0
288,-0.051963178009874454,-0.5525283180476264,0.437498296408455,-0.26979677064420304,0.7260387931103602,3.1270571244128758,-0.8319761423833615,-0.5651313717924064,-1.485739465722507,-1.5148707228141047,2.01973884948864,1.3422659635181344,-0.39058231264857,-4.841996791491402,0.9719186938202443,-1.3638631496671385,-1.4420899830041103,5.332534086440914,-2.383299559828915,-0.6823845854715656,0.12677285396097915,1.2871810467060911,5.979928828309416,-2.401889617140814,-1.0769231186843455,-0.9463112457248688,-3.221567791227455,4.595739620769469,5.259851884745945,39.94,0
289,-0.7132491280839726,1.669159888116316,-1.5777532278001976,-0.25119603576962823,0.14770582076300817,8.926559351036692,0.80730879156464,-0.3723871854226452,-0.6466868530633912,0.5279845793092703,0.7566660428676499,-2.0746846040482843,-0.7817404722245345,-2.499502888995083,-1.325884076953689,-0.3951401086262139,2.2326275585992854,1.86546419572357,-1.0400327265036737,-1.0277739179138536,4.16978450015768,-1.4672723981921136,6.844061745237652,-2.220945706121704,-0.8331377801895606,0.37561387714565736,-2.811153917932527,5.213433445544264,5.058887424113201,62.58,0
290,0.774353695020212,1.646304682219128,0.4230962439934246,-3.81496589729358,-2.090854797313115,-5.61816271060961,2.024247327937719,-1.773974929644101,-1.071156077403275,0.06299500865975083,-0.30499023335500086,-4.794630268667752,-0.2516405146847802,0.1830391548901612,-0.8199810553645547,-1.9337932803017448,-2.3175642371052887,-3.6422849579867793,0.2641264660762689,1.1093839807607901,1.4761958586783792,-0.7958449595234681,-2.673680832993754,4.474568540246528,1.078829953740112,-0.8103412863092737,-3.601733690008958,2.094204373029367,-0.2228869776722756,44.76,0
291,0.017855301482174405,-0.9533895307306474,1.2562213444413588,-1.3106046957381832,-1.2412992727409569,-1.3923371970076766,-1.709144831750524,1.5153967492635925,-0.8189524449737209,1.0698784885293082,0.01654282419391695,-1.8011264685053492,0.14187804262849532,-3.877163840152585,0.7034935227111718,0.9944102812176302,1.968951417444941,-4.372064491859627,-3.81054862913074,-1.1488401196158635,-1.6936118766590744,0.7642925814204332,-0.8618173699077246,-5.510182333320537,-0.5724750238115909,2.475313800936102,-0.13691209327404963,-9.564405593743004,-0.4154800866126268,93.31,0
292,-0.5161448693582567,0.4045691594796247,0.9436849698038882,-1.2568387514454769,-0.4819109663809622,-5.203936030814713,1.3815469930101856,0.38568916486149896,-1.535957298442066,1.5390566985429421,-0.12342416320927152,0.7989631444443999,-0.0648797329702767,-0.9756975947994939,-0.06854003632721566,-2.0119999681061094,-2.659534206316895,1.1000490152989997,-1.8749067322007766,0.17466955573157403,-1.265655927376875,0.4843517014727856,-0.3651062290460999,1.8704934611259956,0.001651717132436041,0.06351555772689924,-3.139670443019197,0.12289594042498865,0.6323060436130924,251.58,0
293,0.14877034924941623,-0.450010668227698,-0.9122422519845744,-1.0943682544002757,-0.3754726122024387,-0.5444547842626319,1.6583911317866347,-0.7427799707332572,1.2522799455158922,-2.5575356802977414,3.698262545038451,-3.3068677607994696,0.806411762261759,-1.0432808672814171,-0.8545094777299357,-1.727561037636336,0.3509423531041521,0.1553613089350977,0.7350792908541011,-0.11382781446239938,-0.8602486633459568,-0.9490860282851212,-5.086629949695161,-2.663952529763914,-0.6653977643180745,1.8559789218064155,-1.3676205997811812,-0.9671421177907383,1.3805532741606292,233.0,0
294,1.0027245500816246,-2.119736156925089,0.015306574845510054,-2.9881628260563233,-0.7022204860755791,-1.3128560904392383,1.6444655793274905,-0.9890044382860126,-1.3733242797608214,0.9978336936455481,1.0512183056937499,-3.412426408512661,1.0889105126652388,0.3089474081653881,0.2918613130146538,-0.05577433767981306,-1.3489783102613917,-5.064661265691076,3.488962272842633,-0.6104923262720335,1.6812280869244847,-1.008267757866345,-1.825913330960211,2.5583383858356763,-1.1981807529612727,-0.45450829930227044,0.4835729024969465,-5.2446559733624,-2.7486319353604287,46.58,0
295,-0.1622191490215529,-2.6578918443752895,0.2503526084510541,-1.6416730701364506,-1.3272102744065042,2.6224735311859586,-3.188019116976425,1.3706083814901049,0.2027676016233806,3.435165066438991,2.44219473686631,0.24698856750277973,-1.1736988107537336,3.8769171318838294,0.4517753858746905,0.03984930415032582,-3.640631150372412,-1.4056338897407248,0.48932536142604743,-1.348331505280538,-0.19384915715709072,-1.7038313351662184,4.813844034059012,11.012692377847683,-1.6770945584721653,1.8289096324371783,-1.629688460743059,-2.4259197133772212,2.374773837937589,96.18,0
296,-1.2326625434337566,-3.2519951853749895,-1.068507632151937,1.2386725406149641,1.0880388357617128,6.006980834996576,0.29589146009072986,-0.804936367170773,-0.6570436972729109,0.8279012815010505,1.9153939020981872,2.8225335597467236,-0.7548585532025398,-1.4016205653437215,-0.12336810537690149,-0.4469183622860159,-0.6622165209754904,-0.12516693747825236,2.886547025760499,1.7167627491843505,0.20886195841329014,-1.799976570419055,2.7298211913234494,-0.26263660990572624,-0.4443862851055618,-0.7427185622469634,2.281016372030002,-3.7830515333851684,1.4097368484690582,110.52,0
297,-0.943380685295771,-1.5245956742162585,-0.5760116862383812,-0.1680390351695461,0.11280738792146285,-0.6059033471283669,2.57336314789288,0.3297862262602962,-1.0972729301249913,0.43426378884558453,1.1252393778673309,0.27772206164334673,-0.30934917200158435,-5.772973650543602,0.9218262915072898,1.731196901639361,-2.856922815174643,-0.4513960031309144,-0.18509032122511726,-2.381292394715473,1.6864729419652311,-1.5499966260186715,0.4721744307895695,-4.470952184250983,0.09954158189574805,0.18284865497593888,-1.8139913544623114,0.22122988406144484,0.44381158537484866,30.37,0
298,0.7666069111642105,3.989039889958914,-0.7786713476398819,-4.171218486275989,1.2528109453836513,-4.121030088218246,2.416674859774245,-0.5409121110098064,-0.2880494720050658,-1.416117728672134,-2.7788185780869123,-0.9688689971575035,-0.49076982400303953,1.636471334542867,-1.0753294047195996,-0.8139311105973189,-3.613023509026741,3.165957426532595,0.9200036878234236,-0.5044630835470667,0.7901092421896294,-0.7549965181264495,5.125854740127831,7.525024497306401,0.007014183847499382,0.18534310336691354,-0.4178563725871202,7.106607630806049,1.5518425448420317,135.81,0
299,0.5989127190455752,1.93444142094607,0.9645764946699871,-1.882728035586287,-2.077961258172137,-2.3165623479876642,1.2021965125470375,0.7744747949256725,0.5194644406135062,0.830436511409779,1.166682993260531,-2.081242537596592,-1.1682087362052165,0.5485478676459835,0.44285349383848666,0.3687963079582999,-2.530063427518574,0.5548903263751596,-1.7286977256251985,0.0916713828377636,0.04295706705999114,0.8634594763052582,-0.20727743561793394,4.33764128719292,-0.306985241924994,0.1807438949282192,-4.401898087617091,3.7091356856141604,3.096262249395865,114.36,0
300,-2.2212335007751243,1.2931665488654662,0.015983766722198454,0.5506938590319895,-0.19678183338273603,6.947339368563572,2.780669866587426,-1.588084115044374,0.08124707623980247,0.8148698091179967,0.25675893725271914,0.26065304129922356,-0.25042721743676133,-1.6293466751544974,-0.5493205302832531,0.9257624504569774,2.306850596976155,0.9044047251856696,1.791559625221093,0.5115256721178874,1.9590520248538863,-0.006664500390261396,2.59610746221171,-1.434213981990443,-1.5321824160814554,-0.06426512842961017,-0.9372271867441888,2.028348318936402,3.518058505737171,282.28,0
301,-0.706329706696292,-0.7310214882799871,-0.1008609230790248,2.051263709906594,0.9314695195539889,0.7290082274295956,0.5405316768537148,2.0061050974174037,0.16845076993249436,1.7598361963195372,-0.6325499947664248,3.493285266283736,-0.4397183593776238,-3.500781730283265,-0.5688054171653081,0.12984783046686063,0.43314986321235854,0.2274310273280188,-3.043053258003804,0.24893461186111668,-1.1839754541761618,0.42489610417240287,1.28170791470541,-4.851202455414883,0.8246595628492529,-0.17145793064083975,0.09292691741169556,-3.8286856337142052,1.786751758477067,109.06,0
302,0.5757899772517827,-0.5255521492722469,-0.29744475464423265,-0.8219519550787168,0.14849530580110562,6.027325392147173,1.8550632334236723,-1.127856246145756,0.9715517109684616,-0.8371041399174713,1.573093413516139,-3.48467179471274,2.08407127365249,-2.908458788096931,-1.0316983197683316,0.5043441746293211,2.3004738719448348,-1.2046763333347041,1.4359540275966627,-0.9012997076203142,3.8087746186634446,0.4504141613157049,1.7365178498539575,-4.578604298347974,0.3789793623634307,0.054975871562285256,-0.5617844289195378,0.2486118576631482,1.5000725860392237,178.66,0
303,-0.8816651280823552,-1.0934376451369983,-0.6038860500530543,-2.946212010087714,-0.11140413540227233,-2.463605158757829,1.0125934927400395,0.4480527986049255,0.2812105299558777,-2.1153776120364705,2.4245372696949525,-3.3092499217865035,0.085668338354177,2.724432936706152,0.0671876754939992,-0.6098212167272987,-0.36508016839661495,0.925442118455699,-1.0937453796310708,0.2310591210829541,-0.1857428582626045,2.475064639169303,-0.2451070684795038,3.632270681781875,-0.09961994978047371,-0.37517372483555633,-1.280646480755769,-1.7325541927835486,3.614120977959531,35.58,0
304,-0.5313158193259131,-7.628271153695182,0.9515649250581041,0.437074165483181,2.40462449207247,3.7424216068046987,0.18745265074790907,-1.7423692262512493,-1.7665645075202492,-1.255451269523817,2.7801787314379,1.4938272323529462,-0.08052964978643137,-5.760008828331069,1.0382984117696008,-0.8198441185598999,-1.1174254147332257,0.2914983054950294,0.20255586176157903,0.7587138248319099,2.418733255494363,-1.1958164369040705,5.335595518334714,-9.462535285529238,0.5981681339527561,0.5051510704546522,4.722809857552367,-9.366939254543695,-1.0715402565587957,67.64,0
305,0.34466230464398234,-0.4154813819618017,-0.4408095313485774,-0.6561864259150549,0.8952352166635325,-1.4816091722955151,0.9039767979480978,-0.48068040997651684,-0.28163051597274696,1.3356036347518976,0.07978387994603198,-0.30588846362523026,-1.222733254137745,-2.67462864239887,1.667211600851755,2.195012029127749,-0.9968240453853914,-2.0619870699053857,0.08567770846325695,-0.6101546392025484,0.3527416050232982,0.9230148192330175,-1.1595963311127258,-0.29373104254914273,1.25353405777955,0.009390608018599282,-2.5906469491315214,-0.5079700048398295,-0.0993113071959516,51.35,0
306,-1.197157420692021,-4.640669161718873,1.2690457113538767,0.5164029187723996,-0.3882785586980988,2.9222652932792985,0.8519943278462381,-1.3694356116214286,0.22199959462931115,-0.573567037323229,3.602629292579766,0.16131087444512843,0.7704172467992092,-3.921157046945955,-0.43418845571555514,-0.853945156783445,1.7739351356166448,-1.2976427237623094,1.2073961256059418,0.533239869155429,-0.2588294387716058,-0.5001081080287255,-2.2305959205678834,-5.090048718356701,-0.28374718105791114,-0.6945068504706754,-1.0045792193631102,-6.403721573243432,1.8227576373413563,34.87,0
307,0.20259852447607388,1.2074533990945988,0.5161349660879432,3.4475171967801352,-0.0653107116723949,1.6234928457946034,0.8253881887791205,0.4505983312791324,-1.0207402102082985,2.00755748775139,-3.026530162474542,4.095458091600095,1.5298834884051506,-0.39054142677079984,-1.135119419411239,-0.8667302333337176,-1.1125880982169543,-0.3379760134820221,-0.8373504075759944,-0.501229007443454,1.9291738384562436,0.26303518181790386,2.2263049668368713,1.0808047823093214,-0.6621885476766607,-2.13962756355356,-0.2516535615198182,5.696849694338543,1.5403388781689888,231.01,0
308,1.389775295320786,0.8878394021435413,0.14796888063276262,1.2207219368831406,-0.5446962871197124,2.2715494679329806,0.3456481280281375,-0.2636990658730787,-1.264187595991705,0.7970905013807265,-1.6621671654228563,3.905447784463183,-0.8790168861647499,0.9512434187309841,1.2844943775351327,0.9910594242225638,0.6441064539263599,1.9050265124031354,1.9141388686023002,0.9174621535937203,-1.2515599269005082,0.10428632223219882,2.0637362141488174,2.6608038731352495,1.2905109976279934,-0.15824637244161582,1.168712911335207,1.266190138360231,1.0332141535817105,144.92,0
309,0.4872493587651452,0.5072186619043274,-1.578028582721122,0.8508098646685832,0.6546682250719292,12.175513670118775,0.9980767247048988,-0.8333390725422531,-1.1486742523377627,3.5546909104869617,1.866456897571173,0.036227337402328114,0.12657930672293052,-0.06774809183423736,1.7601610751553105,1.4450673288737685,1.559484634692064,0.3925337913549186,1.7015107372800675,-2.906774048795815,3.480296246590375,0.7446330465989972,6.303487270405228,2.871571816716543,-0.9516528236172116,0.30733631448125637,-2.8601027787371747,3.0452394443255684,5.625262558781141,282.88,0
310,-0.37978659467667686,-2.7443607593637944,-2.154383706340724,-0.8253947724147267,0.059465927375476235,5.521408184007522,0.2618846048357809,1.435989124169071,1.465726412989435,-0.7859312648825497,4.496610658389315,-5.058812207447637,-0.8393519582926326,1.124336448896778,-0.040591836261898245,1.2924069009115537,3.466467582349622,-2.4589868576922074,1.5260373123158175,-0.6982100823370282,1.5839406304927657,-1.4559650424346218,-2.5132845811871696,-3.6060792937410513,-2.216120646951888,0.6060851828803315,1.0570754020301143,-6.715260483577501,0.11591113119604057,216.29,0
311,-0.142488851726558,-3.076509576082008,1.1019178306413826,-3.206184038524713,0.8468697346842523,7.268672576139377,-1.9581696481555837,-1.1460679421083284,0.17858859883365027,-2.9369555525378046,2.8740085681972842,-5.144284481651561,0.5151119544317794,1.0359303602165455,0.22181114833096185,0.32172137201579876,3.118835051273193,-0.6466577524663779,2.0485994561716896,1.8082240091491482,2.9997964849547776,-0.5102497897285304,5.416843573832883,-0.11596073514042406,0.287994312427,0.8480871588009244,2.371492846879159,-4.10260365659101,1.6976464165815226,127.69,0
312,-0.41120681057081593,-2.1407390515666043,0.7339078818646241,-1.6411917492017363,-0.8418733509170888,-0.8628776331199908,-0.0401449772934338,0.48398016196619054,0.5974628578813526,-1.1288101593922648,-0.2840740420672917,-0.8597461281455551,-1.1460919604530955,-3.8654435871753323,0.8752814266351764,-0.19291537109138282,1.8989683786938114,0.5912720459698791,-1.7992135669877651,-0.46575339307746244,1.2159956795314257,0.12415860384721537,3.017373063212358,-4.453916590333132,-0.42394129956078275,-1.32211794144374,-1.4736653130010544,-2.5750954931052648,0.885605455675359,284.27,0
313,0.8149874547962647,-7.267974252956608,1.0549007175973635,-1.672734479057926,-1.148848268166677,-0.8453804856780645,1.142539144767351,-0.09217408005330353,-0.352655486864075,0.3006323765537138,3.7305549053762213,-2.2722568984636036,2.4449813006664014,-0.2853348437026282,-0.7712292944510174,1.1257274293735673,-1.350817671668393,-2.5754530236190964,-0.6137992900107835,-0.4337129066910224,2.3325886760299874,-0.7736509118677243,1.0647588670784516,-2.8024513668727806,0.5013366271808629,-0.8769345818745263,2.091941199912303,-11.449457846382348,-0.7751131108838399,127.68,0
314,0.36100194617710163,-1.2394468859867533,2.8671068171879743,-0.4768574434585878,0.25781470525498895,-1.1631035862132615,1.6340154640848028,-2.4292929676734887,0.4295913033140909,0.22673676404513443,1.407589996030991,1.0811115323688425,0.37885122923497444,0.08977268361811674,-0.44131900440009764,0.9294790620935388,-0.21077484503685173,2.4051905528350175,-2.103470695711026,0.14714181929870035,-1.1070373170098224,-0.1601024136920497,1.0178505547978534,0.5712434789243005,-0.1150708048831132,0.3151717038924908,-1.6986223111776817,-2.4207327473663995,3.9817555979631463,174.36,0
315,-0.8186850432111983,-0.14815767102526012,-0.1641554334938168,0.2072791565369766,-0.442225526008153,-0.3614508406842712,3.006510802197262,-0.7585232609792003,0.3936348765745664,1.7730628251768659,2.3772199201561754,-0.9106931339682777,0.3756212317030415,-1.9593255524968969,-0.00738886988032359,0.8138405706506889,-1.1656710395631966,-1.5153525858340355,0.260139923766216,-0.21432806614491376,0.067792372045548,1.0584029080951756,-4.256160935174198,-1.1217847631953524,0.45014976005973206,-1.7698913358905783,-3.485627656431834,-0.6453710990626393,1.3393740593255283,39.41,0
316,1.9799483682905985,0.7240015260176336,-1.741716619866104,0.17077032472167197,0.7043386011475956,5.285146218822214,-1.3085788060720076,0.4915865075904735,-0.022677525487341064,3.1856147007770406,-2.891172369182026,4.294862509259879,-0.8543096504143626,-1.7406424461041565,-0.6700905738180335,0.9120236709883057,0.8586404263305697,-3.1241674533984223,2.218741776176253,-0.2313759574900389,-2.057271343701389,0.2140143897008368,4.802909026693425,2.770784732220771,0.8782139981549947,0.186161955581734,2.962431139661934,-5.518687255448679,0.6816238792400213,82.99,0
317,1.6968540737122817,2.285682253886036,0.898346125075529,-1.4436605853596376,0.08303819981330346,1.0656293949357003,0.9610351480954907,-0.35160742828186803,-1.0694023872354967,2.9051816085979993,0.4480881979326944,-2.271313615533904,1.3049402040080331,-3.364334411981113,-0.26911080253030073,-1.0043183843830081,1.2301566224743226,-4.194434490668051,-4.404035744906891,0.2854861626880532,-3.092887480773501,0.24225815662028627,-0.7108075848624962,-8.09728982215829,0.4221181149044621,1.9874008825271634,3.576124460443741,-14.00490165808124,-0.7099452959542872,8.69,0
318,0.030233802717335615,1.7863048046564463,-1.9140058280134873,-1.621412223448322,0.17431100352657702,6.319785275546906,-0.7831921419604538,-0.4781467227062784,1.4375467509326465,0.28295819554065504,2.864857192066385,-2.678128282813878,-0.5801276426989396,-1.850058907278032,-1.1546185675377267,-1.159282399230843,3.6188743720187446,1.589176935449239,-0.6283975600014131,0.6873732422375044,-2.5867860021106885,-0.30467896259373045,1.1901558649344035,-5.952847667593538,-0.22831842602516925,-2.0755950648778367,1.4186380146333648,-6.961766051552409,0.5065389625220051,193.75,0
319,-0.7888815353355542,-2.6257545255966646,0.5863197089149107,-1.044121672836482,-1.1055541943978062,-2.6241862894589043,0.38948400500624747,-0.7930840915432718,0.581676885215374,2.323538519715366,1.0383465527497604,0.9336517122544138,0.7449608109494047,-1.7732191411971565,0.12889991341633894,-0.9177233578615299,-4.6140397689206365,-2.2447021229532926,-0.20575830243949322,-1.391885421227521,0.34617781681838355,1.0638003508787186,1.0223742376672005,3.515703812885232,-0.6760745069742347,-2.033451427948401,-2.1737894637472728,-2.0478243477970604,0.5398315732485179,66.4,0
320,-1.3596790876860898,-1.9553697925970068,-1.459523374055626,-0.9304043691290255,-0.568469501374419,0.8086917269273851,1.3442834014890621,-0.6478484525505558,1.8604763531922952,0.1719572261438166,2.066119972342831,-1.6062691248358092,0.09779478281967469,-1.22058261688463,0.46950248118984517,-0.4496841232973195,0.7021456446443318,-1.8627999342105581,1.5231410966288212,0.42976962190497714,0.31757590887494036,0.2946983608256279,-2.1441267886775717,-1.3888102093358723,-0.5254429914341896,-1.2212870056654783,-0.7739402313618295,-4.052548969637823,0.08637612230262759,168.88,0
321,0.34614694395240136,-2.7824196241491355,1.6528341863390272,-4.379495094055977,1.3690612998424652,-5.402545220103847,-3.388550454052825,-0.4449702029871274,-1.0719596368460775,0.4113020812507343,-1.0838729311428787,-0.4122627341268057,1.113521353458339,-2.383843539879502,-0.19354574916758863,-0.10464662425820322,0.19668835673385798,-1.8911013549010174,1.7871024774896496,-0.6463172976974167,-2.1758853315135696,-1.7360420595513935,1.1387710166826768,3.164287804137752,-0.7693311543504044,-0.7765432895301789,-2.2789458305537393,-5.462100331795219,-3.9515254645662776,52.12,0
322,0.7105140871218615,0.8007667068075207,-1.0328144095081981,-5.239728189954184,0.6449549840273966,-9.101986900404855,1.0994283429184768,1.7934649248771786,-0.9376077796473099,-0.7267128170700691,1.8652128040050033,-5.7845656176766145,-0.19545965738642843,3.75773331540822,0.5914325993210678,-0.5136490154488385,-3.3251464090894394,-3.146077117840205,0.6272566379019464,-1.362600279749463,-1.4497827538040617,-0.2413010217013114,-6.039352866978384,9.152206593512103,-0.6375679253228755,0.29941193801748717,-4.004738234460777,-0.4780121557230589,-0.0730678672755869,215.55,0
323,1.9606914357403167,-0.6574979742327224,-0.3107771787876778,-2.0026605386094216,0.03560196790503425,3.1137128475357394,1.25513934665026,-1.0227782409877522,1.133942553639173,0.2370949366014361,1.6487135531660755,-3.3202898300583774,-0.3260603224520199,0.5372715885797327,-0.4809527296884268,2.438399345170654,0.6956680564124004,-2.1798878487487725,2.638182782963596,0.3842581368216289,1.9071268719650591,-0.011168617279531112,0.22312978526102628,1.2917821846765447,-0.05219750546286038,1.3292556295800815,-0.07346126159550326,-2.035692682826119,0.15480183211334775,165.1,0
324,-1.4195415457708802,0.7808645232228305,-0.5313598815768662,-1.4692114419306035,0.9943133817081246,-1.4750521960883434,0.4480740480508223,-0.9131615563266586,0.787161518018172,1.8598920352067894,0.3317821794254253,-0.46966815057360656,1.6890931310773893,-0.0372062011450669,-1.1590465425293566,0.6566445245371783,-3.2904924683227583,0.42932252008057425,-0.9359651743836673,0.4116673282159038,0.6273126938952396,1.061519786256429,2.212732754807047,4.123872533357228,-1.193495586089152,-1.9798213656006851,-2.893644215292229,2.60232062158413,1.1714672543554854,293.48,0
325,0.26979907455798763,1.4139596342842413,0.1977074407087954,0.28940733807763064,0.16392595343337207,1.4386497301485708,3.2191854580187176,1.09223944190075,0.7836491298705383,2.8300978576453426,1.3342603128767574,-2.1300117215351424,0.6744991984345704,-2.972489051171945,0.46461996034513564,-1.2644552589258438,-0.606459113861455,-3.121327370583384,1.5666559728591642,0.39145949793353263,1.7647798671732224,-0.5501448983483982,-4.3221454916971505,-2.5017485134363735,0.22598746010430507,-0.5638699025053332,-3.5938985739844855,1.3638315070878986,-1.0528000911877524,162.69,0
326,0.43581055684652314,-3.226657125400997,-0.36048522670720456,-0.822842959834828,-0.15222325467982392,1.2789421184789904,0.37927884754366903,0.07443523050906185,1.0079559018020081,-0.3031419993516039,2.5434618791967236,-0.8184957913856339,-1.9344330876171902,-1.260417974656854,-1.978940173796826,-0.7008996212080673,0.3406109998843544,-1.3012751867906798,0.26376707039675407,1.0158261447343475,0.21993416012384448,-0.27230575099041127,-0.17957808684196916,-0.21542131972280967,2.050940379798099,0.5242032612170667,-1.2382761288506487,-4.232269557140729,2.5481680249723206,113.64,0
327,-0.6998149436579741,5.006310823386411,0.7946783230451239,5.0594793061473045,0.15143376016071822,6.073870196936974,4.373788748568533,1.429774859514874,0.33814032535793165,2.4849365941119745,-1.0546261474230711,0.2049700946361804,-2.293662022370661,-2.3061597217714294,-1.7869675655509722,-0.8975890047568621,0.08081751560432149,-1.0663565072003938,-6.38795948390369,-1.053930847855222,3.2107168372700827,0.582828069456139,0.7460481394571659,-9.862251339688145,1.401069355627171,-0.2561659062458337,2.15111906984525,2.542042777785103,4.099994945346743,66.97,0
328,-1.2318842455504964,1.0290423244250757,0.8880528540452571,0.4151701586798541,-1.7196471400903521,1.2321311024046953,0.9138338799321363,-0.6640097777224797,-0.6030598293979578,0.4242006716365783,0.16674091921954082,1.5009617145874299,-0.5570701936223185,-1.7696179243294439,0.6388666960288489,-0.3517508018086691,0.9744350094677942,1.7435258697953002,-0.6809010084107879,0.4004855252414476,-0.9464161149487705,-1.405728144418045,0.36037010813409737,0.2894237501680601,-0.7032068801281984,-0.2689530678994436,-3.362508307812728,2.4002760246028294,3.8342052830853977,65.64,0
329,1.4022095895032698,0.394441275822344,0.9483392793291884,-0.5222485877225685,-0.18573676341849862,-0.7287559631404364,-0.8660377346173306,2.060826563902659,0.2995204194161605,0.03622908703071448,-1.407715183086923,1.473352557769141,-0.7815598592245849,-1.3669490956927937,-1.0640459272455725,-0.17858226951422537,-1.0854969273640829,0.5439634181302423,-0.11784150564054774,-0.4912630276613219,-0.34458595142689674,-0.5290246506387777,2.6261724928223535,1.6235950690852503,-1.1127640783210544,0.42825439751686323,-0.5222180716504256,1.7853092836483668,0.45694416650164926,12.81,0
330,0.9625882139842246,-0.8294331789441338,-1.1437847538029047,-1.7083753353107718,-0.2093430623917396,4.273945336439616,-1.5404407694804223,-0.7225560884604968,-1.1413669732818656,-0.03305671068510729,1.3594450608374546,-1.3973402340405425,-0.10875609225858249,-0.04141674679929752,0.8305710134214074,1.7720927508252486,-1.2172039971839115,0.3506150511345768,0.3552631471623864,-0.43419761794383066,1.7138810876126387,-0.017230064210917172,5.686708231998715,3.294283553186234,-0.8253038158221657,-0.7201880116760442,-0.514510725191158,1.1514033279512017,2.514724915948391,256.35,0
331,-0.5961257790468361,-0.5613956108444184,-1.4991797179007504,0.05931924266112332,-0.3797257893254545,3.5578005444431025,0.5015871800807816,0.012341950638256983,0.46948021799230283,2.272896784940358,0.09229520092827626,0.9030333596906779,-0.8021844392180603,-2.29618318353635,1.1965267866828837,-0.36442685161106286,-1.8025003003997684,-2.8016684079633047,2.432793596898855,-1.0692089250694312,1.549911804741749,-2.449367245746461,1.836322670987757,2.515642579943735,-1.1648085578602692,-0.41420500115789877,-1.4128097107476203,1.0364846047498695,0.8950891824801233,151.5,0
332,-0.671373519459885,-1.962349845722073,0.3113935010780726,-0.16004190779288885,1.1142180702793143,6.2242559514617115,1.0321091115262706,1.8511540620191151,0.21006361295742812,1.096758521296999,1.5660787284157656,-1.1846678660957768,1.164733042113315,0.3726618286512612,0.20565466592971773,0.538229311830416,2.1771789815285,0.46069997336091906,-0.8128685450442527,0.6687974658652647,2.9780912946271374,0.5243372855760459,4.94382515566571,-1.6634203611803347,0.4018846631275464,-0.7137994661386983,0.3596734186058209,-3.29633111594024,3.0891812179102485,8.87,0
333,1.4571018262274051,2.1066635133610223,0.07237551561489243,3.695022622451791,0.5627198600820792,6.334169594088101,-1.783816978088504,0.5218912341350844,-0.4472243596775238,1.7539629538829167,-1.7066562487016526,1.8071178843401066,0.7947740384603357,0.4349420766687696,-0.02264413013637428,-0.19629361774576656,0.48442701105775765,-3.963688831232638,-2.5228276407931975,-3.0942892490913896,0.9517817072757638,-0.2786647714245878,1.9311479984153281,0.9257033071367604,-0.9780742626635524,-1.1239011249228845,1.478348255940055,2.009544084331386,4.087968599139556,46.65,0
334,1.4357400609348814,3.3624375337313666,-0.37295851021312565,-2.3075165713634194,-1.0674169858886888,4.380672629716763,-2.5346138067895936,-1.192896193636784,0.544929188178994,1.2710237116186953,-1.1587802163116527,-1.1055564592624012,-1.1449082576389766,-2.7651717153917126,-0.006853994901490916,1.1184694114433438,-0.10238379637828265,-2.8404233117992956,0.28532716623834975,-0.4968990471525983,-1.9500495428462217,1.4769122963102688,4.051953066914653,0.4176584236936892,0.849381577377611,-1.1830306653178504,2.0700190605292073,-3.3262547414685515,-0.19266443679459255,78.93,0
335,0.7301571640314422,0.34148663425445147,-0.9434861788144033,-0.09183313909334145,0.18483288835909284,-0.21209127228251712,2.1069393803876015,1.0626274973879888,1.2396945300642426,3.748217765570501,0.5043782960588754,-0.5407886057808772,1.0773368872783697,-2.287364535540425,-0.013346464769981237,-1.9982866765377374,-2.125380071302343,-2.5985771637439603,-0.4339258014128099,-0.7904287143494676,1.65248389236896,0.9224277506183106,-0.8667626079906557,0.693038571207019,1.190538984372787,0.80954575950078,-4.181588080514691,0.8524649017173808,0.46161305441632716,70.99,0
336,0.49400166730301776,-0.6617175803005397,1.0749506387039267,-0.10958217223256028,0.17050327816584582,1.607454931425882,2.650009794114146,0.06337886886532448,1.1911433727480356,0.9352719640031794,1.9439326052412045,-1.1553814998736545,-1.1818606774688567,0.03063238841325755,-0.15117767335236626,0.5084471037977766,-0.8159738902994654,-2.404341869131576,2.661385743212506,0.9854018169069398,0.6128720962133346,-0.1481704047542305,-3.082447136490066,0.3063640450730498,1.2564429737963825,-0.8499666166743012,0.20109134566145948,-2.2876881326279976,-0.04006441240749925,5.54,0
337,2.902650262493721,-2.1033936348467845,0.5594911292088945,-3.183760973268426,-1.1496815265579239,-1.845672254877108,-0.39183005933098924,-0.6546930737457451,-1.5052342183545473,-1.0491341038296573,1.1245337444579917,-1.7437344960439336,1.0837633102609736,1.6796073003913068,0.27890360733901187,-0.28627123386770176,-3.472381577968551,-2.1650443799369223,3.019092590264569,-1.1234192627926047,0.13909121362785137,0.49877705175267234,1.0687180028392935,6.112592792094763,0.4168795120036495,0.458498476242932,1.8731003586105888,-2.617122247730962,-0.9412334545750783,112.44,0
338,-1.2816699166529877,2.2115309623407797,-0.9565002896740199,-0.266519907989049,0.35969210431704673,5.676801817073695,0.05304795765715942,0.8643070588515412,0.7726229859680331,-2.0731855172034184,-0.45602952185514967,0.7113188348503496,-0.5797598767240226,-4.386575122346591,-0.06928112032913199,-0.320845894335097,0.09446773278544662,2.525167811833206,1.3766713319973127,-0.8031922951270563,1.2433259124497091,-1.2091229713961391,5.017005643915626,-0.5257995454258177,0.8486609521722227,-0.06739425319379243,-1.6963379183341498,7.950371614270909,4.358022555928192,213.64,0
339,0.15079889063409982,-1.4795765554345786,0.5232324522093772,1.4681362508041058,-0.6311183737934328,0.03277446789081994,1.2029723893422262,0.14860207254766208,-0.1643209369308024,6.272519308225201,-1.3253208946795154,5.252397106179991,-0.6786389926675862,-1.5981031797269145,0.8752432175767187,1.9609626234217143,-2.277172534700115,-0.7480103043178843,-1.2530092610734447,0.8056694031809298,0.09419664910164494,3.0137932827179963,3.4011143288055434,3.3459480936376855,0.8206642269566928,-0.28112522906845117,-3.451300064896304,-1.9606586223777698,1.5997065114736055,148.05,0
340,1.2552262466345816,-1.7246774889385876,1.001326134799592,0.9772432204117928,-1.384596624727349,4.549274294316293,-2.964170840558944,-0.7102708983119079,-0.5070282627910236,-1.278342026895813,0.6743246089153622,-0.08314188207725208,-0.0897255763277786,0.5048230684243539,-0.13579564025701485,-0.048495861548826256,3.8601440532768816,-0.6821942114938767,-0.7386320999012298,-0.40266821123673147,-0.08013363308891841,1.669383459547647,1.3625287110865687,-0.7912126753439427,1.9396914427283842,1.9686541003845839,0.3772676029214094,-1.9916407167735564,2.658951510817449,199.95,0
341,0.5355541388113065,-1.4064942086211287,0.5378871095905987,-0.8378167292892308,0.8871026620463528,-4.388893094285799,1.5966913808499754,0.7246562796932211,1.6598971009273822,2.661524307217127,-0.4176530963785289,0.7723194692835488,-0.41480762717087216,-0.23722482527180389,2.764448997785387,0.46309636574235935,-2.0930364640402734,-3.228058530749188,0.7056205690001588,0.11484945808191692,-0.7054892490243166,0.5081480926158634,-2.5236269806611284,2.269852275123679,1.3678304271765602,0.7257083669974165,-0.8404333807018144,-4.626840973083608,-1.9198981388631218,111.52,0
342,0.07807771389598944,-2.4670148102751117,-2.2994555236698986,3.501354064887699,-1.7956132206423168,3.677874105836709,-2.9021510361076768,-0.8490234320820353,0.659401789848495,1.4740460761636411,0.8198736826771048,3.861575656092906,1.801045196539334,3.3304221268445926,0.3010012339184757,0.5737677611445846,3.6009745717280435,-0.5577628682366853,0.392456326148909,0.33234637147200347,-2.886696591196164,1.4653794274985183,-2.196521026747672,1.7929798183115524,-1.2291710335183172,0.27092134270744134,0.9146931352571198,-4.7656792354996895,1.2382806760567158,83.64,0
343,-0.11678452577639813,-0.7932085120591185,-0.1957917011400552,-0.08828479166775627,1.2901600237659931,-6.836422261418897,-1.6864657129593756,-0.5049782350072989,0.6959612553036046,-0.4398117430610532,-3.2070592611228634,2.738944235607382,-0.392759922084194,0.3226233635599728,1.653440108825843,-0.6371947172595566,-3.527040238388914,0.9763770610831203,1.9877678245973898,-1.815481913319312,1.2825691949171523,-1.1188465181313738,0.5864661166289418,7.30733802814602,1.3276978629316667,0.4342914613157309,-3.807862229058721,10.191464835532454,-2.5366102552467957,124.67,0
344,-0.16854591590355783,0.16032321194969423,1.1891727831050025,3.6818552361996275,-0.13170025385990994,5.213798803058182,-1.0174119093343186,-0.3707442202941741,0.8773622092064753,1.1939349243142656,-0.9498721956009842,3.887995761954755,-1.4122586274178004,-1.1694845611527438,-1.777975534702351,-0.2241663294909295,2.137329715209976,-2.8451993546255694,-2.9975669106949243,2.3608821718129667,-2.227860977237091,0.020692582854259692,0.7756663909968797,-3.125616930086575,-0.5914882570709169,0.39188662894211224,3.462438935843786,-5.967436495293217,4.380513404182911,268.95,0
345,0.7963100828535359,1.9711998917107287,-0.8345148555721418,-1.1371802853874255,-0.027983992670794922,-0.2760307232050188,-0.1486309832570103,-0.1732786482934271,-1.620094339195057,2.972559696363464,-1.97963752993611,-0.6394624018038808,-0.726992992618417,-3.7377094097824584,0.34183032184610596,0.894657451692005,-0.29745373930244223,-6.4839620982537545,-4.646544009286224,-0.7471162610326202,-2.315961275295446,-0.00800004827628134,1.2504167592706257,-4.917945278827056,0.0885034738178818,-0.2624968604607547,3.9115591760138155,-12.143254519657468,-0.11830165479458443,172.59,0
346,0.0879642774742757,0.328743489189113,-0.6567703583517164,4.337203207593816,1.0062507994327152,3.585397625272721,1.078616486201149,0.4249196023936837,0.3535661467404633,0.6716086476023383,0.09641880017776583,4.121290591337738,1.6761895075020152,3.1933995866908433,0.7324765292380994,-0.5107771919044725,1.0417566256330208,2.808016472545185,-0.3773588748824839,-0.7906736399225947,-0.6176993795089574,1.6766508027613596,-0.5246954706732162,0.09023454304159949,2.3403002158569794,0.9104611024518411,1.848665150465505,1.8235181325254277,2.5778443528615944,4.07,0
347,0.7037958837508185,0.9206569370739842,1.5489179534182032,0.8720247636584764,-0.7153375690946667,-2.0548442173099857,-1.814360797153247,0.6209975658727354,-0.0033576200399812245,2.7144461319979944,-3.7335333092017127,3.48329269068336,1.486159237018532,-1.6522465979934329,1.4845207658486996,2.8906429903991375,-1.1045863191289844,-3.7207764660208804,-1.6879300495815377,-1.9500779265243806,-1.872367454133026,2.7431128724637457,1.2574325163000883,1.3943826026638124,0.25223147991929806,-0.3678632936964837,1.1288207489900255,-2.9731573201240824,-1.0304827747290433,145.91,0
348,0.38365502386678896,0.8262847204104309,-0.06921940794151801,-1.1477720861992267,0.6871774750986485,-1.0098821251783388,-1.8435871468978289,0.5207764447340067,0.6232554234584727,2.6999675711337536,-0.23662433604538036,0.5568122217476487,-1.3264348273079964,-1.8997132735599014,-0.12277142568681056,0.9023257611303859,1.1881228165871804,-4.522770681788361,-1.2519091810725085,-0.2705367371612667,-5.664087025139109,0.004438522609814357,-2.7903921776657032,-2.129752052369742,0.2742150351301673,-0.8781363180854069,2.3727582663720943,-12.786942284387614,-2.0526182049442845,114.79,0
349,-2.2182355303124166,-1.9408770475569108,2.158019010857196,-0.44954557937374423,0.15856669546860983,4.041179411689443,1.935382458735674,-0.9364983133827613,0.21975295512754914,1.500540411349783,1.3021711267884069,-1.1192236956511215,-1.057628930234806,0.10581289174973663,0.806774035712389,0.7460195947358699,-0.4309532107090512,-2.4335199180317377,3.2235812881119252,1.400646686857405,2.4756246556108543,-0.9460277459896131,1.0565164955398596,-0.31910878954866073,-0.610458265727776,-0.01155267897655717,2.2027477857529227,-3.917980259820261,-1.4261877679870705,252.11,0
350,-0.4862966105045472,-0.22764781637642995,1.018924589135694,0.9674744010314759,-1.4558961215399864,10.315032768940503,0.8214358380146625,-0.0407260787451847,-0.12960994528368533,0.8032113800126232,2.7380051665064977,-1.0478361275877086,1.813673083795204,0.7786490429782021,0.5004271790888933,1.4932415594721045,2.8195811870198058,1.4297837425218027,0.9650422017705127,-0.23799132730600636,2.153052721563743,-0.3727103046197492,3.7039353407151334,-1.552298656006427,-0.07465407197142389,0.6926513169503377,0.5563332170175636,-0.6003824238421066,3.860400970134184,119.2,0
351,0.722495769442937,1.1554499186442424,-0.8039203442394212,2.952702592223355,-0.4338475233525722,4.34243602790602,1.4605252606212784,-0.007928587453370405,-0.32497944426132624,3.097996247644666,0.8059616877475092,0.8009162791864146,1.216528232549537,-0.7046849350948174,-0.3149604124547449,-0.3539513876737683,1.2992687240521936,-2.7896481558118698,-4.530158313861284,-0.8337472407191158,-1.4284342771755978,0.7670502184927098,-1.064974609493921,-7.326201990980858,0.19564052831231576,-0.3166577647366437,4.114798743423197,-9.560755626838283,1.6723471721773748,176.59,0
352,1.1818282939420395,-2.3838510291585977,-0.5866157355597524,-2.9841697540484464,-1.5901913232542981,-7.705323314468845,-0.6344070510383087,0.20092570656524597,-0.550451872689212,0.3893469308394464,-0.21053026966722443,-1.589475561047503,-0.6484148089588124,-3.804075170786528,1.382137994846674,1.1880618762510602,-0.9349245395692211,-2.9152645894405405,-3.2835399288454603,0.13268461913307683,-1.683155078533341,0.5116050903690205,-1.3424036690969032,-3.644496016289958,-0.01736800750909817,-0.49491019549030185,-0.9661473490685198,-8.807237895038071,-2.530773218721305,6.49,0
353,0.33689236469544814,2.877767285137698,0.38552712684177964,0.9378568478492948,-0.10060167515618698,5.785049853275814,3.793772911480407,-0.1346154330632297,1.9793336183838781,3.675997790483743,-3.1583202137831807,4.433119190657971,-0.2700119874512021,-3.6874318019744994,2.1907855142107007,0.09704062724448921,-0.6768189124526126,-0.4384558513815046,0.2568073407350774,0.8105419989469383,0.3113837149235218,1.2539317971754804,6.522512414098348,-1.894076636691852,-0.1965690342166925,1.5788561203734834,3.0959667929683263,-2.5437053803495706,2.679481170611499,172.65,0
354,0.8411309417668084,-1.2850134941472695,0.48700925917353893,-0.5724928551388478,0.14433733724970335,0.5334571172227698,0.7163544589941734,0.7828775531887718,0.3535658378908127,2.774747864419925,-0.04413438314927076,0.9950597415491784,-0.7995016584556943,-0.6818924599114762,-0.26305633788955163,-0.4877780315085419,-0.7535066061484079,-2.316678817538867,0.9160227772446677,0.8625047333686432,0.44665949335247884,-0.02127284963109477,0.9597329958819772,3.5481117182421245,-0.00839801733434336,-0.15048631615010624,-2.3851847723789006,-1.9054292577424627,1.302435130024193,203.22,0
355,-0.3704277144696703,0.5951744484349282,-0.15994214829883396,2.1726972125725643,-0.2644803487686226,-2.3455050365632273,2.004920228078518,0.8321102172211272,0.016440928619381696,1.4129372449334618,-3.1462584135960103,4.680788952790876,-0.5506808466567625,-0.7325797593189967,-0.897930893380057,0.6306798620978803,-2.754852852867269,-1.0033959462206599,-1.0670733784895825,-0.1301955328047618,0.06420739737630932,0.5469684731271998,1.0523419947962327,1.9810881501082092,-0.5438015954613664,-0.8418843502853434,0.8566254682943186,1.9157922722920322,1.8319374641533188,102.95,0
356,0.7646791754352351,-0.9790541574363476,-1.5693974211366089,-0.41215203026482145,0.0976081411277479,3.651822463670746,-0.6606098944982154,-1.9624295127285525,0.7059574073074546,1.2902432136575515,0.09104051864433738,-0.11193618954162703,1.5400221859243586,-0.1946840681017008,-0.6762999112347031,-2.5169955522115175,0.504163180696065,-1.8503803047747889,0.9955126850347521,1.2313005382906828,1.3563694341481902,0.5351210087995322,2.8126325176838782,2.376038934605226,-0.9026197913712333,0.36668677385507503,-0.6646473081420656,-0.8321876820088544,1.521738504760152,103.13,0
357,-0.8964694377502004,-0.8796390195820704,0.2397968337419887,-0.9204126514284029,0.18710153722227268,-4.143216079143278,-2.6318913082491786,-0.39199362478771504,0.4917798896006909,-1.1404185935943958,0.04234946462530498,1.8537606574644288,1.103626910444787,1.308349976700669,-0.4601870488978789,0.46042226798438896,-0.49407284407728336,1.3022827984262046,0.8243142553969626,-2.5258316858046084,-4.28094009527887,-0.8250118984061866,-1.7893278201580545,3.4612570838583747,-0.5383494575109768,1.196260988306875,0.3621960040586728,-2.2385121029094903,-1.358696142891164,107.44,0
358,1.348870470548737,2.2055904850016383,-0.30659452464225245,-2.232534108255909,-0.9362342057574482,-4.989891186908712,0.4040715195126754,-0.35412123567735054,-0.2430121306258299,1.3799814918258468,0.24190807340126497,-1.2006383842675903,0.6639103275668566,-1.2171505889233838,1.7106586725909851,-0.6653358034334415,-3.8822953495702515,-4.3653353874927,3.3405715970837546,0.5859841797505183,-2.1050688257780763,0.3060332823635102,-6.297696161863428,8.256633133385755,0.6506049536314097,1.1749332426280408,-5.836906299094153,4.494510544281086,-0.31487673182985054,28.6,0
359,-0.8860393883859076,-1.000512801717988,-1.808342054024234,0.5410481620112819,-0.9776468371548056,-1.853868045286288,0.3131800616962258,-0.7940837066054469,0.3421194201096571,2.1239109933136366,0.7717922581055751,2.3759239167250774,-0.1395140283330708,0.5077922654411037,-0.7172829730156689,0.6602587067065492,-0.18908474477424264,-1.3203347541221457,0.5843691219337049,0.6101335450879344,-4.100661875986104,-0.07347305456421788,-3.8094242092095563,-0.190745238388994,1.0288774416789441,-0.02238465649681007,1.7448836946915691,-8.310610274367793,-1.78031238992999,57.3,0
360,0.10032295575614611,-1.6226833001223375,-0.7017273465958871,-2.820517304898927,0.762510580763997,-6.7041067128857215,0.9482646170822838,0.35952316028032216,-0.7176355919716624,-0.6335052265195652,0.32023343516049907,-1.834478028564866,-0.32325695304860746,-1.7718767462933411,0.01387207217597611,-0.5582775962080532,-1.9371745847355668,-0.40051886659960034,-2.1157094619765355,-0.3570044894510149,0.08661449444855263,-2.4237473182779774,-0.40426150563405294,-0.23703992338044885,-0.5793405695758157,-1.487177814550033,-2.3044320831715,-2.3162192547785234,-0.18475950672888508,56.7,0
361,2.8220002498383985,-1.8579316898464313,-0.3711919512615264,2.001450755235838,1.7097059006073305,3.55089669987062,-2.6910457559100265,-0.8497950030229446,0.8731692923815881,1.4684820403299965,1.5461472721530787,2.856306570136354,-0.9434698244081563,3.769546645555263,-0.3870530262337276,-0.2903829916507967,1.8324682793069766,-0.2239908008317788,3.07966217474306,0.14462763378954377,-2.6693650810717946,0.8011285839119535,-2.3371302860936027,5.578043058048562,0.7752307288377537,1.078651945959726,-0.4583931440793664,-1.6723546426211657,0.4985732504905291,121.01,0
362,0.39627092094511107,-0.1898698211035822,-0.15694480527717874,2.7646595858533813,-2.965210529885341,-0.31845986938776216,-1.1262247424925564,-0.20794759887404865,1.3957074818675057,1.6737504855588865,-1.6826462966228508,2.7323886058284454,0.1417765607994892,-1.422821782213047,-1.0607316239555338,1.4744603266068357,3.446309320219766,-3.4047048941781464,-3.3863772512600003,-0.32051772366596937,-3.0240684381867546,0.7661375845266774,-3.1419108011185393,-5.051138850647618,1.3275546507092362,0.622664215918158,1.6297249012293102,-7.901566450524604,0.2611860058914811,194.98,0
363,0.935268755244199,4.069674204518979,-0.5888015666195007,3.2928222640276426,0.13438744187948082,10.107697798398162,-1.0644926219260418,-1.4198575345849727,-0.5090946505735073,0.8477673654711474,2.616659566759741,-1.3919882980448341,1.4070992891611132,0.5298847077218208,-0.4333554411706377,0.5672417068069041,4.5304794341013475,1.7017797085727446,-2.0748528836113347,0.9824388307289077,-1.5243267942258898,-1.190709431945161,-1.4988011001624844,-7.37820218481343,-2.8087245923576636,-0.5331372677397601,1.8720474095565902,-0.8446688188334547,1.6613671428287975,52.02,0
364,-1.195256799383643,-2.3598886708790285,0.30390180209508344,-2.9901441616628057,0.48653330277936463,-6.520122962674538,-1.255130846408762,1.8340004182804073,0.440944019922617,0.6494780930532147,1.625268493550255,-2.52428946224747,0.3168523387332896,2.051576366190705,0.20822686215356342,-0.31597238536431355,-2.624122381964164,-2.7549240170683302,-0.7220602858604029,-0.039886752367101534,-1.4529364713793336,1.7898843155508546,-2.7050155168763816,4.723185165028409,-0.1370588154137025,-0.46005924222016575,-1.416065706359428,-5.307451715345819,-1.8040948058785489,60.0,0
365,-0.6859472539047468,-0.16347387961193838,-1.4400105363200304,-0.6032149321954907,-0.6004366764672047,4.838777598277263,1.8755885343335512,1.5106929323381741,-0.39545909670452917,2.714394629133892,-1.2587998645840281,-0.3662635422781785,0.37669484867638603,-0.44038652924121974,-0.5557204621493641,0.6974810908111866,1.8804946914247638,-4.021771516778074,4.2987356449747285,1.4509763229499846,2.509838024166041,0.1475975688331556,1.339524707604087,1.721356518324129,-1.4260490416957121,0.27448290762842115,0.2978022965375343,-2.1430843656971525,-0.9538712117130653,252.77,0
366,0.06134366424086365,2.2795850481638364,-0.5186250012643829,-0.24758209112750473,2.5974372073752243,4.800965484964035,-1.332891018374392,-1.0296552556924194,0.5208656925615726,0.7148907248683725,0.2978204962777359,-3.0166458412779766,0.5170003025139351,-0.26691348126812575,-0.44271706953217543,0.23855807063954726,1.3891617358725443,-1.7220232770849924,-2.1505472403049817,0.3608606095656809,1.1792871946551449,-1.3980820399187832,2.243930668254612,-2.3304114624523073,-1.129815030264563,-0.31213136754128723,0.8645254685184601,-0.6832173873223446,0.8989872398377377,14.23,0
367,0.6559556222187976,-0.5578366176949429,1.420396431098524,-0.663593591422506,-0.22202015038002296,2.184129456257173,-0.42049261436227636,-0.5316381701269749,-1.7097678073296625,1.5541889867853753,-0.7770550434011146,0.8405864844481853,1.5134449753891508,-2.343552263980917,-2.1574838291873797,0.23929011478035628,1.2738909029983092,-2.2447865165974545,1.8887936595893375,-0.4143797657075555,0.26667693514519375,0.4173992775365288,1.2118460604581265,2.1527125016195487,-0.49039925256242106,0.06299778557854581,-2.796813804517156,-0.19839909954382295,1.2453559376404428,23.67,0
368,-1.768263509501486,-1.1280781077847686,1.685064345333184,1.4835422447442177,-0.298983997371841,-1.9998249587715229,-1.2696011409714472,-0.20219033538761957,0.25014771603535624,0.7850202693959624,-0.6146934332775325,2.5264694928141407,-2.019926173942275,-1.8118991386190362,0.9239826791201501,-0.5504882602676295,1.788666033460203,-1.4757105241962567,-2.3830004812183736,1.091027909191477,-3.2483863577331986,-0.9370576764661336,-2.599692036575609,-3.618545301712717,1.41484013645926,0.5844887886474618,0.5085045810987849,-6.402687105614124,-0.1818900863245011,99.28,0
369,-0.39747013971900746,0.03876377851669266,-0.3958038341616338,-1.5632747956024562,-0.1978399342270118,2.251559453991851,-1.307333453405842,-1.233671655509249,-1.0021383780898518,1.0499976089685656,3.1257203749906606,-3.401971403449769,-0.4192599473709911,1.5301882839816345,-1.0080220616666766,-0.35854949963841176,0.21709452128556006,-3.184472763230857,1.4934743735135922,0.15478120400977172,-0.5861687591333801,0.2729573295067017,-3.0929497615900403,5.674331211357677,0.10180643722625989,-1.0053964638043744,-4.2049039625183084,0.020943070967021787,2.3465823702945188,176.33,0
370,-1.6106942949172454,2.2503950626852873,0.058460456834025704,-0.9153822208894634,-0.9487015346631669,0.6284961624374173,-0.8058688826687062,-0.9104176741697237,0.2577297412110527,0.999385689229798,-1.7144830451866495,-0.11161182993006528,0.8963101857786598,-2.8609905281516115,0.8452710294458669,-0.0027083268483496454,-0.6662470653138212,-1.8065750980778734,-0.8767682876868634,-1.260974758908604,-0.5595103577789737,-1.5499991784960077,2.131768286131811,-1.0721476619383643,-1.688901668563729,0.3862115546625031,0.4831124718575347,-0.6117750086039148,-0.489288161860454,76.37,0
371,0.3430485306940432,4.019045721222603,-0.6217656875888323,1.1033870439857192,-1.273161394159899,8.356936288044857,-1.7938979796915369,-1.8564315499362027,0.244241052860572,0.47986010730055073,-2.5669434224519,2.036640253140324,-0.09561302341192035,-2.1774970954946635,0.03701437749614225,-0.4271105487326319,2.4677544932971394,-0.43197800536032355,0.32057217788105696,0.003773856555206271,-0.6631348980737726,0.40388809474061865,5.303796950011424,-0.25068502058160164,1.132405540709269,0.4661471304949542,1.7733380044095384,2.4637336826982605,3.2743479022521074,234.48,0
372,2.3104592747303716,-3.2902659148933378,-0.9598596051532643,0.7882120875273498,0.28781049692636984,-0.7761329726956515,0.8601149593628199,-1.2956283394719723,1.3162552162551524,1.8911112128509684,1.843696545336349,0.7241830855895695,-0.8561078403939216,-2.027215704436187,-0.029943447057749532,-1.447466417273949,0.307757477431689,-2.70920566096081,-0.40810965757437534,-0.6092993945063785,-0.6377172361421687,1.8780420354493812,-3.3139514214496146,-2.400063542204768,-0.5829662192618927,-1.1401611393658972,-1.6559221567187614,-6.286369523947151,0.1687918975325935,177.82,0
373,0.5550849245738736,-1.8821133525220108,1.335701394954714,-3.752385388505958,-1.8985264102225723,3.7601460802933864,-1.9695828046580655,0.126596945470189,-0.3908914202104039,-2.7722089722183707,1.998610192741228,-2.511104982962629,-0.35148776520369784,0.8607984612034624,0.28848984426624635,0.7591391989201097,-1.9018661522583078,5.263935889213611,-1.8241510231180929,0.6619295647340078,2.6049764039921808,-0.7483722964204824,11.830092203322378,1.9669079093895354,1.2346952791942618,1.3409696134093454,1.9551493877657293,0.6282355650115989,3.4997905311196034,176.02,0
374,-0.039213813924329335,-1.1064078460947666,-1.2313669260938347,-3.017054197997769,0.4151496326090667,-2.971471969759402,-0.2480222261048527,-0.5908353099238673,0.007031797849549579,-1.3303136841179715,1.3093468870187746,-2.430940253408716,-0.9666901089250267,0.3141734536714701,0.19106181728130361,-0.14865462863134246,-2.973099178582577,1.1613786389443383,-1.7631553118301775,-0.9064961190764659,0.818900737671867,1.310144387633882,3.127558884427314,2.4483399628997584,-0.4699229996242097,-1.0507231951943208,-0.737526137482307,-0.04287855815292802,1.3549684054466495,141.49,0
375,-0.4416901044284806,-1.1251733403649737,0.943768784799322,1.4330479222871775,-0.16252796467625671,3.585721895719097,-2.681368222138604,-0.3707964337995265,-0.16112748668600121,-0.8453788163082906,1.8617028025733235,-0.36515469822180185,0.9245778658628506,2.853746540293137,2.024028536379257,-0.09976027531426664,1.0433349338990383,1.2104941201870476,0.03435882431055404,0.23328758155737933,0.7264029664306745,2.22815443334965,0.4294053547101957,2.806789857741133,0.33521834621737173,-0.6458489882940185,-1.2577102074205677,3.6494763025796297,2.0675615569153827,354.32,0
376,-0.2799661328065292,1.8729645010255673,1.1041751565436755,0.7581838617218976,-0.08541883283306648,3.740816388981783,1.0011768163549402,2.4359851242292434,-0.0021116799848234138,1.045729146144402,0.3457180357541708,-0.5800523579477502,-0.5133966807760615,-0.6432260566981198,-0.7480718043216674,-0.0742521074930824,2.2917303590806104,0.47317311699788045,-1.591391077286668,0.2061353796226038,-0.46259759699123576,-1.335016245648024,0.44311226972477114,-5.077306351909944,1.9417461220517027,0.11274893807674967,1.776648929489034,-3.4038245949430364,0.42634678910794266,50.38,0
377,0.874991185367977,-0.4235666340530226,0.27533056113181104,-1.1918886424944382,0.3701696348203371,0.5925641899693549,1.1034712721919913,-1.5662653670957396,0.99277930009227,0.4094294105690867,1.5801200691733288,-1.0058339055918468,-0.7622500333233032,-1.272304070993883,-0.7882374651705827,0.5321239913499579,-0.9579742402068977,-2.2160770875189546,3.2635256622065265,0.9658992644935801,-0.2990473640826502,0.5120748191611598,-2.672861229191596,2.4357192909914516,0.42644271626094254,-0.47009827334372145,-2.0576972071085455,-0.11330318505863335,0.3262389883245951,165.42,0
378,-1.5057096623793076,1.546551327139841,-0.037281218019590376,-1.044672472358229,-0.7296464020615799,7.042418398410903,1.8539861283817491,1.7416606639722867,0.11665065001560704,1.0621588301324234,-0.13714466716666618,-2.621945051137062,-2.348001134404344,0.5902130055269067,1.1564177714974384,-0.7500936574883064,2.126237767395321,0.24697117356384812,1.3763030045002362,0.4619980237030926,4.0562893834121745,0.5136012339746958,5.092709682176825,-0.20927586852742097,0.583050730963885,0.16868085941050945,0.2878909941057267,1.8112165613403932,1.4522844292800055,267.51,0
379,-1.1843523171237442,-1.9450942075630397,0.5767924879259563,-1.4038789963435065,-0.33625695395822275,2.561267501578243,-0.6040413773960366,1.4268438196157025,-0.9382595036982464,0.0989527031976396,0.8247373271079473,-2.059508358477241,0.0287300298878513,0.06236663505150708,-1.3582627854602272,0.492924303024004,2.938014223836942,-2.2186480732356046,0.8058644945356453,-1.3908705909042804,1.0631847794795184,1.3209921885493194,0.8520155215915804,0.35598457139072714,0.24872985329914998,0.19241807081743018,-0.8584199288858837,-3.96607785483916,1.0851550942858816,20.08,0
380,1.6146298343865721,-1.2425588338787459,0.3514080659157796,-1.4214807060607164,0.20189521606425118,0.3286112117623547,-1.660923223776864,-0.6558259447427762,1.0083694338346114,2.112580060268505,0.9969056190240366,0.3965597619032351,1.1956639377845328,-0.20876129566024548,0.5165853579791673,1.1296335366350856,-2.877876117415741,-3.02834732133054,3.1080370906287977,-0.008572892387100418,-0.9071002300062995,0.4138317384839156,-0.06595279502781139,6.800962138233565,0.3093234987202181,0.5766495799790702,-2.010321787464508,-0.6593238892139434,-0.5706409493325003,87.95,0
381,-0.7550339959104986,-3.5999267413473377,-0.5886925246919921,2.0885943866255183,-1.1738179970984242,-6.556994672324749,-1.6877611020816303,0.2852819511674943,-0.3549213536992336,2.0016401693983075,-0.06293137798356996,0.6524733503770572,0.3957115324169533,-0.8046742067899603,2.1272974137495684,-1.8454238848045357,-0.707164423597686,-5.338445714994428,-4.612930946516921,-0.727949867474313,-0.8709501851809862,0.3220204796552139,-5.569955665696166,-3.158199869367811,-1.6758401645518477,1.8966040685739283,-0.950500249387363,-6.982058141532322,-2.2624295732811364,232.15,0
382,-0.7234372231630879,-0.786480371712524,-0.6880088148448377,-0.0533156999792036,0.0074371388099146235,1.3795263628331154,-1.7216000197791845,0.7992027192421421,0.9013767164289195,0.5107241973835237,1.8049312061078169,-0.37963147262745356,-0.3060993933310847,0.42811928542057986,-0.0952011155410625,-1.2977140246150385,2.6113164208447857,0.2720177526911284,0.6138892375538819,-0.5806352797527063,-2.455990167129796,0.3638913621500538,-2.4114933298299905,-1.3208213174096421,0.20425494265702587,-3.1992646452121782,-0.4669897527395813,-4.381287851152098,-1.1695315434046045,117.27,0
383,-0.6798479346534511,-2.694497554474811,-0.23453259251808048,-1.4943015589327988,-0.9243634400641593,-6.728494841395292,4.312160293119713,0.2484732179970922,1.1739282473548094,1.7559515692037373,0.6435475944667407,0.5527185782172527,1.967366111091494,0.7861135006799825,1.58473964304512,0.04546652623319363,-2.9167756911637297,-0.8935337601616924,-0.09170129734190924,-0.8192475127286687,-0.5219402894958888,0.45855085878510643,-2.4078568873164046,0.5297602477078959,-1.268797912528891,0.5128195636582255,0.8169516706786052,-7.538006910697619,-1.6071974365313837,75.2,0
384,1.174681132528032,-0.185894205247066,1.6021312185392342,0.4525340162568584,-0.06779753777992059,2.792262639501658,2.2739057662804103,-0.7834903416750496,-1.3865950065571653,1.903771544181871,0.8993880846685679,-1.558454700914666,1.9272667277418754,-2.9635744226244007,0.33659203890206146,-0.48210251796892406,0.9571777738719239,-3.291783580103014,0.563558094423367,-0.45359008542181545,2.289436082106668,-0.8929905170802298,-1.8408584073156495,-2.8235548133682618,-1.2258637713038287,-0.7871465955299036,-2.7445877464882598,-0.42325150447556154,0.9638874578867103,117.15,0
385,0.3929073590143916,2.313166907538029,0.03946219930393072,1.4051438036281856,1.9696566849510955,3.4091705839039483,-0.46580484932145555,0.04364363687958753,1.683972030069338,1.3359984111684229,0.3460006152621523,-1.6734262247481857,-1.0594214070820567,-1.0175921171182887,-1.1363362231559908,0.5870424240678338,1.050359625194835,-0.9429638042883723,-4.257603931932786,-0.4926548532134034,0.4812677134881863,0.13982527132605319,0.7399732681207856,-5.882875405789355,-1.0384993376142264,-0.02417142635820863,1.3176720886046014,-1.9200446889153973,0.5775932076267981,20.3,0
386,-0.08669415358537777,1.610657825193024,-0.09138126042794319,-3.544840891381227,1.9546625434624896,-0.8881723864260945,-3.426168796652474,-1.8878622372223484,0.16509955149322578,-1.811513219982941,0.8348662746146222,-3.641707956309694,0.8804813009141136,-1.3570741740523788,-0.39099944152363864,-0.4281522530879146,2.2868054053134856,0.32218954525195376,1.157421782332984,0.031417473466550466,-3.0962329295512667,0.7025030190633578,-1.3896972920478,-1.353225804914122,-1.2444360477486953,0.04167142213935586,-0.5078168557961803,-2.4066179220193593,-3.366786759656415,127.76,0
387,0.9963884256430094,0.8687433744888142,-0.3583944830280237,-1.509454868405483,1.2904253246168622,8.589143817193523,-3.582199291217076,0.5100665931710657,-0.14958531531737618,-0.10399394732184375,2.074443938281237,-3.5742590389518663,-1.894834367582211,-1.8904953494506862,1.038727899914912,-1.2381611443354588,3.2571329408393344,-0.8291268812408,-0.3846826306265595,3.140422910102237,0.36926992262920344,0.7929053718372018,4.11941923220257,-2.1935311909055297,-0.8252128755457164,1.8575908766496656,-0.4402790720385471,-1.8548574793594212,1.8757631442542746,137.9,0
388,-1.5677723475897751,1.177604799279911,-1.275870999901924,-1.1779236302844276,-1.5301309287433318,4.241654397103947,-2.5598170619084155,-0.7038332580694631,-2.9760324740095245,2.455486256976767,-1.1633039304843362,0.3307174711961187,-0.03347481032690589,-3.096032589559071,1.3227428318797865,0.1311121961784342,3.3899804842687904,-5.154952336267842,-1.12575154743686,0.6751644009882938,-3.9389973436282184,0.8854705829400954,1.5343364655618337,-2.842306859334555,-1.7353107035927715,0.10094697028958102,2.951321438131517,-12.18323952923531,0.24699785581228906,108.15,0
389,-1.416990139680991,4.407425302000688,0.5172754273613065,-2.8492341838774387,-0.8555326699056159,8.084167695529326,-2.1615301974725223,0.2594788230864766,0.8341005719100684,1.6382483783066752,-0.8599484809076845,-1.5886643164825789,0.6292381802952409,-3.481966951854066,0.9118135935708017,-0.6687782387811225,3.6256795824399375,-4.925574566760922,-0.4972401600187505,-0.5075313435257685,-5.128117195922222,0.018796191985491827,3.583606541140002,-4.311304555538587,1.1795382676077382,0.581373059338924,6.555147594950945,-14.327420429541707,0.6540983985457186,94.53,0
390,-0.6976628460130594,2.128904068952155,-0.4586323973017281,1.525122853224902,0.37709472744234446,7.016799438576483,3.6214665260707473,-0.6989028820243047,0.058163898972263255,5.193771404908009,-0.5913209299465648,0.6184686582999417,1.9351522682653173,-1.4294287949310442,-0.21858020408792528,-0.5507008819672566,-1.6032697346359464,-2.5798103514106034,2.6681714892303448,-1.7467293665160921,3.9297617886496554,-0.9991718428459944,2.3938343621857805,0.4335390355862413,0.5142655924148591,-0.006959882912358075,-0.6521748853692791,2.836601459687543,-0.18721382149381005,202.21,0
391,0.36926553465618983,2.000513845250816,1.1537685390885666,2.333933255852906,-1.357632444948907,8.795153650788988,-0.3846786761684744,-0.1764070536283277,-0.5921141213350033,2.5937842780491516,-0.5956161014758109,0.2361924562014153,0.06865145707428366,0.054149062425997485,-0.8099168567891817,0.8488738302850475,0.4969331317273412,-2.082719245980585,-1.7261628263285447,0.9390889436311305,2.823035181397589,0.3536795955057045,4.939831628813395,-0.3773538416409774,-0.1267892516659413,-1.1855960077744592,1.2712124040772288,1.74195202705374,3.4633175198480224,81.52,0
392,-0.26890767621500933,-1.9722837557142188,-0.13891713697492322,-2.9395243713693913,0.020708683685403476,-5.479095136683089,-2.149745593257155,0.3801773876054463,0.3793253640306142,1.049590688118715,-1.1736867600022411,0.5783336631300541,-0.3484058295044152,0.5634107990317608,-0.277997121745195,1.7238848764227657,-4.449396313531146,-2.650534702656141,1.169648429383837,1.07270874076744,-0.8951607839818952,0.0938329453855689,2.0299185799653525,7.5341711627869,-1.0687269542063265,0.5577867238861631,-0.07536622078094668,-2.249972300022378,-2.3707989599649983,18.39,0
393,-0.10816524653459693,-0.4992365083499102,1.3242777631296714,-0.7739854651258555,0.029671824977444982,0.9072431431068589,1.9193503869165243,-0.9874504687235515,-0.5056562781784717,0.38142084483590233,1.6006371421859116,-0.8215730333066159,-1.2199308999902159,-0.9570736426365462,0.6150376277610444,0.048163691137194334,0.6446999125775782,0.29131150350084034,-0.36169666663041056,-0.3615904658640628,0.34474119130868885,0.49826470719588245,-0.25439421060831247,0.32864163707971833,-0.6905280258215071,-1.844216703867239,-3.0473968651611187,-0.4608755119750755,3.5388506078249145,130.13,0
394,-1.5969560756991719,-3.0190224709996674,-1.2340001207399278,0.7833117831817585,1.2531514008522797,-0.634872588516905,1.1624686470377046,-1.5530369295124498,-1.8513587079899194,1.965824139859739,0.9396059548006178,3.9859873105714096,-1.7658314961745936,-2.0757099863137194,-0.1558344900070006,2.451625371836304,-2.38818067729836,-0.0663835047084047,0.9182243857078708,-0.6250421346000665,-1.3487089129800207,-1.1247276394199412,0.3033690819529731,1.1069915963624783,0.4879127521278857,-0.18602566320621514,-0.7475222964833752,-3.6085169489430937,1.1410830084554076,159.23,1
395,-1.1795174566405118,-0.5010168977451847,-0.6282984920177531,1.9523776326236284,0.5373654249348249,-4.788223152102228,-0.011473835166649238,1.3573414957162835,-1.117197665740445,1.1842744494692887,-4.455553443952004,6.381263828996227,-0.1975286042912149,-2.710317758373881,2.1279180747572566,-0.744872785276274,-1.4804120472884152,-1.132342928092311,-0.6657821868438991,1.3344823507435037,-1.5125581936654722,-0.1698932016675959,0.47322014099961923,1.8799249499917856,0.6727204878601408,0.1323090206885346,-0.8526493727119103,1.42533133013409,0.4796788961517957,91.59,0
396,0.4869881388370644,-1.9736846458636066,1.056024745140268,-1.2249574686196207,0.1832355990350907,1.8673649373938557,0.8929915014762276,-1.1092624779072835,0.5171063770094092,-0.3032541391029123,3.2536029238726187,-2.7128763378336407,1.3073091189715773,-1.1943270041589926,0.09530903317565519,0.7672254636495847,-1.8182621131565595,-2.2457330352249,1.411326852616365,0.3362808307573559,1.436653311298881,-0.28983989267729987,-0.9437662732420696,0.4424814695940132,0.24967502798778463,-0.05448809385780392,-1.0015124331464533,-1.4243698827415403,1.3012631584620873,166.22,0
397,-0.07882587947345479,-1.0627484844448816,0.48801348637600983,5.471724206807589,0.5321161341863817,0.6659031446078936,3.623753213206492,-0.6956454501201963,0.1364269180672801,3.0886507667814187,-3.394703598677836,10.919418193512628,0.02080402377254423,2.1844676676710932,-1.1259508961353941,-1.2426201449449152,-0.012175470000098776,3.3498811080367568,2.208750768277022,0.31015382610150705,-1.6558849169002443,-0.9409359526428854,0.7727289606797126,3.6047445362943407,1.2158735621989807,0.07985683576930377,1.6575894959263933,1.1329992789496859,2.38294144086778,102.51,0
398,-0.9774753331527154,-1.2117728149846316,-1.2903683825796395,5.635975302692177,0.29916456718847856,1.3567794719244048,-0.8038068789744236,1.449413768996868,0.018073473423663822,0.3482148193714224,-2.1183306931405137,7.613021859798333,1.203874741793595,4.318176543729065,-0.0024678493121753704,-1.5062148709065084,0.7923267513194323,2.25576476610004,1.9682732232217197,0.5316987339898607,-0.7198967778444038,-0.17821901256785602,-1.1012113335340947,6.161986028472168,-0.3015136445386949,0.33615317011402485,-0.14669381280661364,6.83779929392556,2.5166043260951962,138.61,0
399,1.3271912228017868,3.878754950785713,0.7438296345821243,2.268039634414499,0.13673265587151023,5.00049434091593,2.458778299569258,0.6335727440817172,-1.1773210412697714,3.7595260807082487,-3.666810359824314,2.0115185262339472,0.6803028920604759,-4.131657653928628,-0.42524834572950676,0.8378336775244427,-0.8389828921943571,-4.874916091193579,-4.774868400815419,0.08530451504745419,1.2182116662419626,0.4877860175108979,4.81501496686264,-5.991948293370803,-0.8799134047231368,-0.32653660337632845,4.601232845737645,-4.6674973753012665,2.895981930385219,9.56,0
400,-1.2055286046107376,-1.78597877172978,-0.1534498511268846,1.045854487823422,-1.0106000406510562,3.0494977708185984,2.8826927974386627,0.13348449541451154,-0.6492886613610113,1.8655256004524727,-0.2906856344770604,2.4976584112728513,1.1507032746667285,-3.634052297096552,0.420798888827516,-0.07653593926840017,-0.8319389342578554,-3.9570041828041917,4.808038790750519,-0.3295518779954617,1.023522350740277,-0.5163974846607704,-1.2665781826399383,-0.7305553607210649,1.1095782415009494,1.817368329781848,0.8040346116977121,-2.5140240115734924,-0.6785364391302057,53.45,0
401,-0.38396020203484016,-0.48131604660196897,-0.189442777526179,-0.9395969314583993,0.7745633043824588,1.0174444551762847,0.3481071714928349,1.4009808496930505,1.2951961769007685,0.7121039187698442,0.566738660614643,-0.39638909372002534,-0.2701601066121741,-2.7498092641704037,0.01261283435224257,-1.2692215303532202,-2.4866567982208343,-2.799649459010105,2.296061036406318,-0.63806300931613,0.9066868211520887,-1.194339164619275,0.1652213168603376,2.0523241762577586,0.11795017089254153,0.1283390272029383,-1.537556254647125,1.2462377187571454,0.28950050332132127,98.61,0
402,0.877909797753002,1.8501843328653635,-0.795436583732299,2.041939006196464,2.038641925048266,8.140887709246467,0.03895884126355287,1.1619011299565059,2.0290898599490657,1.509843986937459,2.702317019141701,-2.6336457873218393,0.14163812813565044,-2.158880466544478,1.1048699546987093,-0.1888801367134558,2.180267374109069,-2.0489898489019214,-5.826287802568649,-0.36019790848493516,0.1677099539538366,1.0346996960872819,1.015753866837043,-9.553577028018557,1.2668036084433343,-1.2321984663131047,2.6667641444865966,-6.795022437106848,3.700662603994992,173.46,0
403,-0.8674143292390752,1.096997972835505,0.7975770632642244,-0.8863364511465845,-1.4585764078459824,-2.016398425838589,0.8933149825772064,-0.16515412302837496,-0.632000604604313,3.3126255578964714,-0.7311565032007602,1.0583019998500607,2.3000306851444514,-1.8546688112858463,-1.1666921959392664,1.1405163348462193,-3.3581112396650017,0.9409821269205295,-1.9562015762885347,-0.4929329824466878,0.704959964682814,1.5363175738180468,3.1992201880607665,2.556769571196338,0.11939225039419937,-0.37059643177535007,-4.0538516964412725,2.941852190715355,0.9106583847496302,27.75,0
404,-1.8516569636800562,2.181247164917686,0.512583152688558,0.9720525338375882,-0.42676282883856803,3.9354092732737875,-0.11114386165057188,0.05966189369697816,0.580421940096241,0.19238787841336713,-1.1679283001551122,1.2453183597969388,0.5890230796419218,-0.3890356898990055,0.04573912900266335,-1.0478663059889717,-0.12653175367214453,0.7998154466985766,-0.7535089226582503,0.3974040328868454,0.26274429986738557,-1.814308121389617,3.633616443002732,-0.5220275030681896,0.31139535741201874,-0.5466878217372169,2.0801539569592973,1.8064320492237211,1.847823714256236,137.54,0
405,-1.3822859041360303,0.6597981300687147,-0.48165745105457425,-1.8182993219029753,0.4409188278083594,2.8920905095262457,0.23060151419980313,0.31451374380269603,-1.1220331706229165,0.7914446965792891,1.5119362989252596,-1.1573321250709272,-0.8152803293911224,1.8971479321433184,-0.3654177211002216,-1.6030394844354783,-2.395812324337884,1.8582640987326027,1.0753437525364773,-1.4139691334071136,0.8831258602910581,0.15167318580140368,4.31414451284894,4.564661879492366,-0.2547187899858918,1.0421398926351775,0.12603927959108552,1.5567736994466757,1.3704224382067614,43.1,0
406,1.1165642691137982,-2.2336524543052025,-0.05087965164398104,-2.085707991513569,2.5651540585996915,10.556273946944005,0.6520414933556984,0.5256399227270944,0.17695924973983332,-2.0946134424955796,3.39914583750817,-5.272230854343697,-0.9198106131509073,2.0089118858023824,2.350339120154303,1.2708122296569129,3.504750569022892,2.6748450063203184,-0.22605091945848088,-1.8788569137431494,5.483303139603675,1.3187796851467892,8.960320601062186,-3.1157594197283336,0.3864461835180462,0.24560281705791556,3.10092011468786,-2.7343802991898807,3.876928128670096,60.89,0
407,-0.7758643055602588,1.1593851031580935,-1.9608451414681916,-3.903330705712799,0.3757821336847739,-0.1918596619359809,0.03792036790188036,0.2952297411054327,-0.08370985713902226,-0.2861274486238595,0.9842213809596255,-4.321672820603995,0.038738609191706894,3.2130003351834016,0.35804883885657074,-1.341722243356314,-1.9662438174448584,-1.0727407476229263,2.3205672801889294,0.41487489908910524,0.9768502861754219,-0.9130491839967317,1.4048520794335289,6.331189050207609,0.4400506606935736,1.0349381631639325,0.40125176919943584,0.47791125220479896,-0.8622244700546658,174.54,0
408,1.562668505230683,-0.8371339191542074,0.4395100188191182,0.8140232636936399,0.21179242018578426,4.4362380855137165,-2.569203811907794,1.6271180521597577,-0.41205226978492193,-0.004067431888419737,-0.16395673047123438,0.42893559342593823,0.19462857791741106,-1.486955635411142,1.9607178320387029,2.672156742628014,2.638963287079668,-1.1973513286006099,-2.0464629412969497,-0.7922759541714712,0.13456010577365174,1.1073116693407743,3.132327085612525,-1.8144339737972761,0.033937885134963125,0.4782239401626234,0.09155329669254098,-2.172595093140611,2.86677033565174,164.17,0
409,0.4299742302266078,0.06948919862881786,1.602557190681644,-2.500069483597826,1.001868807621903,-1.5333878994654082,2.2441426774966176,0.7475349718454773,0.09295180969036923,-1.3866139613729462,-0.2431635564517295,-0.93328040222507,0.348079883698492,2.9415804093493305,-1.2480759525898173,-0.3061851362477693,-1.5196535607964972,1.4971879817707268,0.6553617821035809,-0.48891742334139066,0.6236274569259954,0.3566960972720557,3.0328534851492974,4.177965395929407,-0.2283128647192489,0.6116695080985893,2.2622910480484832,-0.878480976749541,1.7714647466648912,80.58,0
410,0.2613657421135737,-1.1884458575115255,-3.655086515104106,-1.2605403864226912,1.7978387330904715,-3.051516813260707,0.14610724460387192,0.014033733881851279,-0.7997979377203086,2.231975221011419,0.7221342746462851,1.5081598118183712,-0.48639176879086643,-0.03514367627498505,-0.1447323989185361,0.3540485085875462,-4.301062157801677,-0.5143693908178041,0.40018801805884735,-1.3840889920124233,-1.2914689573256086,-0.699582696497317,0.6636077584333889,5.212786312747167,0.5764464926030052,1.0778730765648021,-1.6145678967706771,-1.4391431290464616,0.05752458346166189,102.86,0
411,0.3286782423480826,-1.8506806650762768,-0.3534597702862842,-0.3702178705126927,0.09942845822903407,1.9432376544477032,-1.758067554617678,0.03345412020148505,1.509701819187646,2.418295487481216,-1.866787782509065,3.736190635631959,-0.5362042805401637,-2.2556145589101617,-0.7645978705554142,0.13901318105897514,-2.419305863304059,0.4338561805379445,0.29909342074606493,1.997844773627145,0.8285750072945016,-1.4231602771485647,8.08705133166149,2.246749401466105,1.2168367914244393,0.2036604227261782,0.9585569506117798,-1.1471305197141637,-0.4286646096020922,205.03,0
412,-0.6146968230076675,0.36645618327030205,0.2833051793804862,-1.4985568236729998,-0.9354550643937929,-3.5120387871799554,1.9551772511945629,0.5220455362447083,-0.5717542523576646,0.08289853040059558,-0.6883997474556406,1.1064944846217104,-0.1787381196899341,-1.9245471967097671,0.270321245843369,-0.13167378245531886,-3.686403224763525,1.322708819105372,0.12309150115050183,0.8628175552303327,0.081661434740956,0.4303095645066175,1.8422462043799614,2.0626790059548172,0.460638122953821,0.5028846851187714,-1.2924612020796518,2.4016388347947863,0.7360556224519482,6.39,0
413,0.09843762392458368,4.861067143665893,0.05860393952571911,1.634174484340479,1.0610418591835804,8.49011815768364,-0.45025392476594545,0.5954953007219735,-1.3865600587809983,2.5892521987675043,-3.336224315218399,2.4578788186518064,1.1289065958772229,-1.6495856515504679,-0.8166061871395836,-0.10559295928867828,0.5781414555053792,-3.2589560365316284,-0.8083346083288645,1.268780588413842,-0.7187597492981972,0.1862524599012663,5.528234854208723,-0.7426012752222592,0.28488589971531725,-0.22598320335224872,5.0477020439864875,-1.92519464261102,2.5996060977614737,164.93,0
414,-0.04363346973801527,-1.4839400330181838,1.3565788685922786,-1.6606881905712734,0.20486430808568756,7.32660828079343,-0.8197519847394824,-1.667827514417087,0.21304562207438593,-1.9922947026427358,3.1133499917164964,-3.0293177926018013,0.6389244667485607,-1.8667454138928952,0.6007274452881491,-1.874233998697129,1.7139991598125661,3.4324989470656404,-0.8512775230662953,-1.193629089365043,2.7047945823129225,-1.3855642638993695,6.938243939531735,-3.746152189644781,0.47711472781753167,-0.33558254393822484,-0.014308962061722164,0.0012335031465511394,3.4498318088721445,40.81,0
415,-0.0936472853382139,1.4425232405025374,1.8916868991785054,-1.8585907649832625,1.8843460834966528,7.66096585073459,1.4945135087512558,-0.4890834937955469,-1.0193614869856649,-2.18292600074506,1.769155703778131,-3.244260341975782,0.840779372341814,2.5169923209155893,0.2015196711487438,-0.06086917221623043,2.0035092234076672,0.8205390194480114,3.6738504965534124,-0.06358339492155138,1.9019059972190635,-0.385328775653226,2.8979982385282153,3.34457528968802,0.6908223146873695,-0.2090990768992498,1.441845128986857,2.219286776109156,4.0247921705857665,98.73,0
416,0.6768621373344127,-1.7523380270177116,-1.8138824704695111,-1.8021244720369007,0.19078993668678795,-0.5166093953547348,-0.02264492055253442,0.6200518676390839,-0.6167513441519322,0.8334123356283772,1.5437363597908753,-1.4036544975295033,2.082809990208515,-2.352941060625563,0.24566324137724918,0.5504029783299276,-2.131014686460522,-0.04934082859691513,-0.9238972951950136,-0.5318222752312214,1.4245650622187411,0.9225087966048213,2.5574899449137987,0.0004150981955706232,-1.6155886984680774,1.774418532880004,-2.509625006849704,-0.5861073546160952,0.5633788893388749,205.71,0
417,-0.005743595515917001,1.2605617901302506,1.6228759844712095,-0.17015962751849867,-0.8537863800280407,6.685421430788634,0.9870466673774589,-0.6882282616389296,0.15179594887250042,2.9858018969643925,-1.866693942105881,2.036159997840955,0.696223682562848,-1.173775657888416,0.763512567174797,1.2247245219097556,0.37891919933058615,-0.6665866804366024,3.7810107890878553,1.5566565676545774,2.1092386301910606,0.08059582402974991,5.618988574797875,3.9379613484425433,1.504112837700796,0.07110385731734516,-0.8092201181959204,2.901290277667329,1.2967898438114696,234.32,0
418,0.5598117619307609,-0.20055613183975296,-0.780043158149952,1.1088163004189373,0.6421077589986135,-1.2269758408521534,0.5337481114040888,1.0271915600404138,-0.812584514255267,0.6632442106649528,-1.8710879200575719,1.3101717191435676,-0.604675181631919,-1.6408497233245019,-0.8274767512618296,-1.0439209802489835,0.24751244843282572,-0.904815400217037,-1.6206042220431354,2.240612120174282,1.3721182784409938,-0.016801315977740417,0.664486530455426,-1.2150998659406456,-1.2873785931353454,0.14262139266888282,-1.414443096187584,1.7193064087108925,0.7872959945934269,66.7,0
419,0.02890659332579404,-1.0683800077043415,-2.031823556322141,-2.5122984932174806,0.4749198737938048,-4.389269232442147,0.7531824904010652,-0.8792744620806778,0.7802139722002417,-0.13219955245940918,-0.07011057668505571,0.3756648352009791,-0.17047614898169622,-0.04427883415589606,0.31912734306903845,1.7614025499361152,-4.571766583618759,0.14809431831035125,-0.1410793408472052,0.4632803417903879,-0.05465924621158125,-0.8225196441816829,2.5762396242885384,5.549900713531694,1.5813759691714335,1.3119927903920974,-0.9285977565677298,0.42893987607529915,1.4688961279147938,237.43,0
420,0.5727253193298222,1.6660774768129514,0.9269996287341687,0.1999226535019819,0.013652912075056728,7.357505141714843,-1.1201438108457773,0.6768882044807154,-0.6688964917292147,0.6901432653661619,-1.8003916182245032,4.289093068559152,-0.6757180024155319,0.7181395470659181,-0.33219771614193333,1.4262342580797647,2.2992597069309015,3.0596628227810134,5.418468023772129,-0.4868218725182975,-1.5013352430558498,-0.10931625723604081,5.313009774862836,5.399807959439779,0.2516538689865537,-1.131089745168842,0.9641002962303183,3.1773953399107024,1.4572434058615549,86.06,0
421,0.8388708606780273,4.593902442172843,-2.78728892535578,-2.9474403429033775,1.485400523570422,-4.671921066265555,-2.0632330511056933,-0.6329970322962923,-0.2327733766931721,4.68521196766616,-3.9246963012157052,2.1639453277768856,-0.19904928260845492,5.051370629470626,0.3363385616655311,-0.476909927597322,-4.974606034956987,-0.8076106048306623,0.7782652652322485,0.03242611782242977,-2.359317406325621,0.9436000527945995,3.803647042890214,17.804627127337863,-0.035031899152849294,-1.166713272731042,-4.0406126639613005,6.2299746629618875,0.7427201282167606,25.49,0
422,-1.0471714153162728,0.17741304932008772,-0.98550018358034,-2.1195497927296496,1.0093271050337091,-5.104459845125,1.8000186763166863,0.48964766217499645,0.9905054244225251,0.2522512778462086,0.09036539273744226,-1.8105370105994434,-1.014791688690731,-0.39890243963821426,0.1434175529526955,-1.5779330695682783,-0.7159443717448246,-2.305399910482959,0.16643856411967572,0.3124548561517243,-0.6351252715061039,0.2956691349947631,-3.835246845849918,2.5000392682751893,0.6555339764915022,0.6915158558653307,-3.271980960814019,-0.8682440190568423,0.4200762628415075,3.67,0
423,-1.1098394892699073,-1.6353714884859634,-0.623180315308064,4.0015138341653005,1.018624510033811,-1.173744044679888,-1.1516280928527634,-0.66843303064877,1.8816212893577708,1.2094127108201576,-1.65487951245875,4.469090733359505,1.569584066281079,2.5619197029683742,1.8331141483984492,-1.479089288097522,-1.0155444608851507,-0.9370319104727257,-0.4480297757125212,1.099415601792937,0.5533647180294529,4.479084251025757,-1.2713710746889193,4.388583228094759,0.8610979890066731,-1.0037878154636364,-0.951772407649368,4.220885407456973,1.1123330024907305,102.66,0
424,1.6536352160298582,2.423937333504678,-1.7210471256296629,0.4609368703529287,0.7495550374451283,6.030969869252392,-1.413032218115156,0.6913563810805253,1.3681890237485779,2.1571729248199576,-1.9174883008274621,2.1987947702968365,-0.982416240480937,0.14855952913619108,0.9011436305292249,1.623861412322142,2.0630947348483697,-0.9493937344931117,1.9646813815812263,-0.4304147086872844,-1.5537401801256379,-0.5903616918053307,3.2326789569925416,1.8986929268113837,-0.27411147538072145,-0.534750804590915,2.1529264329877864,-1.6643993937506754,0.2443021229104888,31.58,0
425,-0.3022884430935042,-1.2233579409713156,-0.9187074761481279,0.415416229642691,1.0035048624164156,7.997087614299457,1.4821682017923161,0.23284245073663914,0.7520341591968671,2.600988739327298,0.493856049414781,-0.6636050321043464,0.5615768839160554,-3.500423106014455,0.2620199762396622,-0.13473706324131265,0.3775762353248401,-1.1875108493128215,0.44824020547393006,0.050447442774460144,5.096947772464014,0.0018330005944814697,6.353257146511938,-3.49062001124298,-2.6285211403979574,2.3250550158755865,-0.5270309121760246,0.12189788780564309,1.3698456496370435,32.04,0
426,0.06134876533123672,-6.504372632462486,0.6754232718412619,-1.1294095591907447,-0.8832575393920493,-0.807327691212041,-2.406216787851494,1.051556183810413,0.5406948278953948,-1.8940635646167228,1.897242010635452,2.916313495122841,-0.13203201041471946,-2.5957081288542083,0.6714897157067725,-0.3343857558969754,-3.212855149255945,2.8213531668937506,-1.9427612873040436,-0.9543320129867869,-0.4716230012873853,1.3966531659343415,7.406706491803645,-0.6476190177777462,-0.4529570895380753,-0.576573068946119,2.2449179163443813,-5.857261512481036,2.177547116943938,171.43,0
427,1.605198015209525,0.42238761459900037,-0.857134710434541,-0.26343523503090827,-0.03591040363842985,1.0185029900945823,-1.602544411165148,0.2925984457408303,0.9481500118021107,0.5772012304847387,1.6828409873234147,1.0077780790476247,-0.19518167291457722,1.9471681313871803,0.09256061717143475,1.352774175754248,1.8004948349520071,2.6273714489601945,2.139601475567126,0.27127303010929316,-4.260723256738648,-0.07460538911875449,-2.3208128218993243,0.9809424267979419,-1.0295645922271728,0.7952672124822038,0.4871644099778187,-3.4350747958191117,-2.0105045895221965,281.49,0
428,2.018096732835487,-3.42658842434172,0.11562079042143356,-0.1598427157423855,-1.2040869501711966,-3.52466149231448,-0.7857757658444913,-1.2529997571683937,1.4901435958834768,0.0061025365192421965,0.10428857107737033,0.3012511094707196,-0.9658716342550967,-2.429807801438909,-0.14855541490058238,0.13015106198558457,0.6280690569689409,-2.723860834175245,-3.398836706131596,0.4265392900265429,-0.7725398588718255,-0.18748148749128224,-0.8369563874277037,-3.5424904809271234,-1.0614729729236276,-1.1876011173773469,-0.16838603233688987,-7.464891196290929,0.5993739571676262,90.86,0
429,1.5658205940941132,0.6310897689795437,1.7832298917445188,0.7527100028975023,-0.4577893528590192,4.822473551024928,0.4230950824729499,-1.8640648250557121,-0.1321617523553239,0.7392646909045097,-0.655077078788731,1.1679478221677215,-0.5628043312978913,-0.40830429054235495,0.029432700419992814,1.8875513502558465,0.8801906839628053,1.0414284028925107,1.6112963353946554,-0.6274774843811537,1.8041804579182328,1.3125093439544353,3.4257609833909664,1.1413016055844911,0.3385741900816487,0.6208754159067472,-0.6699002729793878,3.767597680041339,1.6852586742070184,122.14,0
430,1.072727030099361,-0.47406654880549864,0.23882432593704137,-1.0672425540831427,-0.3812509496737023,-4.798264910874494,2.806542117195992,0.31384303190456736,0.10357652177506799,3.5101302679664452,-1.6700514995439137,1.070450846581679,0.9644356443147198,-0.7170175567705049,-2.507826036055067,-0.2715319167223954,-3.3173116898275157,-2.8226819110931274,-0.25272614691963013,-1.0915851531772012,1.0259491703219907,1.8978858376841823,0.038097402244326534,3.6056100195493657,-0.18416551780497972,-0.7261424363473181,-2.214683790392309,-1.3800486654966708,-0.5590354498402647,49.87,0
431,0.5198290026710267,3.6339077686405674,2.0347491581525903,3.5973130868020635,1.2313042635686857,4.907510145438918,0.4836743275945189,-1.198361546999097,-0.8033787071662901,2.178396994596591,-2.325782236216731,3.5228854230496154,0.8215641246246144,-2.2397598340849227,0.6273984856213408,0.2167912776044933,1.543004848734049,-2.2747094926944493,-3.8833927323209037,0.6826525072925881,-2.22366063910026,1.0171476743793124,0.9744605295946828,-5.1007990640655025,0.10404648103908559,-0.6845856191413306,3.6757601779988223,-3.9278536964764266,3.428796233320404,131.96,0
432,-0.9956424072441601,3.4189399327976155,-0.35432234024909864,-0.3635297807468093,1.0213976838403982,3.5706526058145767,1.166826417458302,0.4499088888312278,0.7069289851361691,2.596103474196014,-1.3090789063247241,-1.4079622028300036,2.2096286521908626,-5.531785205780672,0.6506108961061356,0.9839269092062237,-1.905579399378818,-3.602696921021934,-4.013426378223468,1.1066253091372844,1.5256082492148817,-0.8294677345802876,4.349581887675292,-5.751497138996835,1.0119055837497712,0.19460759846102424,1.3415512687632514,-2.3127189332722353,1.454887187815094,59.27,0
433,0.989184883976036,-0.30647303658619507,-0.2138458479413305,-1.0122575679224033,-0.7253471292064455,7.289574772815337,-1.28358167629196,-1.1947317337576915,-0.098494406129539,1.5631187226808088,-0.1896421402881362,-0.8910317389002694,-0.324738354720943,1.2686917003805447,-0.418478534942753,-0.8512536975641631,1.9794475032562708,-1.954593687534881,3.0590007019553056,-0.3202809505060926,1.962947908270532,0.017237535003070847,4.790911769383271,3.651832437429448,0.8966135898251485,-0.6240950503889459,0.9500087299394732,-1.2211301030498025,0.6369344844781609,144.71,0
434,0.5356375884651636,0.592429712694896,1.0346573698682087,-1.6495545548391366,-0.6159813430848522,-1.7125749097111416,0.7686127526265522,-0.7135311362142988,0.9386107696939839,3.1369197958868353,-1.0958756879157567,0.05289027160752891,0.4864990167320297,-0.6702665168758534,-0.8930685565049704,-0.4963631294960013,-3.5743206737307114,-1.9170872811443846,1.0566494139276768,0.19176563310249223,1.164344805596662,1.643825930089093,2.037805866125782,4.46802464252438,0.39358065033571576,-2.069439259214251,-1.7954574143093436,1.1131558864816036,-1.5680832388345585,186.4,0
435,1.4692134397269894,0.31588580276857947,1.442940067837931,1.843049169741515,-0.5426608989740664,-0.4454458737679248,2.5533659706198257,0.06073612558130447,0.2553543421120036,2.3123551616905074,-0.3874673275330477,1.085776578240227,-0.07187078581077398,-2.4411067864634983,0.826290124622276,-0.02541136932159493,-0.8718888117519416,-1.2269532522506985,-3.8448206736975155,-1.3221729566400084,0.5540352536880943,-0.7675465012301531,-0.2626242791255799,-5.94095721760104,-0.4083366806456837,0.777508667265898,0.9192749640332729,-3.811926796996136,0.6015494962360242,2.4,0
436,-0.6427215938827137,3.2173700434452557,0.10080387045977413,2.1225090538786686,-0.08214304557286504,5.67546838637782,-0.9621314188517206,-1.1955753282234454,-0.3870842444749391,3.0110219700876377,-2.2095800569626745,0.20181838099815644,1.6546683158667064,-2.010284108566918,1.5393565226006936,0.4370176220734189,-0.2081497864657188,-6.526282634447849,-4.929356707600341,0.22032329169091802,0.22230556681256097,-0.6625171463067404,3.062551965224032,-3.6949818230020766,1.8146491673230778,0.47057145940029743,4.455045188626432,-5.441712546109717,2.6202175187895715,10.93,0
437,-2.080282617242452,4.558443656557993,1.3089894097291122,1.2027651818433078,0.49294981046696934,11.206424680803272,-0.7286544589764035,-0.9354354054587067,0.6611854748160046,1.1252925777808378,0.8148883465299014,-2.095514814005503,-1.510924561816994,-1.7911661931091123,-0.5688285875565908,-0.9244085682299981,3.9298785939950487,-0.5486630577758151,-3.468561383959513,1.1227712402333418,-0.3827263841439871,-0.18759882127683974,3.876013789922042,-7.598605029443448,-0.32542127137283106,-0.795175012413834,3.596254411730576,-3.9775030424029527,3.4398815511254237,53.37,0
438,-0.9231191842365297,-0.701955286882454,-1.0259433396994282,4.647899610019791,0.26978392939993606,-2.6956157584624445,2.387085452964581,0.7954327068074329,-0.12407722610303959,1.799267756394049,-3.414831202360381,7.2741744573130855,0.02464737821054295,0.588487967809289,1.6361051105963191,0.8228592227833518,-1.7232061192285948,1.443355039122836,-0.5436632180532208,-1.3348268175884932,0.7835623265241666,0.029174426768095948,-0.09987029764855433,2.190173069678246,0.01159385932537144,-0.0724290696422832,-0.8247600483819303,5.51606581451569,1.6413194880234487,3.51,0
439,-0.7876772964243001,-0.663536901965383,1.9259273205022611,1.5962960072955488,0.8102278323024328,8.50413242455469,-0.30722067490425153,1.0113682571901796,-0.7609429805669716,1.9116391709694485,-0.550843982325976,3.2119610601161495,0.4839119423794722,-5.6774730097401775,-0.0970718201485539,0.11437976070263597,-1.886630344435524,0.6984823470926654,1.198747813324431,0.24729405348683148,3.2706192800685483,0.7229805130978236,8.505543363521461,-2.399597422687716,-0.205317644802088,-0.2923171457690879,0.17862146662850586,3.780467726930355,1.7881826396437321,126.35,0
440,0.7538996372736357,-3.394932957379474,1.655152260389907,-1.6113039809654885,-0.6313994202708345,3.5392137466040365,1.6533195361551076,-1.2456688693400075,-0.4779282687772126,0.9602374736096665,4.34748212398177,-5.686940649156753,-1.6504891835450084,0.8798702341073364,-0.5276639851456674,-1.1115623424882675,2.289751675085149,-4.742201865908229,1.7417838130398287,0.7656303381716163,2.6382834318323427,0.1728789609345851,-3.426809817944087,-1.7415201770752322,-0.40369311946563347,-0.19140461628401628,-0.8553967015924994,-7.573869326073411,-0.1322032341776519,52.29,0
441,-0.18661322172860464,2.537297873740251,0.588788877223153,2.9092948683625175,-1.507313581481862,5.934527641027906,0.3416615452794044,1.3191010274459878,-0.612734175014757,2.6615258881977826,-3.1823071966943974,3.909187819734738,-0.22431547522261966,-0.49825108313182453,0.5034122121999125,-0.30091771324534927,-1.8051338426261312,-1.708598755969874,-0.37178600518493277,-0.07458023010351422,2.018437083673784,0.155575112758557,5.5929807183648075,2.8116237718152735,-1.251522794304531,-0.8512233916631263,1.7352173500522259,4.736654285388513,3.2612085710500547,114.44,0
442,0.04482313193228475,1.3654955313253707,-0.7028328129354411,-1.467850628784852,0.474603923034761,6.700082854747212,-0.6737964881322651,-0.563066199795102,1.0325388983011217,0.9681872465260526,1.6484336424100987,-3.364448974778445,-0.0942438435247516,-5.526781990027907,-0.8857356006337547,-0.26281684252611515,2.9080242558683334,-2.062228832233615,-3.861337445551059,0.18964795487489794,-0.34370852590923673,1.1221417339195243,3.613149542450112,-9.180948616181853,0.05171788481318731,0.6626783576861647,1.177437014426885,-8.353441434403372,2.259261075424389,118.43,0
443,-1.3735266215775355,-0.5825840269558052,-0.26154715385343974,0.29150860616648655,0.648940416207971,-0.7079698635871037,3.435671633809263,-0.38785452380937296,0.8288751482565307,2.0326602226687664,-1.460181133897093,1.0169767991034218,1.8880602412458254,-5.1748615672696205,1.931507734726779,0.13930840923593518,-0.11507662898507698,-1.2331581602330821,-0.568834072192958,-0.18390458054452397,2.3575064673044137,-0.04799453159933417,0.9318524174383033,-5.3050609144682115,1.244789386099596,0.09090385720763113,-1.7495607386906267,-0.9371642083600612,-0.4892689540008496,233.48,0
444,-0.20230001008711487,3.4297969370099937,1.804104664586301,4.317575064232672,-2.35115821311217,7.173869224853726,0.8592508733831484,-0.335283474517337,-2.124445143093358,1.8605234249022797,-0.8212158074490836,2.365342949637594,-0.3096817820367279,1.0900505239473848,-1.0082860679643277,-1.3544896173623504,1.4361032886750666,-1.1185937776057768,-3.0867849145718904,0.7759681608964043,-0.8961077536022888,-1.2688725926057791,0.8275214723020645,-4.10068586752689,-0.9390632499396991,2.4219554805352432,5.073611271516611,-2.6048097097371112,3.2517033960981254,33.87,0
445,0.6546419928245036,0.1143617899854551,2.5197076456453744,-1.146264143249724,-0.5160601765303474,-2.437693572273852,-2.404789827574351,1.8914551152692207,-1.14506791648254,0.5910768703539242,-2.9271322026862543,3.437522366470354,0.13490711633812782,-0.6783937439801462,-1.8259010941126057,0.36358427384619,0.06751401033324111,-0.5205706189616874,2.8169903105515175,-0.5944136985779728,-3.058431994492856,0.3005869246391313,1.0203451669789632,4.942488711904413,-0.189751557259683,-0.39669617996520684,-0.1641111075036482,-0.6080610729259931,-2.0545686422216427,102.22,0
446,0.33776031993531075,-5.068473208408184,-0.751856743969934,-1.8288162459653323,-0.578163623061863,3.808013727688553,-1.6152386390340108,1.58876522322982,0.4844842391297401,-3.156854031854301,5.919729329230379,-3.790609298268191,0.006118664141802973,-1.3168656791161006,1.506167130884461,-1.3034724287815804,-0.17009908309945254,2.160480925155776,-1.434248976629363,0.3195007664155189,1.4350618892782094,-1.263075650525921,3.268667748983114,-4.018956671709486,-0.09222115812741334,-0.6469428195881666,0.5157915588770684,-4.6387991316800665,2.730131869634647,203.07,0
447,0.10797981288504269,0.6642917836141029,0.27004961344519623,0.22123014470449132,0.5497512216450848,2.978541793701836,-0.4671354456456313,1.871714624315838,-1.4569375455207298,0.47959593603274264,-1.2559351581556035,0.6469987586992534,1.3986246105594142,-3.576718907213092,0.8680546542277768,0.496701612242392,2.2408347009494105,-3.0462832429127533,-2.9263555208455125,-0.250854661227695,-1.4373008252605661,0.3545902786046827,2.143148649472533,-5.26959443451645,0.16261562358226733,0.4707532415477864,2.805188520724902,-7.474624240217936,2.2998602751621866,35.22,0
448,0.7056556992382529,-1.2013776647736965,-0.05407784930049372,2.1647528067017183,0.16923956342639174,6.799872851267709,1.0134863706372559,-0.900991897570923,-1.1030646512285789,3.7306224935148236,-0.03443118992403649,2.525553059170728,0.3384878021042733,-0.9292013287272107,0.8347624346900867,1.2432550535470797,2.9105575527316168,0.18316800048059367,-1.054283450308776,-0.5577074816484777,1.6845220849912228,0.38090883364160294,4.125241954613512,-2.0302712778184264,1.2915044056340443,0.13122812312953253,-1.066378102455074,-2.8471942435605095,3.1000865794863106,208.75,0
449,-1.0651268965025706,1.7260526375925895,-0.9695387122359751,-2.288709119755593,0.7903860961551117,-3.5175250220998002,-0.14450664855159234,-0.5633211545860078,-1.8147617871278494,0.6801443493136048,-0.8872428135898188,-0.8834665395630025,-0.21618346419372722,-0.2618214967540201,-1.397092726394032,1.286284436366781,-3.687074322531983,-2.820914533615998,2.2661226718777012,0.04431868307244914,-0.7173108868310974,-1.2216714837837672,-1.41943415263413,6.647234584201128,0.8466273612010188,1.2581831082516959,-2.048847582461141,3.1474093572732293,-0.9891172837071195,121.01,0
450,0.6104399993168492,-5.032165758740054,0.9173666494778481,6.749944590621393,1.4729835776298295,-6.000056357595539,0.6885700875409929,0.6838611139319919,1.8619148781501726,0.9446953713803564,-1.1494283589721364,7.03100605960158,-1.5170730369056327,1.7878480104279548,-0.21297865655021128,-0.2563556428531463,0.949481061023342,0.4142907763065332,-2.7897724046808294,0.6012367881516733,-0.09813622843467407,-1.2864694935694123,-6.3831324120578685,-0.6926141008414876,-1.4203017800706945,-0.329396455962543,-3.0167014121628757,1.71345396604393,1.3663159556260773,59.26,0
451,0.0200032198274639,-0.46230609867573047,-0.0851760922710017,-0.10677258856716831,0.39670569151391666,3.2014941640419385,0.4291364504158476,-0.002735556091113593,1.655042221468732,2.40938000411735,-0.6479914108760619,1.520478772796902,-0.8632127594610817,-1.4657190705431242,-0.847671949215035,-1.3970550231469734,-2.3769973857765283,-0.6039374187986166,1.4096379148074383,0.7345292184244875,1.9375448687332812,-0.3945994667391139,4.911573906784736,1.6886869453509137,-0.19365828029379034,-0.02865566103526391,0.5370386983493453,0.5605519342532322,-0.24188748216235034,116.85,0
452,1.2769830590630524,2.1365819436407185,0.14634092374917987,4.611554169898586,0.12100924319881162,1.474646848103018,-0.10824360628500662,2.17009499187626,0.18661482607356927,1.812137327964338,-1.6934460808168212,1.8603473928037366,0.9973506565515259,0.027078833053032714,0.22742126793771542,-1.0468579584583377,-0.16608654431052206,-3.5838035084321582,-6.4506491485129995,-0.6324441920639787,-0.21815371392711136,0.6176893882633404,-1.1057852554070036,-4.776454248411384,0.3636726478389822,-0.44567673990140944,3.1743042160926778,-2.332468891596343,2.647543747726368,309.12,0
453,1.4466861694873017,0.12245385518547625,-1.3804320822431462,-3.1307196092651495,-0.5102181664083618,-3.934714607929792,-0.7660093513945375,-1.5069871846261038,0.7927396893275777,1.317323082800843,-3.0873963264679936,1.1044126002891472,-0.17534641494419065,0.9374432060937136,0.6746715356076624,-1.010225929052133,-3.2834750045150276,-0.10785397870182822,0.25957245020657105,-0.17660951016305085,0.37352482192148384,-1.1981609507468876,6.093302640146324,7.14476997568115,0.6436397075331132,-1.16323982875029,0.28176425387155113,0.2913372276577187,-1.0140517306238066,324.24,0
454,1.254656044926688,-2.2896668362419343,0.6742992460371041,-3.087452652521375,1.7655926938255004,2.71672630050455,-0.003085948595838328,-1.700064946917969,1.3767180946022886,-2.6166105115330724,0.5813608511756141,-2.368145284356795,-0.8974266749486849,-1.6928635116509565,-0.8435900228955672,-0.47476324181487695,-1.9708719974207143,2.651433182279931,-1.0014474846860586,1.7690620531528607,4.454620733102903,0.18423808059768376,10.288443165406514,-1.0794877769258637,0.6805505378190821,1.7961473783167576,2.2211852279414264,0.7501681634761007,2.0546343376912004,83.33,0
455,0.5991321013748925,0.6376145946223847,-0.8370749874113654,-1.2055641867752156,-0.23544445787350907,-0.37084426186383757,-1.6535735800294642,0.5935389863983155,-1.7597025986504642,0.24875450498195129,-0.44704757159133457,1.4271780658733904,-0.8129946594099369,-1.8045477093391615,-0.0807249383129424,-0.32352906156120115,-2.2320478309357727,2.292048619905057,-0.5184668016005075,0.7036038680787361,-0.9648162506080523,0.2601485767784419,4.169173773264741,2.3718773630158916,-0.2624275956923146,-1.4250119834223507,-1.486725569201,2.7131254935704336,0.8494312431632359,94.22,0
456,-0.6528761185843388,1.2233128521814565,1.7810919952862079,0.9186429974995506,-0.5905245698394233,7.589973971215129,-0.31946228098260765,-0.06801748790578266,-0.1152447820517409,1.0893666486165317,-0.4252211117894419,2.569444932528062,-0.2968223891678365,-4.937629086617814,-1.3455051464045105,0.5717981234151149,-1.7341770150119076,2.821416152047675,0.6014309569955307,-0.12878952385358067,2.2981806368920727,1.1143557781904612,8.214159105483317,-1.2418358607591329,-0.39993872710426737,-0.030070617039738255,-1.1609292250772203,6.651382126081419,2.8649842866002895,204.15,0
457,1.15423480489976,3.6321159344755034,0.6001164552445062,-1.0824074034847988,-1.5024245976435517,6.363283882476184,-1.6376720882829585,-1.0503841073498064,1.126457757129158,0.4819562307305164,-0.4935904486843018,0.7956155911358397,-0.021418294952336624,-0.5733118473650274,0.14055640320674964,0.34298296736631834,2.873718829507915,1.6168191358097626,0.940098228494252,-0.5341216416128957,-3.8104561086507527,-0.780260725478798,3.6213299384953177,-0.9970812071889192,-0.06274852556915117,-0.12324193885113374,3.3824413226058474,-4.267334819775301,0.7709373059443579,26.48,0
458,-1.8256350870169995,-0.7879410852679122,-0.5188102821748805,-2.1739971162100122,-0.0290264061605871,2.1539350937715396,-1.5926996558413937,0.5978796872965533,0.6711919917271997,-0.4560870773386315,-0.22068987932735407,-0.8717225105314614,0.25438047962635973,-1.0827176130549798,0.7114149692046384,0.004981303939588323,0.14383212588919358,0.4478135146855141,0.12812067845142894,-0.6379153384090112,1.2683100596274233,0.9658316468581304,5.601889307616501,2.123217193476357,-1.0032080198636522,1.714784933665959,-0.8430643425923083,0.5247636537100919,1.650051579456456,114.97,0
459,0.46313847997504015,1.3425279122250298,-2.5259612817693786,4.148679228252094,0.8301176644952266,5.788139385638053,-1.4762841000334794,-0.1300708412835327,0.16802560175953143,1.2035661451118111,-2.992357542534754,6.569018163444505,0.12798836367726404,1.257566160830423,-0.7543246385464069,-1.3247859103992252,0.9181471093014382,-1.0315623770680542,0.45688914840872374,-0.10885388073270116,-1.9308500003976063,0.8893179073293531,2.8031518880674726,3.6096715126545416,0.5913413211727055,-0.3563013177320619,3.416624328647997,0.8787388212237479,4.060249899785054,71.9,0
460,1.9087762733777358,1.8314783002715778,-0.16306127972697482,0.7252580614267041,1.021658728197938,3.0579148563244,0.6236081177464047,0.8934728944259902,-0.2867063218036532,0.9307086889518357,-1.8111475199785307,1.0742900563867983,0.7561151761751815,-3.787997799552972,0.670167262130463,-0.03139593706602425,-0.7309915137513397,-1.1888986349242465,-2.4116973515084803,-0.5318757929022689,1.220188698545781,-0.5199418374222072,4.321654709893592,-3.1130807247305348,0.059654565007084104,0.6938254128560183,0.8913929861474269,0.6688636472864763,2.5162141775104714,112.67,0
461,0.33555585463959803,0.06591624787410866,0.9756112764618219,0.3996200146361125,2.2715744589045603,1.7378578904047681,2.6340663900491634,0.22417948485379244,0.10895371727080708,1.448410566640502,0.03169276493798756,0.9107539659225659,-0.11146608277941604,-1.5158340297739732,-1.8722450622452576,0.09546046755882846,0.634712043967325,-1.9436836964747042,3.2049615556608644,0.7850470229128118,-0.1297103967188601,-0.45183672820352067,-2.4495881028570516,-0.754862166754493,-1.6482497187130287,-2.191985298524414,0.0026458196040847204,-1.9838618403887092,-0.5926835166369987,25.0,0
462,-0.39955305599675006,-1.8765525968241379,0.09898648704025091,-0.4252270450316788,-0.8518059981826698,3.192312493723281,1.984270392226057,-1.2745102093049272,1.3943390520546883,1.4669515740934016,1.6081357036454846,-0.6597018603673691,-0.10743975483696008,-1.1066388291243798,0.9502792834882797,0.3220472043256931,0.7098020358662233,-1.053313646166154,0.7921455223334319,-0.6568732822933941,1.8747478301479736,1.990147773818276,1.1961735655048846,-0.22457051281428947,-0.25390096274087554,1.0642758718444707,-1.7700780585790494,-2.3284063420604992,2.339112298741313,115.75,0
463,-0.672218872552405,-3.0712440512617576,0.3354213204803695,-0.40078294978404794,-0.8157060480993442,-6.44080076722048,-0.3626950401331829,0.8241523634556386,1.4663118029178595,1.8854593894956193,-1.8687387601212389,4.463041282128404,-0.48877704491340684,-0.5148292872879339,0.6330665474972272,-1.1789961729568956,-0.5568784478713454,-1.3987676427803146,1.673800799760341,1.6737437539834248,-3.189472871792555,-0.2434810696329004,-2.19540435403272,3.6812491231342643,-0.9748843046390414,1.2556775257411008,-1.1725928918633217,-5.360647059499026,-2.3615578238527357,173.76,0
464,-1.2079888228111733,-1.8181952516491617,-0.8090776230133992,-0.27693860143794324,-0.9859135412601079,2.508381836703359,-1.023204820726947,-3.4533540831877665,-0.674875359916566,1.0360792010424318,1.6002907485138111,1.408811236455335,-0.880908984196598,0.54111410798868,0.7762359884828354,0.5736437931365846,-1.008148347140662,2.7567632911031565,-0.640585506269793,-0.7652741332862671,-0.536724971306403,0.3845595606383855,4.533920267362522,0.601991785685152,-0.09971271739580398,-1.0717347263670085,1.1001542609781123,-3.0484027916131513,0.8497271782743188,59.09,0
465,-0.9381798512212423,-0.8153812632759622,-0.7391365592307034,-2.0526184088233532,0.28930463587376126,2.754598470376632,-5.627527567244456,0.8292736865664673,-0.19681112309762697,-2.287314893730249,1.1436049202405636,-1.429254645941179,-0.21997008667302992,-0.6844866970880129,-1.2673369659665712,-0.6693560962502948,3.4774059392342385,-0.3451090562976913,0.0324300465748093,1.6346055117612015,-3.4211341444750394,0.15485044831038394,1.5114574453738532,0.1515411862295921,1.1418309277362335,0.35716258570127063,0.695543388875216,-4.775103819789444,0.6120567266933198,19.96,0
466,-1.1424818981184228,-0.41369185191383384,-0.42177686438763046,0.8817733762460698,-0.6459081732622967,2.058744398964816,0.8866183192856057,0.5130478674102508,-0.3509527421380881,1.7141857253087847,-2.4482863682524663,4.7190380649462345,-0.1346440918247952,-2.545697630008199,0.23586506574957086,1.151515145933001,-1.5888099663821618,-0.16295404503767064,2.0907139726899095,-0.016664133297943518,0.8920350232834705,0.2472881256277393,4.451928944027623,3.6566757337067,1.0260141257072977,0.48852013847400877,-1.13026864498914,3.3279636178469496,2.323547687527131,39.82,0
467,-0.512104898348565,-3.494660525671854,-0.6998565596577566,-2.1929966397553793,-1.0535226203160315,-1.3893849984495752,1.634056466223462,-1.2003204521973168,0.1395631528213373,0.014921453948844143,0.7067799784299751,-2.613375119711596,-0.8616637033727397,-1.8245801891858182,-1.2471899921129288,-0.1682422035305197,-0.3625767072011352,-2.0575881088587207,-0.5880761565592266,-2.1023053913449403,2.993790557521079,0.12335479220716372,2.0913614495918944,-3.4444259544858777,-0.13308442792068725,-0.20650805869988326,1.0119467714909258,-6.043212018853899,-1.4116034917554559,307.47,0
468,0.8542675615783623,4.700450220969139,-0.9227485635643696,4.42355949640228,0.7707831479812558,13.035835846324773,2.93346763086991,-0.03984542278078571,-0.17530832016402878,3.6889264052997275,-0.5721535778515303,2.5504403431959353,-0.0023073453984748184,-2.315034082162888,-0.7282175248055448,-1.0924035280447957,1.8198238043055792,-1.7905328591627525,-3.462404690870639,0.6385165792483638,0.23813187882810005,-0.592332204854028,4.414482098013998,-7.421584095259832,0.6727269777566897,0.9027131482849698,5.4822304152360335,-4.426673961449415,5.987970045286234,207.72,0
469,0.3215446393179984,-4.376078398676813,-0.571825785724448,-2.794679160647115,0.9923547312467885,-0.5342081815001658,-1.3437097871250945,0.09403539871510253,0.02149690568995103,-1.9536798092949579,2.133838693614617,-2.605008424149321,0.8502330518370192,-2.598107761751443,-1.4626349037319257,-0.07108613278531384,-0.8427927400232322,-1.199584131836132,-0.28749316119908286,0.007940523023238076,1.5828684242953304,-0.7164585163612808,2.8584597939292835,-1.2006507788139658,0.30203932308916087,1.3335668221983452,-0.35547061689464576,-4.086704188812201,0.5417342723253948,40.45,0
470,0.1809378270039994,2.8560203396129307,-0.4293438504947142,-0.7524786115748529,-0.6846297971775508,5.955681085192291,-1.11043592946215,-1.5881299259955441,0.7888946307844868,1.0956383374527112,0.5409557353430156,-2.174121230028307,-1.073107414098677,-2.9925971130809628,1.2154705420797873,-1.223669272060771,2.714649725394031,-2.105677702900113,-4.0910355292878915,1.9251131239369192,-2.2136762890977613,2.141982640147936,2.805079159353674,-7.740778086610831,-0.2620352218414382,0.5210286893314037,4.1008756672095235,-9.716720457012762,1.4449639509698105,116.73,0
471,-2.1530094386441214,1.1744728390394064,2.1511640414257696,7.102698023755728,-0.7322824104302025,2.3428820027132975,2.690985631732981,-0.337749032701935,-0.9606131764128261,3.1492063477695598,-4.871433465571161,7.926669596265086,1.8062822963825986,-0.4877039847161498,0.8930559267110364,-0.23861702851060518,-1.3383190445853659,-2.1912086559238104,-3.998547349625783,0.7462783899353939,1.9489967886656272,-0.798185893896966,2.3141241665113648,-1.0662803348922358,-0.5532676586867606,0.28710063740125935,2.4562786880980365,3.3416398248402075,4.922925627888603,26.15,0
472,0.5017446167109665,-2.3418980778623624,-1.1188770141097768,0.1771864539442095,-0.7996015749461614,-1.0024505620199746,1.770145924861327,-0.7753790041365545,0.38649477481371236,2.1264447877856356,2.065824271757465,0.9668644990213784,-2.3512239413483194,-0.35659894727486574,-0.11792437954886442,0.7521329079821167,0.5970839060822976,-3.224364305813768,1.2781704161204221,-1.2984998504533216,-1.9506840826105791,0.2121317372931155,-5.298644079203474,2.71266286859627,1.530094463673149,-0.6362803497252039,-3.676641650345685,-5.039561395415375,2.618670599625384,40.88,0
473,-1.080380336565442,-0.6604265406507492,0.7867985921172455,1.0317970274536155,1.3219736775218467,6.116058164453806,-0.2030663048392355,-0.3344428919978231,1.4861636449651576,3.0546648522940467,1.211521880819545,2.3688419455531813,0.1868362375314767,-1.7710713382263261,-2.2606002969275796,-0.1962048968231049,-1.2336840471767707,0.41300492390629395,1.4997275548189752,0.030851948510462992,0.5668357972952635,-1.060839308951721,3.771627967897463,1.3861803389196115,-0.8380070202415129,-1.9614204091330376,-1.1995431392205735,0.4508497229685681,1.6443394662301205,97.24,0
474,-1.5634134727416404,-1.8696577865450228,0.8515481352645246,-1.630275035432047,-0.14546158926992317,2.095788877869485,2.047420561017999,-0.5862355743997301,0.1728373267675833,-2.3581869076773216,5.569897782857558,-4.707951437624813,0.6091596117483914,1.0946230673832305,-0.15501342892457007,-0.16365711056987284,-0.5565296573216282,1.7500495504111213,-0.28722089749563195,-1.716693733965435,1.02515182285192,0.11898642139500626,-1.2651267487902729,-2.690649290900724,1.6623666696104846,-1.0877686222975695,0.6092362377441035,-3.0268227523142386,2.266938642738636,149.3,0
475,-1.2684591209227711,-1.3542424013571357,0.16400349363955755,-2.728890043507942,0.5134361863480024,-6.876081368830561,2.96103797218953,0.7692917607160128,-0.5091445494369005,0.10732975904643116,0.12689447715469004,-1.5862843318823823,-0.4763412656805142,-1.4099294283556945,0.2694563921980581,0.43579727637019305,-2.504304574287424,-1.5933393380713645,0.44817460665326253,-1.2298289051540876,0.16456877102637135,0.1663048282521741,-2.5126707639787207,-0.03563729296999247,-0.9114736501237233,-0.9376767167248709,-0.9516065763111617,-3.4451065386933335,-2.1370239066037335,34.29,0
476,0.3854696291118207,-2.0497250249235055,-1.2148337139373846,0.15325472374522053,0.02052066957494267,7.183359357712607,1.7899613377107702,-2.499269539618582,-1.3832107297333576,0.7422181764691812,3.1759767312417875,-3.7314560528773932,-0.7287715286762789,-3.8967214115302293,0.13372972372353936,1.2379535314890553,0.7705777246191129,-4.639849646620189,2.9617876810065256,0.5534470172508195,4.237976572212622,-0.8786059734266831,-1.1869618389588787,-4.802429794208542,0.19866625270397884,0.335486743165977,-0.8579866926626896,-1.544166569942132,0.019514383944750024,202.66,0
477,1.5976749967049828,0.3088924812646936,-0.9474228950184589,-0.2971893995109153,0.24728999957425232,5.286897214335444,-2.0731351348037954,0.011208153195899085,-2.5701475485803527,0.22920138638306387,0.7419070757732894,-1.9005884858213362,-0.254154530874387,-2.3965474305905503,1.0270044117876564,-0.0037485338018516225,3.0888895765936284,-1.1827153231447536,-2.0756498176286926,-1.1554960421287641,0.3532208171275254,-2.2832804575272303,2.6942932662862322,-4.185412896229364,0.7614306240608931,0.8573221919061772,-0.165305105949345,-3.0292967583632207,1.744999603490251,62.03,0
478,-1.5118047446784004,-3.6003842143722253,1.6646680302676264,-0.3476970659907126,0.4927839739235272,-0.6142997395092082,0.23896104913098637,0.9800916201979563,1.1716821972228113,0.29866631423277,1.6324361093140944,1.814234270835816,-2.191982864740198,-3.8258767041948736,-0.3701116034225179,1.5964645248001856,-4.056163822209383,0.21227398653559482,-0.04791788022478549,-0.6832666972178264,0.4047762843280317,1.183375805833059,2.7581770698808636,-1.324099829951327,-0.6503153948730749,-1.112101893948008,0.20120926701232322,-2.5092814382856603,0.29163245395904747,75.76,0
479,-0.6084370413911421,-1.6349934559272645,1.1280026262015077,3.7438323841536496,0.4165235447151714,-2.3384876470436353,-0.4747300142119281,1.358949951267116,-1.5179511318432517,1.1439962923550577,-3.1221008338757437,4.596971274383492,1.160248131829619,-2.202632238246475,1.779661887087689,0.5559874336901389,-0.12709792133262632,-2.3820827645801317,-4.765414593213446,0.19305080295811483,0.5408919759674969,-0.5283308891104243,0.7573242551356403,-2.463864710126353,0.1973684622346911,0.40654213826669494,-0.17066429247805626,-0.5948556843426348,2.538860465699853,386.72,0
480,0.1534409530919999,1.79745690699791,2.0495073181835366,-1.5186001206774922,-0.9385878730831845,-2.153013217207912,1.3673936369960071,-0.004723763452720521,-0.1588479956593362,3.263503901345927,-1.6464380689984903,0.6779742602305202,-0.9686672777067142,-1.3326654190343625,0.8971975522735459,0.11489721348215849,-5.523917571313706,-2.0708921260682547,1.776587078295101,0.1765056900644824,1.2680853638294582,0.017825378933284473,2.0095432767380115,5.949970014459176,-2.399848713455687,-2.6343182480089293,-2.125657639511068,4.212009423397252,-1.412067944990274,101.77,0
481,0.33914168620787005,-0.6734986988209718,-1.8523425031098761,-0.31969904411294314,0.1212437318203795,-0.7420277180458882,-5.3254339243415805,1.0430425268363819,-1.574867612474653,0.497807837746996,-0.7532972262363961,1.6979935515818732,0.24708565568740534,0.0712820669288795,-1.2336941643285493,0.2523299733716759,1.6168811858082175,-3.0622007606988992,0.03520134019033905,0.5304897985298728,-5.01303233843104,0.5958318645105473,-1.4833241509392168,2.289509763216598,-0.5546668745880683,-0.9906473100920593,1.2618347983271072,-6.666403332468048,-1.5699232327304058,246.99,0
482,-0.7998806655133466,2.1450800410945106,0.5749060409150368,-1.9532648107611221,-0.13613584886697372,5.786192415471933,-4.801782357294238,-0.4944926018821485,-0.3646420541171327,-1.858859283695316,3.877180269415773,-7.065257031515026,0.5304518530891508,1.429505887929046,-0.4866628073236956,-0.7860811988080079,3.6424780559200753,0.36494759248385955,-0.22692449637847256,-1.6432690345702778,-0.5718430321636669,0.0376450650971495,-1.138004517904448,-2.0763030403861844,1.9801543515313924,-1.8081229539416237,-0.9412848398908472,0.5479998630526375,-1.1628096870190752,85.98,0
483,1.0068835786822459,0.337179693830599,1.7550836057615369,2.361492020186861,-0.7862974053748583,6.426125333180166,0.3775023128852809,1.7021079341016403,-0.5009912697304171,1.9547473913884406,0.18906772568208952,3.8916442972145546,-0.5028247189356159,0.9109020251373737,0.12876373634843294,0.6882409508253399,3.1822915778338863,0.24871416669939583,1.6965806975687832,-1.1810050084309451,-2.9139251462129505,-0.15119738569712154,0.07325175754590986,-0.4230533861591703,0.025245629081632897,-1.0457172739623284,2.6900236267253432,-5.445117283697699,2.0669878257226655,144.69,0
484,-0.9281856293781044,-2.33052125315786,-0.8558815063776325,-0.5936716930098769,-2.815810494477294,6.525037830914812,-2.563890179211913,0.211458945051747,0.23423541081056018,0.7335057054687141,2.213300131863632,-0.8028519866314934,1.5013625048202333,-2.117076134806238,-0.4319329693410244,0.39720831013164665,-0.8807765574342884,-0.09582732014767892,0.21133770805085528,0.6142169154838291,2.240683838621344,0.7770392663683057,6.148857420050835,0.29699912454773597,-0.04710170789354604,-0.09972534768576576,-0.7936614279489732,0.011408170772500042,1.788865137845833,68.19,0
485,-0.2508841795823693,-1.3677944481704443,-0.5386926814681269,-1.0894087905861183,0.30227051295451685,-6.713157806118929,3.914673190090619,-1.1069170530152554,-0.0026780875581322683,1.5507626817546805,0.028974510990325886,0.6883755551244783,-0.3910263177655551,-0.8104593438827105,-0.9679628394617962,-0.9577833569029672,-5.111061596936852,-0.6882911351983295,-0.05651618751716436,1.4165403509931433,0.3411433236966056,-0.043116545113752174,-1.5342179343720284,0.13806732974103988,-0.5308364057146827,0.23785793402800734,0.6454866049112563,-3.0141043445005464,-2.477382619378192,54.55,0
486,0.7582447761547977,4.532540736963719,0.1724198520913992,-0.15264848700398226,0.1051599818512121,9.269055999630305,1.454261791427359,0.8143398145678733,0.44162506781421695,4.1165446894411195,-1.4702759593336965,-0.2692259964775043,0.24655209549731796,-4.834025395052512,-1.2544010597275013,-0.6655338670086792,3.1811665152837825,-3.1905070441574903,-1.6169658858570186,-0.5245367390000981,-0.7860998437450475,2.9971982917191387,4.49963478741436,-7.322949001372698,-0.6326482514400192,-1.7548708515422513,3.275355933665431,-8.183007390611193,1.3489791028315272,18.54,0
487,-0.43772185196590513,-2.189051018916797,-0.1456973997215546,-0.9348259606418461,-1.5735432233902318,0.14825231128863595,0.5248407132329638,-0.13171708277074626,-2.179781191964252,0.11832230913679398,2.2414681832868957,-0.4710464542594073,-1.0057305503479816,-0.3908504472081441,-0.4292742228731781,0.9083110412118409,-2.1012371754814785,-2.5412754082346067,3.0874183196628273,0.7397224864874274,-0.668843058436933,-0.0008231888639018695,-2.323528983594267,2.233345480946262,1.2395377452342413,-0.7179219509485815,0.4777872094281731,-3.3949707299617335,-0.5303161850403478,126.64,0
488,-0.9830329867197537,3.135746837135625,0.07968097984541386,-0.30178015015949133,-1.79807835994288,6.6530636577213125,-0.5475514355374704,0.43917042443232585,-0.14113682151636595,0.14342242758774149,1.0023887284384712,-3.0356240692552716,-0.14346973030439783,-1.2956884188284123,1.2647695267749652,-0.321169399043682,0.9020656199435418,-2.320389444409971,-2.325681239938773,0.5196374682685905,0.018628351462645854,0.643913010296156,2.2671481358860794,-3.811088525131071,-0.9791804362775993,-1.0634418662617564,2.966540198738527,-3.1278406954777056,2.5340287092565044,27.18,0
489,-2.1767797009718484,0.6380680533847432,0.4546727409425804,2.1455588107994426,-0.7510233913905242,2.654130710314068,-4.480345616840694,0.07969406738271223,-0.5717385822251894,-0.9703741382867087,1.1046768334013164,-0.0038088119725939737,0.5513983427782422,1.7358446275657213,-0.11885248202077078,0.5011620700684521,3.588089198796065,-0.5482213958007209,-1.1755452362451961,-0.17690009049084265,-3.36005421479152,-0.6048743990091834,-3.6797908166207507,-1.532363590999038,0.6196566917631479,0.394111930370858,0.8867536552198249,-1.8087443632257132,-0.08217317723213013,154.87,0
490,1.7219642881321755,2.0868851358912464,1.3691143676747508,0.5877423223000342,3.071336701606002,5.431291893046217,-0.9116118505276823,0.8620575905465448,-0.526955143564992,0.0834104665088995,-1.7229737999201606,1.7955347448593608,-0.39415809652607375,-1.021587926486097,0.27747924133746593,1.0374666695650432,1.0907366107483305,-0.4253890523889774,0.6874710507019676,-1.6171517144400436,-0.5379014884576612,-0.11151889650579287,4.007535027892003,0.5137217903221037,-2.1772360688967356,1.4218930887043426,2.3757158202439226,0.4792947292679988,2.245112624448582,205.23,0
491,1.0342266740047628,4.11008837140611,-1.6006831090159857,1.6220679340879207,0.4752499290058339,10.128656816649771,-0.7059771002879447,-0.3776049530579387,1.5062959148871558,0.7684783380020919,-1.0262328013959103,2.433348781578856,0.05797469661566357,-0.7888540461837023,-1.548088389692493,-0.35148363616116995,1.0392295066597366,1.7110341736547023,1.5207026584621826,0.9667049813966009,-0.27292976263920654,1.0611627323738506,5.6573622738017,1.2531372639185892,1.007114428981635,-0.19227831281144533,1.7708991850880822,4.709525817417911,3.9353217330946686,118.98,0
492,-0.09477067200513166,-4.546489778999778,0.12209209645108472,0.6133341092228626,-1.014477491016303,-5.196609313364373,-2.1162753279270476,-0.3169070486057018,0.08479763391309508,1.2009690535486885,-2.159184949820851,5.368365943150893,1.2070265134276854,-0.8706945942794486,-0.3150636095991657,0.06617883186510318,-0.45385416257856004,-1.1176148396771965,1.97147445583018,1.5826190437340513,-1.5531115355887795,1.5676503597875036,-0.5029923284573262,5.103259400412829,1.1806432316604467,-1.656966455738728,-2.773923132934951,-1.111914782982683,-1.3990813455635385,40.65,0
493,-0.3806906891024109,-3.3753925622248997,-0.5399419147193418,2.154212708841513,0.9997795795175225,-3.2360741579860273,2.063851106311844,2.336146099599624,-1.4932529310315983,0.8152563763661271,0.4472139591798293,4.053127590393645,0.02726450763447467,-0.5720583237411265,-1.0033254574540318,0.7078845144122309,1.2703075918512752,1.6858851132327999,-0.881117543631866,-0.26610405524621716,-1.7119908478229668,0.3578544011046551,-3.0816337549520236,-2.70977210399721,-0.21204431236699098,0.02570488202790712,-1.070243862207712,-4.465208889990922,0.7468389811285606,129.48,0
494,-1.193718782268727,0.2647530094415932,-0.816740866122912,-0.8752879679613711,1.9402542934819118,2.24928096515384,-0.7181908566785135,0.23741194901093982,-0.26048853281335294,3.7402591793507884,0.05259616306002024,0.612744175995756,-1.6295392999652172,1.8982882939962704,0.783040907286443,-0.14337026497196806,-3.9017147668662773,-3.633869260078388,3.272650672182333,0.059942889397168415,0.4730168118789698,-1.0041094072061187,1.771963230085014,9.341076056971847,0.06351326128045882,1.670718296177581,-0.8167769903420885,0.8877218819126882,-0.2088863471664001,37.96,0
495,0.14854752771129245,4.154257633761298,0.50981790844696,0.03413507966877882,-0.5468372457604648,9.630302063716446,-3.9446676888850742,-0.05464694476447034,1.5111411600126732,-0.035172826968720594,-0.11817650236530586,-2.2634032008117404,2.3906481343358488,-0.09328294704188245,0.3577550834268766,-0.09952832764775339,1.438076692103761,-1.9706144267877397,-1.138174931059425,0.11233206838720484,0.054663159047609766,-0.1565046486008555,5.0166025433779025,0.2986635606782307,0.08678742627404129,-1.2217363696925094,2.5761326238391704,1.4778277421138732,2.7677992712229957,187.27,0
496,0.5755161215440671,-5.029761880938064,-0.27232460999476205,-0.6104491438938429,0.7154784317830334,-1.8938615212535819,-0.13896972887380066,-0.41615479711295045,0.6534373706720666,3.1811621756806407,2.900848845367618,0.678503554538368,-0.26866861640904127,1.3329690998170456,-0.052063541199248935,-1.3616365481798123,-2.274675842163135,-2.913385903338043,0.34968434466853016,0.014079798464584264,-1.2111742106073184,-2.009929264468574,-1.6271036216121362,2.804118329910173,-0.12288604197691305,0.4985696910042263,-0.07239126980651212,-9.84447235339559,-1.1219758468029832,144.77,0
497,-0.8063312188796102,-1.2995421220837016,-0.22085428012955155,1.1628278742304325,0.2518694483180255,0.10617814854845156,-1.4273594688424955,0.6980834649176682,1.3919915761813313,1.575423006511949,-2.6384858889958176,6.481188555423105,-0.9073809527633206,2.099178326948728,-0.44639849881551563,0.9655735587931837,-0.48627986599723927,-0.7079564265233191,4.822459514302046,-0.14818929040364195,-2.6276491113851024,-2.754521628398373,0.8236228966430919,9.476354621655343,-0.4166919867957354,0.7587561926560389,0.28413118466352116,0.6722868029641503,0.35881957280865273,34.73,0
498,-2.431121163971628,0.7697021763582221,-2.143966831621994,1.6155156161258426,-0.45242426480904147,2.569688205280026,-1.4249929684582072,-0.7299966715800764,0.09643037952850442,0.8767835531504216,-0.9557496250845791,0.8714140522873487,0.1023821983476529,-0.37372396359513416,-2.2993576962370614,0.16982667258368722,-0.17133061250133996,-2.7663970930767934,-2.3066997987082885,-0.6298673491373752,-0.15171261915790968,0.8868426594885851,1.3753370528416131,-0.8438417936074187,-0.7675070366738105,1.087940253268552,2.1584713102593125,-1.8068582212052071,1.5528494478684038,163.9,0
499,1.9737334427358522,-0.9241759043285277,-0.05801509439393041,2.916371715195966,0.9502416517170968,0.7354397437816806,0.5169266002397374,1.9279491802420827,0.2532424223641424,0.7959361792360582,0.4527967649685799,0.5419089408883591,-0.4533646542708436,-0.5348880078423912,-0.5348579055061975,-1.6515397134301908,-0.1851370786734311,-0.2799802364877241,-2.5580398377557194,2.465927331461365,2.4560207248245765,7.186705886302617e-05,-0.8997125239636441,-2.5118016290449443,-0.3457039056270759,-0.16327838522830335,-2.085834643910786,3.4055273859081323,1.5758939388652244,104.41,0
500,-0.9187266350054458,-2.4633363030506805,0.2647178681134684,-0.5484213570268435,-0.31633419323983175,3.166079942583697,-0.6557155806661351,0.7585225407647307,-0.15090006972249295,0.1995601844006183,1.7024050503194765,0.6256900728612843,0.08389261934609128,-1.8869915175672867,-0.29734154511552263,-0.22949938378159987,-2.9885598852084425,1.8993638007108897,-1.302373621808572,0.9151563375047472,1.972951993349764,0.44532816217557747,6.911954036146981,0.06753474059024894,-1.0018031671930638,1.4469099448204576,0.2331894862584497,0.03436991032343627,2.576179909591966,238.66,0
501,-0.8544665062670321,-0.13431609598963878,-0.1091385848457553,1.1713252307680015,0.5390425910626099,2.2814364707215664,-1.563014536048295,-1.5458036763256162,-1.182569388528646,3.7601343159415057,-1.6951933945749382,5.168587845024601,-0.33058533845833193,-1.031639745537639,0.8729219823572034,0.015422970888983768,-2.2191529365469798,0.1710969267586585,0.2695313630375852,2.466588009341556,-0.9548208941284689,0.12977573232761952,4.97263177033777,5.067140931300593,0.15160806864456286,-0.04839905062857898,-1.3020021678401819,1.1147506674247802,1.5433160849287866,182.42,0
502,-1.1759798037671092,0.7478429847501694,0.644451157913382,-3.955964516252251,0.8639742784118608,-9.944773541043945,-0.7095222326314928,-1.3930323017088262,-0.0617212106814233,1.0933026542844266,-0.4289526316395843,-0.8521183400142084,1.1727211798231125,6.217965454491481,-0.17292658300140687,-0.2313223276918222,-2.1349225855187903,-2.4785028530057542,1.9532302833657638,0.39886812413114325,-5.238650764934834,0.21403383781103172,-6.005400445312631,12.750952121754699,-2.4254828985526866,-0.6875238319049674,-1.8935754967133442,-3.9961523014184004,-1.7872871633273726,11.34,0
503,-0.4177423670415792,-3.320056449977928,0.9374475151515372,0.3873924120427349,0.6193173095995895,4.043573587938953,-1.9013502788893355,1.1281367471219346,1.1901096456197409,2.609087086212455,1.3799722866516682,1.5402682338735358,-0.27594772280400914,-2.4451688434105856,0.3175427570190096,-0.6840576405813916,-1.041733899530777,-0.6901844822804334,-0.11124907974865994,-0.7244888613832092,0.9879197153077273,1.0458034513679912,4.519095339501781,-0.8417435900796926,0.04424177539385089,-0.7364279837652679,-0.34274043758650785,-3.7085523855635336,-0.13850238328940068,105.3,0
504,1.922036939606547,0.46030126998500376,-0.6836904851242519,2.952542869482966,-0.5691697776807892,4.484303581938121,1.9662885795607812,0.3070275179293628,0.3030162924749628,3.449784537603503,0.27464566867250684,2.848714840353846,0.19902111276273207,-3.164735725555744,0.6765487604029504,-0.5808791381772977,-0.02605956881008653,-4.109601130332565,-4.347379683847329,-1.412583182544061,-1.9753954757916272,-0.3771557828112729,0.18212735213609568,-6.124730365807314,-0.4482872642453222,0.017621310976853315,3.5634550787870265,-10.3031237640067,4.1081428935587185,280.74,0
505,-2.6592811840473987,1.7119179075832278,0.5603619506667351,4.036776763939757,-0.8991960960480192,6.638393899188498,2.7460417722807837,-1.256269144910345,1.4043055051659386,3.2786226562345844,-2.101539974773376,4.4373113286216075,-0.5450275729224316,-1.7193369388705833,1.9080108509791196,0.25938433344280215,1.3364370901792504,-2.4471750563026866,-1.9257595798798373,-0.011102590622834349,0.0742033981098329,-1.3047937736208417,2.2558164092454915,-3.959661968098436,1.1042145208197445,0.2972870947599731,3.622447617695896,-4.135879272094038,3.9842637723315026,9.78,0
506,-0.319512449919035,3.1637518766752817,0.24973606786381217,0.3162713768520399,1.5597419472839638,9.754136195869373,-2.9459907891858856,-0.4914104166895625,0.28483969535544995,-0.2969726338356019,0.40377014287961444,-1.9112206889290986,-0.4309438004852274,-0.5331765486208404,1.140962932365408,0.45166247328419384,3.9560874274663593,-1.7786561074114364,-2.27578993674081,-0.6970314693648616,-1.3757013612665396,1.34648059555603,3.7959357567200125,-3.90200504164318,-1.1470655997190768,0.51486117993516,4.23447584458863,-4.817358139011139,3.253974317122576,365.45,0
507,1.5328131323234198,0.6766717740328206,0.508267321463349,2.0014807293293164,-0.2762103812003258,1.6377670394739197,0.025504957185551347,1.0091034117280526,-0.8871625883628546,2.5067129846626495,-4.537988312575034,6.395155426074472,1.6627060160034965,-1.7831172591581161,0.9899508544001078,1.5253032920745915,-1.4358884702695338,-1.8228901252862288,1.1030443178144052,1.259045004063905,-0.2111940080755894,-0.3690001892515323,4.504767580804256,4.028385916316203,1.4115467054924355,0.9880959835766874,1.145771673959085,1.7052518087850153,1.7463599288461604,127.19,0
508,0.9009157617853091,-2.8075424719783553,-0.8369560396988299,-2.0628765011104373,-0.5445411809550487,0.7510748496936558,0.8636589613201547,0.7202615235526089,0.3527496086255131,-1.5061425910807875,2.1813656432797486,-2.5645566140396947,1.32376206283529,-1.9389225762499431,-0.18760914464427997,-1.0168945142376011,-1.3701724177798418,-1.4651185596656022,0.761265535744754,-0.7991362008564648,2.088549960969059,0.7804975206878598,1.5306119161583434,-0.632947042145035,0.6141476940377332,-0.614131808866791,-0.057608148266651726,-2.1809614916825786,1.3960731163957005,7.85,0
509,0.14973273450804908,-2.1932971460887756,-0.9860210241710703,0.3121599266253069,1.598922114192076,4.526534814726709,2.412310627894809,-0.29041557684264424,0.13739870675288013,0.28885594879582643,1.685666450849769,-2.7190978779179824,-0.3195104271328753,-3.8060218517891564,1.3120623437828138,-1.341405768133854,4.171365615861908,-1.2862089003693042,-0.9932982774952969,-2.1142472497328053,3.449731846607896,0.1108757988819519,0.26567078013282186,-9.318330667226455,0.24307829503796438,0.9854318058692866,-0.7849739130417998,-4.60011473388051,0.766911236283485,130.81,0
510,0.6959699432813283,-2.346910424251336,0.9700859861773148,-1.3759788241491266,-0.39474962033530625,-1.3523920397004026,-0.10265588781763924,-0.5852733898711462,0.05430390332633274,1.6230252439804274,-0.25673357085802795,-0.1948207422275709,-0.9011373907316163,-2.1770034294691896,0.9456674478849113,1.089368288958371,-1.7212458605932364,-1.8250003574769034,-1.2938989679758746,0.1222844623622011,1.8345723774392426,-0.9875043982163164,3.2966453670585234,0.6857791089777313,-0.8556789665258027,0.3529283432901299,-1.7516552139631827,-2.1611086602905103,0.33254592088681356,112.32,0
511,0.6538645046423779,-1.283309488700978,-0.4332841736278544,0.7208307328591911,-1.3448867807811995,-5.274394013865694,-2.130997470982286,-0.3789840740581913,0.8572915041230154,-1.0537364754602243,-0.9618340725568383,1.4982366278317838,0.9308732890656916,0.5731628847666169,-2.016294310423165,0.31549680832349175,-2.2425458485298826,2.811781192584327,1.2650501232208557,0.25555969898680325,1.5543881787282654,0.809779272561425,-0.9320651204195572,4.9723628085497005,-2.1427198463985464,-1.3507974226106847,-5.458379572555337,11.548768147141981,-1.966663446032387,39.32,0
512,-1.3937595359168644,0.048491032306449466,1.0181314841847162,-1.0774791821439353,-0.7767855324165115,4.3738644677664675,1.8414954796152543,1.6490004322095015,-2.6579632604532417,0.09752869043384127,0.6030125504052963,-1.4873551269690102,0.12845911573981503,-3.928177528807087,0.24467203434693838,-0.5117741884962371,-1.3072678231257995,0.11126156308245572,0.8337760374361782,0.676047378169482,3.81031255037639,0.21178432704553662,4.789044159037702,-1.9030003368191872,-1.086728551873672,-0.06268234294842537,-1.318082363355766,3.4047084827805603,1.9505117498500755,86.94,0
513,-0.10858416178038999,-0.40934556131501,-0.7914676425128536,7.218628618484868,1.0264193771346004,1.0917786996408947,0.7652877684203462,0.5929508094251296,0.8755050498444104,2.4161120556516384,-3.7494836995533998,7.785133190124702,-1.1818939743719894,2.2366738432005566,-0.09138967205026136,-1.0532063960426628,-1.0779834863204942,-1.2353176949406122,-1.54639906575439,0.17554224383514822,1.6716375804084218,-0.7522345365274425,-0.17959665490222754,3.1426750290511554,2.3181022604638017,0.5980922727774546,0.39671415848479563,6.5114049701562005,3.347067994847308,64.67,0
514,0.7645995976355802,0.13217739639546033,-1.9010744288179857,1.654847920469042,0.6642752042571255,1.4028530598046132,1.0265659905927507,-0.548853859632253,-0.3285665162529581,2.434799629063352,-2.1547465593370916,3.3926970287015945,0.08329463754680776,-3.109577565319821,-0.06088597690670255,0.1903101253970567,0.9925055354818002,-1.9632901219966006,-2.7529397673235203,0.3182552465834273,-0.77971077038492,-0.4864926155454853,2.1316804479787086,-3.5107719902084447,0.22238781413469702,-1.5748799874627346,1.100673773579953,-5.095553191486769,2.235221988229803,169.9,0
515,1.744996267727934,0.2487207534877357,-0.7089107249905889,-0.5614996570383135,0.10087906461359576,-3.1997256715303446,-0.5155798298605144,-1.3011084070064949,1.0579770320681345,3.6161470426256437,-0.851283777839344,3.187857160074485,-0.8588602461456193,0.8021188457946656,0.384765021771022,-1.1136915150882716,-3.841423681641276,-1.4680824978778007,1.2867500447996914,1.5337597683553283,-2.6655502280708308,0.955881275680714,-0.37479322887898237,7.830807997251234,2.4826777621743212,-0.07210315977034798,-1.984243385090621,-0.6450620255573155,-0.5409098124567945,116.36,0
516,1.876899275376681,-4.336753264542009,-0.6407438657156224,-1.0117446774737053,0.3736841434701021,0.7396617079977329,-0.721623296451671,0.7670307944845707,-1.1919970065362928,0.9705686055987871,3.6762931729752677,0.34579689529705726,-1.5470529217226574,-1.5207551400290882,-0.8189985734735198,0.9233369417024859,-4.70199897149188,-0.0061675212479263,0.1676897471432166,0.2898399570570885,0.3182700482880003,-0.9991599434519759,2.861697838619863,1.466003381998243,1.4684934043621283,-1.0006901163414852,-0.07786038080445223,-3.83969013410555,0.6640269290188184,155.2,0
517,-0.4311797203495725,3.999403445634177,-1.2590027269681512,-1.5599563665549177,0.7733416946447087,1.8280354254562257,-1.6732978409640666,-1.1476626279477486,1.1259303306340565,0.553810045841395,-1.6276683166448178,-0.8657091403326077,-0.041607495370393925,-3.4644994379765093,-0.42842843475557674,-1.2830854363764426,-0.33559295509068454,0.08240903560826995,0.058794062609383246,1.2281152937809285,-0.6907435807431821,0.36882441224866147,2.872821945961487,-0.7916233602736711,-0.4233774902357365,-0.4684776507319124,-0.9462600931434367,3.3912081650802115,-1.0692504676105865,7.6,0
518,-0.7243075637838803,-0.46995617086185615,-0.47818669723369966,-1.4170184425658077,-0.9245552194693161,1.7477618193568978,-1.464561132260546,-0.800840916162789,-2.1009812104995986,2.778360605822807,-0.7635149674156784,0.8300342334573328,-0.003175856767131344,-1.1115643823810128,-1.462717335427299,0.0863330187871626,0.663846635911195,-4.362272544210702,0.5705856372886916,0.29459262094337224,-2.4678903877171607,1.5645812410574145,1.4652919394600323,1.3090531007293864,0.9343287467259975,0.9965812952746222,2.0532062009932903,-9.4655679029936,-0.6822582806461542,182.74,0
519,0.2897150232361355,-1.585709484461706,-0.7314974169465273,0.6775976373397546,-0.12698643427991477,-4.103399329863872,2.9892196038592598,1.1619176712128934,0.5676219751158847,3.896636909629386,-0.34257766690867364,1.70379655892425,-0.7054925320831504,-2.085210725556778,-1.582958077214753,-0.7669616067820413,1.336875963235054,-2.888707340890946,-1.2518444711693313,-0.8441377236941674,-1.116283284728726,0.6741604622479136,-4.858229658556105,-1.8609888086364417,1.0745586084459862,-1.204151075922611,-4.039876629721097,-6.053841713127289,0.0075219404317654615,270.47,0
520,1.896582922486307,2.2563432987918906,-0.31916448321816865,-1.8702742735717726,-0.3615132271068674,8.372705514950221,-4.516680026930213,1.6342744859765308,0.029104067148411294,-0.11398443750629317,-0.46515778092954474,-0.4967999973055154,-0.659954013146598,-0.41869000278615726,-0.5099145018382725,1.2511489130189024,3.3146173006701733,-1.806207189439843,3.5902396328580806,0.27098821468719997,-2.6578586911530464,-0.2991951501693214,3.9038914897522665,3.3289469655102923,-0.4078989245436482,1.1665772055734005,2.11389323420962,-2.456718881200484,0.6561613041920042,41.42,0
521,-0.5002158635937571,2.249788180515667,1.252275477530615,-2.6649299590610496,0.1757536516880854,5.969045419034818,-2.314973531924686,-0.6614541099507707,-0.18240870073591886,-0.6272627306709161,0.6743188763250801,-0.9404938270337924,0.2545406463995396,-2.053047381731607,0.7040512299670544,-1.7625271113450138,2.382732818623852,2.858000274173181,2.6592422727102423,1.3353453567370426,-1.909124759821852,0.9872372384192569,4.486047016120549,0.31519988510466956,-1.2934505227298703,-1.2729933322312716,-0.3742740960726533,0.4346558692124563,0.41040775135283813,31.52,0
522,0.005883777850373463,3.3935593641810393,-0.07434951480792218,0.5602100926518554,0.42323480251812673,7.1376659703121925,-1.6704612647791988,-0.44721073654455185,-0.47933304396488147,-1.1147353161132236,-0.1196932712330685,-1.9514946706547038,0.3499755356256891,-3.2355208866489655,-0.45039444081544955,-0.47904997353716,3.0285355574892088,-0.31151896162966053,-2.9998313573595046,-0.5704846856410772,0.22886817356858502,-0.278464713718385,3.274583534505301,-6.249366390539067,-1.9675370853691225,0.12900275801378372,1.3511353130888757,0.48274409766997806,3.1386449275815798,235.29,0
523,0.7184797386806455,0.6029107682358853,0.30257033493578345,-1.015404816580552,-0.1344626555203447,0.617040088521476,-0.4505895370181029,0.7758439470699247,-0.5184019752547779,1.4441393740893969,-1.0088548535875073,1.7359201735548428,0.013004763983309435,0.20419872234698666,-1.574729373342093,-1.1185509595418555,-1.103526999917936,3.2493138348892088,-1.180827497290735,-0.043273188961116336,-0.04369958861711787,-0.33435182631395055,6.079369203849446,2.442460876842956,-0.10073426293003278,-0.30581946332629767,-0.4610881030240163,0.9654563511685241,1.1299466894901993,52.04,0
524,0.4634449381160623,2.5820261051006104,0.38126914696797887,5.286003334625095,-0.2739924731630432,3.4780229741389923,2.2622488581401208,0.15575190783128046,-0.12051837437919372,1.9325876841535723,-2.3440642097705178,3.4595668179594314,0.8181755254714744,-0.22058214835547008,-0.15722671689112,0.9368143169226666,-0.38774125184447816,-2.91426871722654,-6.197335709956296,0.40239116902820543,0.21338928810189672,-0.10004631110366666,0.852584110746854,-5.8044180500253,-0.40901784781493944,0.07268946303543318,5.565808438058392,-3.386877427137902,4.370437470990643,243.46,0
525,-0.3030418209470751,1.0665849923871042,-0.7053283309426673,-0.7968005294480475,0.1865062168834001,1.467018685757268,-0.9480301644132202,0.07374078620654491,-1.6677834605474777,0.4611058262619557,-0.953301381746864,0.943433659125641,1.9688588512048761,-1.9052841541519219,0.8601841202180764,-0.11481703964842598,1.4894812719734896,-1.3206875613137172,-0.6297000944839585,-0.648356370322501,-2.8725644232581913,1.0027214151773136,1.2824758648619714,-1.8213632726809166,0.22658392902730803,-0.5455537804115271,2.306503204239255,-6.130664832214978,0.4622266797495497,21.9,0
526,-0.006678573052672211,0.6023392159065442,0.9733374496134207,2.460212615262675,-0.003477209701936022,2.482358271571569,-0.09837685209530833,0.5794987376006449,-0.5067041762102386,1.453181082035853,-4.116079459882543,6.13768572074526,-0.7559752913150118,1.6308059525330845,-0.1889812445126243,0.1606928674649046,-2.0454585354778776,0.5041115190843192,1.6404589226914066,0.36614652596568237,1.2081130343594895,-0.26420928499436513,5.88880497797207,6.8817150629333845,0.505864358116156,0.7355668983025718,1.8375032413139278,5.758723830093986,2.2830117097111753,249.61,0
527,0.8693291040462117,-3.2124592611827545,-0.4142426559019541,-1.4688171490890403,1.0654180391517576,3.5949039390148343,-1.715015381083405,-0.34864509091713247,0.7728881782719921,0.1595557268028851,0.19207433610393299,0.7440040408306552,-0.5228728133739438,1.3379701381642803,-1.4802674568987817,-0.005536359166269422,-0.49623459452420415,0.42797643449745915,0.4017639742579182,0.3554025365278667,1.389905750243829,0.117957303203288,7.827414778587387,3.1824308827549617,-1.2022090476199554,-1.8547864514608354,2.9266800894205485,-4.261794671660831,1.4428786094055648,90.78,0
528,-0.7962241227738193,3.3001179909682405,-0.431765488993373,-2.2568314673586505,-1.074462766356002,11.460246305635293,-2.1391224528128743,1.2689650254316331,-0.29369252570562915,0.05961414289035838,1.0785325889380717,-1.6653008987533564,-1.6633867113595329,-0.6419617207982299,-1.0551016302666845,-0.41456386324869343,3.0188350515250195,0.1842130214874219,4.527984231364871,1.4960031695555258,-1.279278167886934,1.7032709260173449,5.021135551180744,2.670891788540339,0.5931709909980298,-0.6936979676166672,1.3446007831709712,-0.1961383295837817,2.2354982615690533,105.99,0
529,-1.1528662015471196,-3.0980683806346594,-0.08117361031679111,2.027904933022813,-0.07696453644043502,1.8254010125136149,1.8555756706777098,1.1415376602351135,0.5507426915325475,3.1364336948996123,1.6938174804670347,3.403828255876108,2.0916654352700794,-2.2703786640579224,0.9626849170525694,1.5405666113413128,-1.0692760432446522,-2.0774918233839337,1.2323250851406053,0.9989678353166206,-0.6277437880030979,1.3567996854914792,-1.8630952691973894,-0.5386503694242655,-0.9415829664674247,-0.39203986869712276,-1.2555066217455564,-4.683781040379612,1.3629872881906901,262.77,0
530,-0.8402045788388466,0.11464144913086838,-0.35024333490786436,0.37014035360906583,-0.29516859796577616,5.451683207163621,0.10637500530321631,-1.950170784524399,-0.3409391805567655,-0.4383733981827117,1.558558426395087,-1.512977865578305,1.2992244243462943,-2.1882737392522142,0.7395312866837512,-1.4194757186028033,3.4616654284809036,0.5738729288982437,-0.1593588296464995,-0.5418230612713224,1.1448963974936905,-0.7406672366491165,0.6666991028564092,-3.78611053600379,-0.7194137495011889,-0.7377225877568429,-2.126742786062439,0.7388529035744265,2.7376394603782757,31.59,0
531,1.2411183724953738,-0.9912806288800924,-0.5372890108923895,-1.555369854562199,-0.0588698552423208,-0.36569423819904445,1.644496433990276,0.41401294194469096,0.3161044531063998,-1.07393320718747,0.8935438991699437,0.13094037932030309,1.4120694308092794,0.6382205568380986,1.194046983662575,0.3814415253190378,-1.3532043607829372,-0.24115589014789496,2.4767228207196044,-1.046666058631689,-0.6344747905923548,-1.3024560839920498,0.009900130900609157,3.5528082942166033,-0.2781685735538712,0.5637147224289293,0.8417188630930191,-1.5602828476067925,1.7539289462759369,37.93,0
532,0.5632977958646477,-0.02232198929514717,0.14482385479938018,-0.08417178903033118,0.6966348405710594,-0.585359762756621,0.496098620343453,0.8892947854357107,0.17439563737789976,3.6052698439657003,-0.19739679201410454,1.127411531847122,-0.3071425092379435,-1.9847396428465927,-0.669053934716029,0.85250127595504,-1.1119906264387358,0.43091279480866473,-2.991576418635789,1.4620718816687674,0.6342080393353962,0.47721124565539697,2.69174425195345,0.6154453737414504,-1.3898757328043652,-0.8216016726404797,-4.474488870071607,0.3563346352640069,1.961461268691079,21.17,0
533,0.5217918749091581,-2.05398405798195,-1.0452586898456537,-0.566409849203578,-0.8594021977336828,-3.1418683452655896,0.8522556131752619,0.17683761528531197,-0.8517995170386238,1.8461551353067933,0.7671706379309122,0.4617769824429893,0.2929652938630931,-1.5564840175021883,0.15568525695762853,-0.9349478374679772,-0.8610521666095372,-0.3768545741008418,-1.706588034175573,0.3083516207661589,-0.4600999330571226,-0.5289055743836024,-0.6119528142739709,-1.3643060252949262,0.9714859982681016,-1.3149457146428938,-1.9534306264112242,-4.305473288604046,-0.40333950094406446,129.28,0
534,-2.021993522748063,1.7148102847038174,-0.816023071946203,-2.60525577229112,0.26157748406540704,0.3984564727948123,-1.470186259104271,-0.6205408754456606,-0.8041376881606885,-0.15151340233161104,0.428567268929576,-5.086312989554894,-0.849139646512992,-3.3995865806716266,1.601118685639269,1.7970165164979541,1.209235566482702,-3.76115233487958,-5.062767772141296,-0.22139825818509487,-0.6459997974620324,-0.750038177643121,1.1953905202968607,-7.255780853600536,-1.4896096123510028,0.5443227047657363,2.1642972232588553,-8.389021705163781,-0.3881536832691296,112.89,0
535,-0.7784915651183486,-3.421264907108737,-1.203657625911923,-3.4374815547822295,0.04149608622286022,-2.6434791769480204,-0.10549146980638502,-0.16800680644956742,-1.3717614152878692,-3.082812942202487,4.735778734287566,-4.1747782580019415,1.3266216394999415,0.726517751975137,1.3658322887898744,-0.3083143692098472,-3.313624884565053,0.6585438074395779,0.42249384619279484,1.0054110154824312,-0.39459528010639977,-1.4628778368074293,-0.7269845930718449,0.03920726892808295,0.3652903274589056,1.079277692746526,1.8473061376739408,-5.038041399188023,-0.6578857700633031,151.5,0
536,-0.12220095311596485,-3.538101710126528,0.19083529780725694,0.29669720957212553,0.15737944435706144,-5.1720493716361515,1.4381497889302743,0.5800630473706277,-0.22686642700063117,2.1055176577724306,0.7943658913334958,3.4747356309353306,0.344497786503369,-2.5773505937712144,0.15557035680024672,0.08795009527514762,-2.2905747677760524,1.128486576843529,-3.173382668503312,-1.6623265829286873,-1.6494362667946167,-2.3022136795552446,0.07923054161060808,-1.3125696517565117,-0.8830345872273673,-1.2208875198140117,-2.4854434941197106,-5.312908355795125,1.495440605356825,10.35,0
537,0.36417006314241074,0.12489293303715754,0.7972522985400334,4.993531464227889,1.3964657004557333,5.705338044944818,-2.619314670272403,-0.35997617358090106,-0.6370256098728607,1.2535425463072987,-1.6685051172167862,4.722576549253967,-1.5390549215704685,3.1103085172163856,-1.217671377606484,0.6952692270887474,2.240026131166432,-3.5683266344180757,-0.9787685328013246,1.2283277105444614,-1.8960129658615028,0.4121143007306019,-0.4470442344239612,2.5932272920406403,-2.0771596593008277,-0.9991869029616581,3.74231350069157,-2.34299326400787,3.732167784971608,212.74,0
538,-1.180435019885239,-0.9806296467066962,0.5196797005159772,-0.6593146972936891,-1.3584292451072284,-7.126672123045889,3.2102882003786,0.26834666743703567,-0.8164937557141936,2.3146637175458418,0.5754971476374597,2.046250970871161,-0.08422776241358294,-3.020900181825441,0.12194697347162145,0.11854589159173604,-4.477000850028216,1.143148209380009,-2.6749471721149902,0.1876831350346359,-1.028015199709046,0.5667746812372123,-1.315178595278337,0.42868790935841283,-0.6140843151225307,0.6425498446805906,-4.599360171324587,-0.44105984130963477,1.4306381545947,212.31,0
539,0.42769745763359107,1.9331602298230472,1.511145071944314,-2.0192482480984477,1.590782651043358,-3.916563487670982,2.441901163951888,-0.1708440037967807,-0.5772215089269807,2.026072753725746,-0.05166853370480662,-1.8476262249294633,0.005627205244409949,1.0949704257134454,-0.5660936752977537,0.4093475302488602,-3.113309662850871,-2.0383400638900446,0.3982693801700943,0.46025588931773165,0.28818015161716193,-0.5666755899366115,-2.2138674226221116,5.3712096488139,0.036835808867874534,0.5979870665918545,-3.1080057955417026,1.8941190145871796,0.2485837955234046,19.39,0
540,1.9581316153017756,0.5614980507032206,1.330451671562317,2.521982864866332,-0.5515274001016297,5.9853650128017,-1.1473531215577373,-1.1111652988999856,1.7776448188194294,1.004705027154795,-0.44064934175619686,1.825908283608704,-0.148882796020883,0.4225825475284736,0.8762059916716602,0.5740812821065351,2.3260709116376175,0.05962550779707887,-0.760357171671985,-0.08815486887039078,0.5046026214521683,-0.3443459049337084,2.2937245708397604,-0.4784420132733021,0.052939468234801106,0.4898112547940131,0.4071915127448673,1.089608212603204,2.7712468455217314,127.38,0
541,-0.7009081833827803,0.8921828206207673,0.9852892331110225,-1.0054268538673352,0.8039481419725495,0.3761892228010605,-2.8473576248038115,1.1396287546157615,-1.929509689541672,4.151109630822719,-2.8308258326491726,3.552198985930916,-0.6963504511076755,-0.7686381605527906,-1.1987042316779504,0.46870296724940946,-3.81680034640353,-0.2524451931547529,-0.41151006745711516,0.3599005576782514,-0.04325707641521215,-1.2130298289580468,7.765495004941646,8.38800184935883,-1.8450050639323654,-0.8399628703721986,-2.579364477852081,3.4051781832334043,0.7960215250289603,24.15,0
542,-1.20430893253951,-0.7975303334153118,0.23146158249877297,-3.119847079114558,0.5664654841095343,-3.4933354501530363,-2.916928363343488,1.4589798168318389,-0.24991848483952864,-0.7358062544082064,0.3436638541653768,-0.28606876843996865,0.3097295030870087,-0.7202134385295883,1.1622611105711573,3.9423310108066856,0.9195233928194732,1.0605468962759041,3.1545064378543697,-1.9327341425689386,-3.4697786192614264,0.2694234520549011,-1.6008419181440146,3.292464984948831,0.2745361875832817,0.4230799603243528,-2.57325375465095,-1.3300122870528397,-3.2545217947159952,104.72,0
543,0.20163293734014595,-0.8780723802860544,1.2132671920084979,-1.271440739643539,-0.17220774315528867,-1.6706394560305589,2.5903376823895217,-0.41016222283119674,-0.4649208910917779,0.6162367943701395,0.1140052890459402,-0.5773610018375649,0.6071273038496771,-0.8682871040217062,0.39334651602644144,1.6190162459976305,-1.1531772168927503,0.16441915782982008,-1.3185130427692706,0.2316888209552501,1.5043326739610572,2.733890427522635,1.8458078071780004,-0.32115823382870035,-1.6783940421431534,-1.470033586810926,-0.9112237545504466,-1.5491660987820595,1.6160371605913728,53.49,0
544,0.6258386575357097,-0.9071557069446473,0.6949148109113903,-1.1593824028504425,-0.5726385194242033,-4.15566441549665,-1.1383310833998803,-0.5936994269872572,0.5634535216012392,1.2084596126350335,-0.5927326300682906,1.6126516928548795,-0.5007544186907036,-1.242348998435547,0.26584964850828446,0.32865949817231443,-1.705886701154315,1.4126280137587912,-3.2955801367833693,-1.3339666309878915,-1.2675702215479085,0.07451238509633384,2.7307514970984714,2.1851815907547243,-0.3235026694249729,0.4566415273079452,-3.1583820869935084,-0.6138848013511069,1.7155114863678134,44.59,0
545,1.2671281427247396,-0.7705354803428315,0.086459090042442,-2.884039040689044,-0.6876247190613484,-2.1380656444625683,-2.9785537508942475,0.2565137399918442,0.7411558240849149,-2.546758391778499,0.9846129994022889,-1.3953605728819565,-0.3602217713060356,-1.5560208691822377,-0.6407752740865805,0.42593811094858863,-0.823184423341305,-0.3336878698929294,-0.12881647950127284,1.4791278884554424,-1.6424195454865749,0.5355125448653145,0.7495238314502568,4.933044123696686,-1.0525089108060393,-1.39380444589965,-3.8730384207871955,2.251125881667261,3.3836520200464753,55.9,0
546,0.5241070031833391,2.425881321092097,-0.0002632012668430551,-1.245118050272027,-0.060016238973640036,5.303992810971673,1.882987288211456,-0.2873055135568764,0.5655960797508497,0.6891014087772027,1.5088180874781307,-5.4184454759339715,-0.13339518883726725,-0.4581484853142511,-0.9588038543707613,0.7406739143357246,1.8587815220428698,-3.3543527428248257,1.3384805383653093,1.3089183093561854,3.6558841090113914,-0.18956773665150023,-1.2363345494205684,1.1428380476256226,0.38520543284018044,-0.5452737255812189,-4.261875856344616,4.515851922184831,3.0433041057223296,99.41,0
547,0.05351465257966726,-5.139454469707937,0.6059320943245888,3.938612710775709,-0.8529283222958393,8.509318021283997,-2.3136214184696486,-1.3944785780990199,-1.3081215769724863,4.788790102174242,1.9607173829061888,5.953932347724425,-0.31375694526562803,-2.7216166017268586,-0.7537774585576116,1.553279187692493,-0.45482026389808833,0.8805788272981369,-2.412341973387836,0.14214801253004053,0.6563432055934999,-0.14332106856435312,7.376321764074389,-2.683040242192762,1.1081978964258854,0.930085804791365,0.26166145515953787,-5.897483582326728,3.071258650254798,46.02,0
548,2.30044997671826,-1.837552352733387,0.4810557241417938,-2.709170152857013,0.6115839257817424,5.320413383890738,-0.6874995151555104,0.6714776714320864,-0.434073821759407,-2.5163532754954887,0.839153724416682,-2.6788153623667594,-0.026296200865641,1.4705062535184439,2.1822678096954933,0.20278036280499484,2.2878170107469864,1.6904627991960859,1.4273023259049782,-1.3844356039063366,2.5001637449754797,-0.6786206175368819,7.085848751847901,0.11129462107033897,-0.9435321166459417,-1.4439265298750363,3.5101695580702166,-2.7921969148484225,1.3565779391326693,159.82,0
549,0.22665735964899383,-0.6484544791689953,0.7274902041567654,3.6066851284066885,-0.21738619941650508,2.6036415460951425,0.6595723490555666,-0.3187388995774793,-0.7255183044419155,0.07105581397641059,2.323271816026247,-1.2434046828829006,-2.2059351799143783,-0.49510167187461157,1.1871272524080254,-1.113844377401017,3.841981888110348,-0.8178785703073934,-6.495303759379931,-0.7336079460866397,-0.11570891099893243,-1.1815307533301556,-3.5648635451039965,-10.400175288705043,-0.3416652836197584,-0.12812841441978132,1.1603301182806642,-6.292271516738614,2.920454129973618,154.52,0
550,0.5323720112967234,-0.4478001470111347,0.6511897695753841,1.821118204278299,-0.13894435086533452,-3.2703335747647095,-0.5327638280975608,0.2897440269140348,0.15181909274375874,0.33296562852914746,-0.48798731433325654,1.6052151670615122,-1.3691326623816966,-1.3002283918838131,-1.375320682059021,-2.0017254812342866,-1.6197214905007442,-0.6127519589926965,-2.8161666468816056,-1.2748515710123025,-0.4662699679536082,-0.9901750385704507,-1.8406207538833796,-1.4701054480330187,1.7649718541264443,0.3209357543208677,-1.1877503625725199,1.188309000203734,0.2494414831339179,121.2,0
551,-1.9095827671969017,-1.8463415687806548,0.5995112411642496,0.7888823448775427,-1.318409450558049,-0.32598201424075157,-2.2081812117615742,0.05463944164503786,1.8384368995283291,1.0674627291972119,-3.204498794345281,4.320684862143786,1.0605598780918188,-1.4812081731680036,-1.743694507057237,0.7096010214014796,-0.2549666092654711,-1.1796201830146842,1.2210331521472302,-0.9681867507210938,0.646173323683975,-0.7926228303711832,3.735130691600403,4.821150724571633,0.8656341848196735,-0.7903313816984677,-2.0351268414746664,3.1022918822889207,0.8434405093501123,141.78,0
552,0.1394151593464063,3.4051205730845853,0.2868638428193504,1.3509059168485225,-1.731324578876315,6.93286685074936,-1.2808073008127834,0.9031675919947765,-0.24655360757598987,2.2234820039226917,-0.4958871978325224,-0.03456291151052673,1.3252636031273886,-0.43269943736687877,0.5795812479848041,-0.8708988204679343,2.4412441913838316,-3.1606341337763477,-3.4136754597368286,0.05762276315959555,-2.525117514158797,-2.011981365705703,1.8148950627134235,-4.770351805930541,-0.4989787430558854,-1.19944625795536,5.346952428165649,-8.58884908244149,1.6609069875383171,110.57,0
553,-0.9073788851664958,0.030636748208998643,-0.11327475327815528,-2.546877154248915,0.5641169264001977,-4.112395510359315,5.367851924079963,-0.13365973326242211,-0.9321312151135317,-1.153404650477151,2.4406501410217625,-3.4352382024965085,0.9739566935459205,1.4827867318475483,-0.9654921909980355,0.42248462193427205,-2.8933198535066884,-1.2756756979975938,2.540227787830391,0.11299176757799528,0.3914740365538777,1.6193220763233047,-5.231678005750964,2.092409549337734,0.3511701427617313,-0.06223105697249944,0.024232210596852766,-1.503680460229053,0.2231754864034321,319.21,0
554,-0.5859163160772481,1.169666146792761,1.9519864316886006,1.3461444537489449,1.4585427656604837,8.522691188841812,1.8430860300190386,-0.23153942311748107,-0.4405169443598121,2.785975754410823,0.6286967694768733,0.9804933513914244,0.2216420929728839,-0.3454306762253083,-1.1877781917985912,0.7670441288752773,2.8736354208403507,0.7423328339524954,1.9177808636053637,-0.8769370657007479,1.2659538440906555,-0.019088750235941546,2.450304199081247,-0.8963869148310506,1.0881052926004298,-3.0553179463195104,-0.7058047768383426,0.07517644123035823,2.3645031909969454,64.55,0
555,-0.47740623159781603,-0.2756032539349519,-0.654984488608719,5.716182397041235,0.8471112074394023,2.832386498849803,3.566963449517971,0.3898476493774196,0.012390076194007553,2.2871595934417863,-2.7726612545975016,6.489067551370028,-1.4680216487673514,-0.8476178378913677,0.21087235851051478,1.0458029156995154,0.8340969262996332,-1.345237453641999,-3.6763257740674757,0.9831784809990213,0.8359680103845718,-0.3632491822528304,1.1949753714594664,-3.442501117066109,-0.22239415107965607,-1.3743992484741285,2.4197138907583966,-1.8568727794485307,5.654538374337622,38.15,0
556,0.4622523292930485,0.45485815201720037,-0.13856762339741077,-3.8378987212329814,2.008909419096128,6.50692682115059,-4.925246578318578,1.1285457775311865,0.8520150349084945,-1.979913116119309,3.2011960122289476,-7.322755270361473,-2.567435909739,-2.5243718612755797,1.563961336859704,-0.8302346336672846,2.1256922538612026,-0.7180984644030033,-1.249069139041734,-0.44736294916121566,1.6377392366409915,0.11088050289283735,4.749934795912664,-2.6829990777614263,-0.10482036594046269,1.0468790323232877,-1.491732427915025,-0.32437675684848405,0.7086093154086495,15.42,0
557,-0.7349101506329294,-1.107400502335362,-1.6541460305732973,-0.2794390409194114,-0.4777037159744287,-7.0105524601135585,2.890700546714537,-1.3301895155535037,0.3139350723101654,6.116865355641272,0.15302397906779108,3.1328486677205842,0.5240350173448559,0.6059687034215536,0.25725604702933647,0.19100763429546735,-4.823332161639461,-2.3377452474898046,-0.062496093272749076,-2.0053123968160627,-2.3411987133794447,1.2635130428331494,-3.8690598008964803,5.92800138871765,0.34788253120223395,0.5495266744296438,-3.81811142596991,-4.525609983722191,-1.3210574515602165,48.87,0
558,1.1142343467426044,6.739681368488694,0.24551844332736034,0.4557725404176862,-1.3805710174469963,8.01396867859694,-2.90951800947267,-1.1317241885996594,0.14240486662813231,-0.13052312924067888,-0.055806058308649154,-3.1406807954716465,-0.46532251834107735,0.12291252035456524,-0.5021078248296975,0.31017582718283815,3.338041667567392,-0.06770474470448651,-1.3612877303551147,-0.53972679815177,-1.6900703881881647,-0.8450385117162756,0.7678567134713172,-3.8068657430538972,-0.23259923843548608,0.6770304698008064,2.487134316575501,1.6506948710316922,0.05084074284706497,74.34,0
559,-1.765521288915802,-0.27906277955221925,0.46331572038501684,0.48930475414831964,1.9286338008939643,-3.5536689100200425,3.0252008670742243,-0.7770102302049039,1.9381904707770388,3.053227380332746,1.4468173263521305,2.0454677463795083,0.3662357531837386,-2.116496653824456,0.47918753078696064,0.7231601126549526,-4.27848586046388,0.0930282857458734,-0.17513597293339933,-1.320793403619499,-1.2597509931806772,-0.6900745939435349,-3.0721326876603907,0.6327061521414058,0.508192939171904,0.779643852361518,-3.142098375072323,-0.34702503375240185,0.04550545148571672,31.66,0
560,-0.15344236731551375,-3.52571020957763,1.138638949687134,1.6228601481226161,1.9478909798017614,1.5694397511000349,1.2162628449769344,0.6960423134078911,-0.7258836617208037,2.8684884379089226,1.3394543674743224,3.4079658141349096,-2.670167933371547,-2.155922275602707,-0.24109744898789084,0.44110448436702115,0.7824630318909401,1.2640464995803224,-2.2973499073910837,1.552282909376714,-0.42426341838168347,1.5447973463842604,1.9981904737032181,-3.6324203698494153,0.06985979698176144,0.1964533795681345,-1.07678752680336,-6.50530776725565,2.20924490582939,66.52,0
561,-1.1178943387202076,1.7620745672779674,-1.4631012512496988,2.363196417719787,1.2409391873848064,5.637135753766024,-1.8794918771009173,-0.24105421459396426,1.1130006991386807,1.4220994736332264,-1.687533585720061,1.972000143880793,0.24362002148982426,-0.013998198331665268,1.0310427387826613,1.318607828178045,0.6939961256138483,-2.672943843161406,-2.141291741431988,-0.16763152548836402,-0.22935067609340076,0.2739357369313382,3.2405002625162345,0.08759283250313277,0.8463514262060201,-0.7841115340562388,2.770201232590904,-1.0288531067964028,2.9951944599130997,115.12,0
562,-0.9492134807566824,-3.5759257418777324,-1.1559097824245792,-0.3693661873955122,-0.14874071479913828,3.957253508145273,-3.4414039470099875,1.311926575331251,1.1051135432740902,1.3944879925912321,1.6308354519698856,0.47990862457036715,-0.26765577000555346,-2.7293784591254853,-0.620175623514756,-0.18983512806346253,-2.043593701546832,-1.5908390782280948,-0.5007396835022732,0.24344071424013,1.3458938892781296,0.7490878583000953,5.520354487444302,0.7921192055528354,-0.14634867016819725,0.22532517954050518,-0.6410368504341697,-2.2358297330651675,0.8540549208174207,81.14,0
563,0.1400278222258873,-2.870972538168375,0.635233021854534,-1.8973104428794454,-0.4547338869574728,-5.588601148987945,0.16409748789579226,2.3993772067064114,-0.8172036036627213,1.5331878848209577,0.44814557207606354,-0.3080349302213379,-0.1508610267853418,-1.9952137626465194,-1.6851945308079082,0.10641932274471189,-3.774610218011399,0.44683991753868113,-4.651756207498942,0.1339078690449503,1.2983206199782171,0.8298919000200898,3.7600813030051885,-0.15281252232687648,0.08421658894644239,0.5271195915578544,-2.5898351023433124,-2.7004064296955326,0.630881945503579,16.86,0
564,0.4966024096759404,0.08053552568447253,3.1323261508084617,-1.1318460709529339,-0.31521018040569243,9.087374126737707,-0.6036185448848544,2.764348516117136,0.022448919705427506,0.11152491285069421,2.0110445153599183,-1.7985346727862845,-1.0788509613285897,2.3503695321182563,-0.0023378978145741965,-1.7387117205305265,-0.062246225584519865,-0.7325851349789468,2.9040717216579877,-0.055023547918349014,2.5109610227257577,1.8981170158185048,5.350048287465143,7.096582166965452,-0.4521345890949861,-0.970350091392317,-0.4218519777414461,3.093939600876107,5.284069064010093,183.02,0
565,1.3992713752333041,-0.8521305729158071,-0.5740223439496666,0.1300033748532945,-1.289145010178219,1.2942703198764223,0.7144249762707354,1.7174444277975778,-0.36335409510795835,-0.7508317732964277,-0.010920416144286849,2.5367645488834754,0.9148105363496998,-1.980234037180304,-0.2883472677576647,-0.657355341661313,-0.4649163482289548,0.19433171072473387,2.4464418105720145,-0.49607356915908235,-1.5784512813237104,1.015420414977007,0.43515379669475934,-0.2281427520903786,0.7989076727917958,0.8985269930814788,1.8423206034428445,-2.0268712398874094,0.6864364916414681,163.73,1
566,1.1092079825867307,4.317703573672057,-1.4437183695950546,-0.7407430794643869,0.8266517974324317,7.470761838288091,-2.4459221818113766,1.330803915639862,0.0688746395137692,1.463401582482261,0.0020199075318590998,-2.613353898173185,-0.48280068868494963,-1.1040091389805091,0.2898111955666193,0.2780795955735272,3.6700044157993497,-2.9794211842759886,-0.8766458508454836,1.4380287218732621,-2.3987882990411085,-0.3393358444160607,1.131906001909709,-3.715329358205926,-1.4353688270468892,-0.6102206925378539,3.0948765180789746,-6.028196540152676,-0.17609505871972642,55.84,0
567,1.6997427421986424,-1.7773575143599358,0.6741440051199892,-3.1204342146683213,0.28322495861071845,-8.971778559528888,-3.3201134850426888,0.17536524065533415,-1.4660382014488722,-1.8126467626670255,-1.357565150017106,0.40991784090285904,0.7162624964685291,-0.8757605929801007,-0.0001316862269378586,1.791782273613359,-2.5268130092301626,1.9896599770705143,3.0597453669960704,-1.2551490672051577,-1.0580679633600496,0.24048764946776105,-0.7896987936377687,6.187633080231498,-0.9589282677146163,0.5634043604480524,-4.729955776297351,6.318093504885551,-4.88134837515111,3.35,0
568,-1.2516980485201425,1.9665323803323416,-0.7312609733270449,3.498228756079355,-0.9584493812548077,4.11983945519858,-1.3114940158564519,0.27158220015359236,0.9347177458284922,1.8999142025182656,-1.3297214609603374,1.7724047809153967,-2.4213797518772786,-1.0370511160246076,1.0166432073158822,-0.8707663764407388,1.8209603797088674,-4.829655504885901,-4.42934316777341,0.14171179031750872,-2.0349620263563093,1.0092949557798092,-0.9561033843649341,-4.64290719498181,-0.5750581961873702,0.021605547591684655,3.825778444496524,-6.36049042693671,2.49622625772324,140.81,0
569,-0.23781388214842067,-1.706427313988058,-1.0783641637948653,-0.6526485357079349,-0.5184356318775039,2.0541956011680065,-0.7491899298911435,0.04290732616769143,0.9687446211672515,-0.8830591085727953,2.120256111755322,-0.7687572953455099,0.48266502604130657,0.20465968868013962,-0.2245550415906529,-1.0584504894210378,1.0560936809275936,1.2298585012866683,0.9411085642703464,-0.6681491915167361,-0.23620182224942354,-0.002685725863242228,0.4894957341272085,0.0585611074749749,-0.5798551814633284,-0.41085719913647445,-0.5438706855703185,-1.3640103108323276,0.9620246849847621,97.56,0
570,2.030953617349149,0.12594890545596493,2.0732567066828906,1.2016805265495802,-0.2544367276856635,5.762039854496711,-3.4481160353890923,0.4602389432279179,-1.3178109369901527,0.3727423400054547,2.394767074936795,-0.06520169527352503,-0.10936906641045824,2.2097082733578146,-0.3090602585769696,0.08189667520079116,2.2873744546010633,0.0868758105865165,-0.28084804326956136,-0.5392647112273649,-2.8493528261323107,1.6956125332780865,-0.3722176543942374,-0.28683696700053496,1.364869373855072,-1.2949739740960864,2.249018224064385,-4.443680923678052,0.7490325549125373,98.78,0
571,-0.06751400752828958,0.6067154009965808,-0.45041888656765466,-1.0514242442628747,0.6249100884688427,3.280257532583313,2.405113683323672,0.2693172378464116,-1.8269103039659818,0.5964711284210649,2.6333880575536677,-3.1347189579070993,0.15368176317690393,2.232289520220492,0.7580273787604709,-1.2483878121270522,1.644547540564771,-0.332626326393204,0.7199732217113408,-0.34494931521447475,0.952290371967068,-0.7124285899365972,-1.4194516676296853,1.9037805506168777,-2.3193981398964385,0.15303459706762285,-2.072750711253684,-0.7076636681824332,3.3945628918156405,66.84,0
572,-0.8610231064882589,0.18666842914691295,0.07363889294023972,2.8662591782740594,-0.040244274692185604,-2.604787491901632,3.4492190160833336,0.7950317937850347,-0.23140800165325723,0.2690101541335824,-0.9638279390380664,2.503263023417101,-0.7844419187412465,-2.573465470471121,0.9302917092896185,-0.11362693451922978,-0.35894608699452324,3.0301682721735883,-3.925795991906365,0.4317057853214802,1.3497442945052072,1.118169414895207,-0.49845934669236847,-6.754632390116076,0.0839815774947546,-1.5358646708655104,-1.1570627270836473,2.660953287328197,1.3387468396346236,106.44,0
573,-0.718547035149893,0.4453749948722293,-1.129258364821194,0.27372309306132137,-0.6199236618145806,-0.17205420434741578,0.9543446250878014,0.0649055155927859,-0.1168700039533368,4.285569311408847,-1.9677730042663328,2.814410974012925,-0.38381391265042936,-1.7373756584407922,-0.8149183431349799,-0.2432431232924328,-2.57017608206317,-3.61347773649384,2.792487500956637,-0.8337172785287311,0.04296371537127053,-1.3509910353888523,0.018604542778907794,4.189555357213682,2.384644978371872,1.0551278163698248,-1.531778223622604,0.15647983040160282,-1.7352166077247602,32.96,0
574,-1.2714536994278176,1.6299784319722623,0.9348016626956545,-0.6044231739500507,-0.9561680602506695,1.071511403656818,-0.14997213670541376,1.8544309005166413,1.41474533796822,4.900577403172527,-2.1958750658038153,1.7629726615417316,1.6391321279295334,0.9355791938699577,-0.7090341115287021,0.33612290294557223,-0.947865457060182,-3.360151448958598,1.893407266358516,-1.080252561578079,-0.1738822449717078,-1.5330015786034301,1.5400640639575955,8.034572369300495,-0.8826788221605966,-0.12193041358199798,-2.9432255939132874,0.7637489930847611,0.3635271610413311,97.78,0
575,-1.2242250083555806,0.95591101771509,-0.9486219012089668,-2.721775954493205,0.3181593274098852,0.8259878979752427,-2.2175606571499844,1.1739009315742082,1.3910424750559454,-0.048359902122159903,-1.5512490802797656,-0.0799170524111933,0.0731042543807433,-3.323389112498686,-1.138782936976213,-0.6538970942319644,0.023292936971703426,-0.840250291648841,0.7485131213694051,-0.9096321727447022,-1.0064081569039067,-1.018037671922815,4.276600214815634,1.5452760909069796,0.4136478982823735,-1.357698726867552,-0.7362014208416997,-0.48969827186528225,0.1399331477650344,99.58,0
576,-0.6038936511457048,-1.091377080857807,-0.43115506641736445,0.7917951895094707,0.17087352874698206,3.9211165730042445,1.8285577472694554,0.6236932101761915,-0.1261621289788396,3.5061662375147837,0.6523584176258317,-0.16141412166500188,-0.002526660847787268,-0.7070123930305566,0.41976763023027386,-0.8366687784230472,2.380546317481767,-2.8866354009193063,0.49064280007713135,0.4908416254929437,1.6569026328712808,0.015584572569658653,-0.5136929086401061,-0.8398413377948191,0.01225543063154155,-0.7343205032739754,-2.2751806493580395,-3.54815987098319,1.3511599796131601,235.34,0
577,1.961104291291467,1.1661427924623573,-1.7971436676291046,1.2887433369468655,0.8873089624597463,2.1077058303285385,2.2596954812925873,-0.9908607540167149,-0.4027572899064173,2.3730366621538104,-1.550028892695864,1.5122564269596859,1.7470591445535142,-3.394018923858436,0.2557842523263653,0.6250767970040728,0.28138851056793845,-1.6123706846470345,-3.497289314413818,-0.530010758779966,0.6647478212384182,-0.6066639407505668,2.6192951028733655,-5.41069017127756,0.03474123353902422,-1.6600681494056964,1.3649351842715727,-3.996243690142144,2.1301831864648357,224.75,0
578,-0.13778586119228045,-1.2788215546098214,0.7837313967528776,0.19155843687887752,0.3265959599163561,0.2605245901886327,-1.369090805853681,-0.6202642966676787,0.5558584593174067,0.9962315595021813,-0.18135653232989302,0.22442538390891115,-1.3980980146818753,-1.5074192133299704,-0.287584147592097,-0.20675440342927123,1.3224946847939156,-1.7074372291568043,-1.705280321584239,-0.24439983553751055,-0.3054314586861572,0.2937473516739988,0.4858145649582814,-1.9460962521110279,-0.5133130890056609,-0.8356012406877456,-0.5753365166018914,-3.736103891698323,0.1081824621480515,44.7,0
579,1.080621208954168,1.6562198190887818,-1.2508317064844046,-1.549944495524104,0.6401534423571412,2.1626998213156297,3.0919354469160623,0.9892860763940897,-0.13480011220018331,-0.15108362830463118,0.43670189560041145,-1.9983138356497585,-1.434072663335236,-0.008039434556102232,-0.5992217945308487,-0.13208215153889175,0.2670054776890801,-0.30384127608143363,2.971929221198182,1.102910701701311,1.3561050857675885,1.2881305258291558,-0.2757390216136011,1.2488445098807424,-0.8119732927283112,0.7787397853595502,-0.47796738656278637,1.7183951898650363,0.9009948541212472,118.61,0
580,0.007431802439666953,-1.3919568542914016,0.5267642170046775,-1.8645078962063935,-1.0869238165005535,3.3450410150610543,-1.3066141582353477,1.5876929682261434,-1.3235943920134368,-0.9632077157835669,-0.5249973103361395,0.9128114012393789,1.9222389753134637,-1.2340173130607877,0.6453846717568814,-0.9839480658825546,-2.7695913178062397,1.4323222917918117,1.794484504413997,0.8636299105789041,1.798732759433773,-0.3842200453459713,8.641499769339907,2.584678861140658,1.813463857298551,-0.07571440360775782,2.9177672013502964,0.8876976886808783,0.48164601746176566,214.19,0
581,-0.5739346330742002,-0.8209797304243723,-0.9032036088954514,1.6131818899676558,1.8907298485940296,-1.3841460995499988,0.24640608151646626,0.11859442305687404,-0.0010711335374141854,1.4426990920819398,-0.6091902737729332,2.7224097703877304,-1.7189099560288814,-0.7734993262349166,-1.5198680373755091,-0.055393525482335705,-1.3090966743479324,-1.5182255964929907,-1.7559939565746001,0.1772972131473084,-1.23588523808588,-0.1754584350417629,-0.6998929680716843,-0.4086766054125186,0.7070588584012034,0.009290068306694576,0.7225499714936122,-2.990516568665214,0.8828055436061297,63.76,0
582,-0.08826023013504129,-0.32491434352079007,1.3888001036195767,1.3226302345208838,0.7370706706176718,-1.1576091719213535,-0.6962971253153933,-0.4414758053129096,0.4341269815409725,0.8355139470750725,1.1475385753462426,-0.21536797891296294,-0.355546671190706,0.5705951298487782,-0.015865918453513532,-0.8878013803376538,2.269743750368907,-0.8071312373403167,-1.369855393464739,1.5095468626126316,-2.3035678868321754,0.893347262608146,-5.084641535292225,-3.449461264546011,-0.2989373970198303,-0.20375951349442029,-0.2338012595657063,-4.546039647846059,-1.642939621984588,39.75,0
583,-1.3883045083134937,-0.2816186740988912,0.5966953809104842,6.105158571206291,1.0008030433825523,1.6549815959228305,-3.4099135617021963,-0.22112822791412187,-0.2163003284635096,-1.016428434583406,-1.842557661024307,3.3882764266089698,0.033210179885372754,2.433767001578872,0.6951645831510663,0.015353451755977077,0.8066900107299022,-2.8299448044190774,-4.488607777956494,2.021193599580755,0.3562464886313873,0.18056093819747002,-1.5948673433908793,0.4174685119901631,-0.7093589096424198,-0.5206890955191443,1.5806932272533394,4.038978928500289,4.110627276306466,53.66,0
584,1.234456978764691,1.0947797505813903,0.2445980696492174,4.652514054668316,-0.7418206417017582,3.465555994592413,1.9230667140911546,2.1427110344641864,-1.0248948993808669,2.089787923089242,-2.09226033038121,4.76187251688143,0.8634140715616104,-0.6793706896257152,-0.7175586392000529,-0.0044817963767913305,0.456306313334397,0.13020106883155524,-2.7431736857691775,0.02915191232501268,0.7032176268542546,1.4395979274301354,1.609579888610699,-3.0571531080574625,-0.12735766812111177,0.42783786053604395,1.681727152995432,0.9519835275127825,3.3363909876935476,160.73,0
585,1.3571842469742714,-3.828041491515354,-0.055904033151241074,0.38760771899433377,-0.05326255999368678,1.6380186416665565,0.06057875338303165,0.019827153765367127,0.1375418294721938,0.5206239305350131,1.2652291323178195,0.39550077701700365,0.6129560841662747,-3.732118057020804,0.7818503575829996,1.4553289348821974,-0.38936750303235934,-1.1766313224149851,-1.0440706668102093,1.3934952970475232,1.7932329923368537,1.1690109258638153,2.3269954456127895,-4.8444507080882255,0.42745540469694027,-0.3852894036112106,0.35064155629524374,-4.485874874863042,0.1382505698087355,314.68,0
586,-0.6331863393652334,0.6563922049540275,-0.5148196623973748,-0.3604791984307022,1.5325330906092762,5.435216029586229,-0.8026129395704733,0.0921212820729715,-1.1973976863003002,0.1784745881841736,-1.5192356244376912,3.957760033495088,1.3383799037639572,-1.0630648409948533,0.7130732322865353,0.6905324621511849,1.6668460115967785,2.4602691035582573,4.512154708804235,-0.2345229260809859,-1.358644364515706,-1.8104228817303614,4.934206540238062,4.356361604632323,-1.359066496888782,-0.5249265207803991,-0.16561002670661995,2.472876337885155,2.1084745545086876,66.19,0
587,1.613358929079484,-0.710199987964872,-0.8823893030786208,6.174118406701691,1.9832726559207603,3.2647854517854507,1.5595450620132572,0.6882851084882323,0.3268524062609343,1.758636179054586,-1.9478361328582396,5.479480037169861,0.5496698134880496,-0.6511936380887732,0.22731379549231806,-1.0903921988074388,1.7559517095906996,-2.1857980318527477,-4.756931638880448,0.07978843143232382,0.07515570323060794,-0.8308826638551301,-0.13480717135396683,-5.508707039566161,-0.8003911042966898,0.8935422058891094,3.3299014125176276,-3.93724160141524,4.610228916568159,25.5,0
588,-1.1783461248068456,2.1068727619539325,-1.0301221052967755,-0.388306474406119,-0.545726040636194,6.943835221465661,-1.702803965799708,0.19937992065400773,0.30261352594625407,2.096303747041486,0.5889920019550133,-0.656939243109697,-1.1789414021073787,-2.638067630321909,-0.8331331336803468,0.8166035703577127,3.295836716048922,-1.4347693804383241,0.12938089826009846,2.097127212373027,-2.0636217253547713,-0.8456284879894043,1.5792875601331473,-3.641181609228375,-0.18309078461128447,-1.0960120478710536,0.8072968103039841,-5.395019498840024,0.14585919165941186,103.25,0
589,-1.5941826797254006,4.334662922155107,0.3689151288291944,-0.13378201106563103,0.9088890363692873,11.060514794388743,-2.954646488503736,0.7259236116484019,0.3982327846922724,1.4212971517873152,1.270331499587193,-3.4641900838553976,0.06310712149202398,-2.5669823764346886,1.856672337917714,0.03242660418700401,4.4213409738007154,-1.478540194695202,-2.192930269132093,-1.332128954630901,-1.1413019440732026,1.4926099474640355,3.237633656727671,-7.223799360622353,-0.7214407498302056,0.030268671108619073,2.5713105342695393,-4.896127764421056,0.7847856386212745,268.33,0
590,0.3289852789045963,-3.6393636165843732,0.15683216653618998,-3.797251781789238,-0.8564760891275723,-10.568628205747181,-0.12371653122257287,-0.5698292575910502,1.3050815921384162,-2.2124506796207677,1.6085584674179274,0.5629417194815532,-0.8561901045921188,-0.3111964838569523,0.0823704506538375,0.08654764761797734,-5.647137561045645,2.197915936139751,-1.3207511452343539,0.02586651028829931,-3.1882576690008455,0.6734214070919132,-0.032766141307745106,3.9250560341896024,0.5927694855232551,0.4591885228916088,-0.42652816110776676,-4.277125063961687,-0.16099099977395148,71.68,0
591,2.010903035413434,1.803157003982233,1.1420545923522467,2.819904668579009,-1.9300868693234323,0.017067455408883325,0.5332776300928485,-0.30659307467838237,-0.0386517688273251,1.8166035862413237,-0.6275830742657065,1.3647207465544657,-0.5275973425790509,-0.4002603185175874,0.017183850385528075,0.7240750507443041,1.421841886311042,-2.236395836830764,-5.268750428281668,-2.510222141040413,-2.9536687026861452,0.586851538784868,-2.9245963072742396,-7.00865875694534,0.4319965633696103,-0.38005365060030677,3.929732317204418,-8.36035528768983,0.4235842698561328,104.88,0
592,-0.6511762938917753,6.914664236995604,0.5038599341724908,-2.2285457074995874,1.3602949929499102,14.35834356360073,-1.6697704894983578,1.5928520643719872,-0.23379136759971708,0.4450450090977418,2.229947433599862,-7.724426569082416,0.0851959299707875,-4.314868333338322,0.4732152090075886,1.1021953187712001,5.461056381952482,-2.535930838631086,-4.43167651342346,0.8176863130545542,-0.6198786981751601,0.1705660267701262,5.194329654459378,-11.94756157531714,-0.8859700824741287,0.24224423248964974,4.757956347436399,-8.536110731996223,2.8033512382762407,293.56,0
593,1.2955075821174589,-1.109520853365577,-0.8120248745538271,-0.3341783925494711,-0.5812559499755355,-5.133013007984486,3.857207362591215,0.9372062705816853,-0.2097021062955529,0.08084810437041046,-0.802110757913138,0.9164767560287949,-0.6581277255566853,-3.915185989141024,1.7724365432959026,-1.3767888249571572,-2.602108854083221,-3.48536970363249,2.077459935800051,-0.6184543903794149,0.13789945346577082,-0.4249114100828423,-4.569057683042855,-1.6560527742034785,0.423553396035471,0.7377867562899169,-0.5114563179696774,-1.5952509879274148,-1.5499383051555977,123.21,0
594,-1.1146434693531446,-1.6535067014613747,0.630305916457426,-1.5747629398398,-1.3333795960353827,-1.3230300043689105,-0.1324530801385312,0.046885859018390895,-0.16402544226013785,-0.39273335795163844,4.010589520061301,-3.6830136671946723,1.005731653060738,-0.22102046936800002,0.49065968072538757,-1.8346883504522455,-1.3922818787072995,-2.532741111806288,0.5423569945808473,-0.08362968483892229,-0.7170797692110423,-0.652014123856577,-4.836714589347752,0.5972992666038963,1.6964519799007398,-0.797774878028373,-2.178227018745549,-2.8979923753350536,0.023225816387629883,78.73,0
595,0.4924834847446222,1.0496109452145008,0.11804946668977437,3.7364688427859685,-0.5737555504043761,4.865239069538022,-0.11992651692638534,0.5130429233658149,-1.2035668962288326,0.040394902663020704,-0.7952582408612984,3.280139886038082,-1.2169625768435197,2.098823807408607,1.5909413585541052,-0.6603312628001164,0.64683367606235,0.9265965921697473,-0.3845902042848862,-0.2531485000429449,0.304436235297162,0.7769218547601916,1.3018891435266924,1.363511133510637,1.9875341610233674,-0.4706731449821802,1.7606826269627955,3.8054414258404576,3.6270532832564606,24.17,0
596,0.4788211889798271,1.2730614388793113,2.5518400945723556,-0.082078091539177,-0.43706648669361503,1.8077316295247006,3.9532276755345164,-0.32905999994413937,0.3984108241501123,3.2988789447671794,-0.8733638128860418,-0.4266736352761716,-0.39261273208442393,-2.7974832900816407,0.13869542625992545,0.6532509453412914,-0.748207827451105,-1.888542064823493,0.4760265620724758,0.4799328107989457,3.199062845850354,0.38499918923951904,1.1762048969949195,-1.2395273209193327,1.2239202016169175,-0.47105357038489465,-2.5838050656735767,1.6187050236858032,0.6165525737272518,12.53,0
597,1.473879290506746,-0.36848614971597926,-2.3020121801351987,2.8536123804103104,-0.5465211607085788,5.481169711125598,0.03949479738070727,0.0005716656457768392,-1.0650175492146408,5.46356377044918,-1.13385672822996,6.512137790244312,0.8460119384207664,-4.09968100424187,-0.940332187509568,0.4408798982374823,-2.7570162446577253,0.8222355644785394,-0.3078648046913611,1.8079328389524703,0.7302166620576768,0.33987898131490846,6.505090189248781,1.4559258552747414,0.01949402327685635,-0.0020973173829448243,-2.597395483401753,2.5440685095092586,2.700519736038427,172.51,0
598,-0.32883082658724,-0.0197476064708606,-0.04518552842516206,5.4383806544929545,-2.0471668851634712,-0.20068433508035924,1.5348686703990801,-0.8585862256299859,0.3460344109108019,1.4124698997265632,-3.7347953659503657,6.079883342917816,1.002579814271594,0.4593202126271908,0.554254476026521,0.8090542890877785,-0.6894811128767343,-2.3285399121434875,-4.035330238366022,0.36384043429261276,0.5591428949501217,1.6955158192498565,0.5215072321726639,-0.8328246975476697,1.4554094821720291,1.0347991305262363,2.819880100409346,0.2121056389659989,4.0630720889043035,104.0,0
599,-0.0784896243763409,-0.49241103948284903,-0.45666758990472633,1.2331442319479193,0.7873751382239931,3.0722829506730327,2.3078245760293132,-0.26721202369464575,0.19278407772429806,3.286198580108416,0.614030329790801,0.835525888144949,0.07205085018665584,-4.1800728846873865,0.5282883324746676,-0.2976425359964962,0.5538432721059415,-2.70311742118158,1.0749897120618095,1.3743116206542387,1.298873310394865,-0.6999809002033711,-1.5499082577067078,-2.750361841290395,-0.7769912116935443,-0.04887723351959414,-3.438284604080366,-0.7858900586732257,0.7858677263048099,138.0,0
600,-0.4484904308664313,-3.162269837953358,1.4556748574583571,1.358171340520141,0.11010758575632887,8.63088699854091,4.1744954728368215,-1.895006893597774,-0.8252705451962018,1.2509786609505142,3.2311290502616705,-2.5763665426691915,-0.7013281001381633,-1.7085996317077063,-2.018260153329028,-1.3644405588512607,4.211117269571022,-3.042466606595595,1.4576205116718093,0.25057248907487145,4.2882562362328445,1.127477858731929,-0.7879859110854764,-7.45567944066694,-1.1355180451889948,0.8982968712060478,0.8762978334662298,-6.690765779322411,2.1104011043383273,136.85,0
601,0.48663595614481137,0.728175533746103,-0.1340487665021912,-3.3029764797771937,-2.002142724832433,-1.096525896929982,-0.7139488535434694,0.20193990333548184,1.2739467294749474,-0.42072960737607457,0.6864539800881722,-2.868866680158789,0.0944272243535302,0.3971584708943593,-1.4951396584838834,-1.1382621349580988,-4.309168616013356,-1.96170095276422,1.734624889306419,-0.6147406161178844,1.2524399667690815,-1.4474622570271596,1.8922553599094292,7.711538428569163,-0.45933512405256655,-1.1616473856371412,-2.1665581201463255,4.426364893129456,1.1147834592632089,5.7,0
602,-0.514864662403782,1.1370529026404153,1.4050555856028935,-4.022232267582127,-0.3240721838017818,-1.1703621661955295,-4.072415402376741,1.5857745680463387,0.9211890378245602,-1.7912517482060406,1.693671148971915,-4.747290074937511,1.370695988904976,-1.9177560000691214,-0.3321777939307386,1.5012768835117287,2.099094982274969,1.407511692808738,-0.34325472524683676,-0.6719761533534957,-2.4145711203795974,1.0557982384665718,-0.3065469961433092,-2.5339643802566827,-1.5410330691004628,1.9786512875485034,-1.8928269896628622,-1.8443349129716122,-3.3294852413500533,227.93,0
603,-1.50807587980101,2.534654268182334,-0.26552286143334874,4.341076728871725,0.6934958206046,9.556862967332881,-2.7233401548144203,-0.7601923217408988,0.8701781747467708,1.2683143333713365,-3.198486862553456,4.125351184757151,-0.9053361675148525,0.4922483305201134,-0.5198252221735389,0.18844008042075686,3.840941120533042,-3.8157135435974707,-1.1303419831741905,-1.4552889759012155,-0.9290112628729947,-0.8669252393444344,3.1363913704883064,0.8754239202362646,-1.1804984869976387,-0.7419394537564759,3.555615366718469,-0.4213181010292996,5.202324122234087,0.31,0
604,-0.5471746041437677,4.286400147036648,-1.4250325069036731,1.603523560405975,0.19542991602651863,6.77203793276702,0.4692600334710427,1.7244183606099057,1.0128905740373726,1.5171956364438386,-0.9061648130121843,1.32818170688479,-1.4467906538298647,-1.5999454998599316,-0.3353570705459931,-0.5296040488022927,1.0382368763937435,-0.9914444480986532,-3.005505935507386,-0.8079951691148726,-2.312645460104001,0.19977622183509458,2.9813355069476635,-5.151754837793853,0.17931850115980313,-0.1376568784726773,5.468870783340595,-5.482485170207554,2.7885342544446665,1.39,0
605,-0.6813999126996095,-4.19030790756403,0.9605613534832284,-1.168251915005554,-1.3630961535803188,0.00517006250876742,-0.6698469056353705,0.3164467585822151,-0.8726919359140094,-1.038879413812051,2.1097315767925973,1.9598263672682408,-0.532487096099794,0.4396005540887734,0.006547891718373756,1.5353277333766129,-2.6378420661840587,2.333349507325821,0.17767604914479673,1.3149370453402958,-1.0906586539401997,0.08462004839354878,4.359226088390136,2.019621142263125,0.09981366882164183,1.0539854833770739,2.62295899519386,-5.206888363408186,1.6800992848286407,139.94,0
606,0.24400606314279952,-1.5217091482958867,-0.6773125282501883,-0.46729239435913195,-1.1701870754423553,2.597856282688417,-0.008124026392075545,0.7837794503089633,-1.5195133382410844,-0.7642889762742263,0.7301747030939314,0.42979433299137376,1.0110500156528333,-1.7657222794861895,-0.21980270560773324,0.4584725691988813,0.7781080578634448,1.0043055138053663,-0.3196257733964928,-0.16131272277353803,0.5729530801333905,0.6296480134298948,3.306464925088309,-1.0303533725232819,0.14686320945641482,-0.5117960136519804,-0.2639017858341828,-1.159763659108026,2.83082139959237,166.55,0
607,0.5821669967373478,3.071842880514374,-0.8566126435500113,2.0200124060055926,-0.6045800876541457,-0.09136514990603921,2.177525953264771,-0.37478385003839176,1.0135261350909857,1.5846099914513359,-3.4128941956462606,2.879935377846637,0.8852366136499785,-3.0601345117195295,-0.34418905182977283,-2.125453597944143,-1.2944212058292957,-0.4510438925110475,-2.1899797841401623,1.3097571658740361,0.8861094709769283,0.47181173950614497,1.8051332647071758,-2.5282553287381866,0.8638420936387817,-0.12523471471530392,0.15750401700693817,3.6655540149738854,1.323970108087115,128.77,0
608,0.8248840377287843,-0.1873643582773864,0.4855939200440023,-2.618806212174713,0.9078606377044912,0.22923588418244406,-1.9007966542908115,-1.1536593514265687,0.5617110279184433,1.5115476594118622,0.3334602822818421,-0.8263258749234378,-0.8715105943331573,-0.8193874579935227,1.0477015688776097,0.36516063247516933,0.7842139121207734,-1.413447289823764,1.207933210511424,1.4876884464035136,-2.368282616576054,-0.09362131907061147,0.8272020771606197,1.3668744109705355,0.017414248998230967,-0.8730525596772274,-0.10740718237765823,-5.936992315804886,-1.962882638470779,127.27,0
609,1.4736031101628766,-2.234320868549419,-1.5055651850946052,-1.2623701176088353,-1.8682538313455035,-2.616511185076899,0.35427871477096406,1.0911386331964843,0.15804712185161696,0.42759663613070237,1.4035628794240431,-0.4730340599207778,-0.9983321365724712,-4.464756338967427,0.7263360742393737,-0.9291166048016984,-2.238234309929549,-0.4135548208770326,-2.098958762559345,0.8211222596085062,0.6626430434326647,1.2798011722758311,0.8725302988796891,-1.7445486622137343,0.50493095461181,0.6883339338410507,-3.9021753654103195,-0.7180395300800566,1.5512714473314981,139.56,0
610,0.2626834579468364,-4.150827116810626,1.778077876751641,0.8467299016702031,0.6042883913587814,5.81956891181175,1.696305236507059,1.4142206726903268,-0.7613273484611286,2.552946474903562,0.9429526506671937,0.7239989220272035,0.06344672866533706,-3.2208301306444422,-1.2485286823242678,-0.234259457201112,0.9073060437711925,-3.3978477790668773,2.28233213414413,1.2603785181400424,3.2616322570088383,-1.1335708210474553,2.5725294314810676,-4.292472612885256,-0.5586137731311284,-0.5107316820164134,1.6685166767013415,-6.6423985998695265,-0.9028352856140024,49.12,0
611,-0.6502989524671549,-5.4082558304204715,-2.3647281730951435,-1.7193683023106534,-0.15954527988460382,-1.720160713479218,-0.5918992231969001,-0.4565800544885821,1.8552641095763638,-1.902133207014899,2.9098519710130986,-1.489806656791244,1.3016256381303892,-3.563352604521937,1.370401801138914,1.5671953142697388,-1.8204425791135588,2.6465425561322475,-4.698572436567477,-0.8240676674105768,1.804442077494369,-0.37125957839401674,5.475032298946149,-6.933306394315476,-1.9251518126262714,-1.608401186930581,0.9735480896193799,-6.186703668403262,0.8979734269664007,103.23,0
612,-0.9599725191440409,2.0640217065111335,0.438023605328097,-4.208528084410465,0.3116342988074249,5.600578585048067,-4.936572908480571,0.017972579368308247,-0.2911637704263413,-1.4001095113403572,1.4612448200267458,-6.683837380508291,-0.26281682329705947,-2.323516769708881,1.0550545489425514,-0.33420699806644877,3.2038340274096413,-0.49261792192064513,0.26201814886169295,1.293989213291668,0.7952249703038378,2.6980404568174263,4.091556885348743,-1.747341363849575,0.645296958431043,0.36539620823619295,-1.7630898466644571,0.7319306490519395,-1.2755344858276376,95.85,0
613,-1.5136541744623178,1.8725053567558847,1.1803183169861102,0.5433821234146411,-0.9321610548653619,0.950493680183916,5.679069222210309,0.4810976654282442,-0.5309596471542593,2.6397628066391414,-0.03531345946583009,1.1743137073185013,0.37431308954649783,0.6076705730067832,-0.7729036637422013,-0.36224169775737963,-3.176988695058069,-2.2662191168572927,4.872938630945845,0.27566358173523053,0.7236604692558884,-1.5171033671831091,-3.3390914469768163,3.4103795724054318,1.217167134896644,0.2524485549536634,0.7447724167193154,1.2395166831340427,-0.4908804031036601,128.56,0
614,1.0346681017529358,-3.3895725874685687,-0.17833838749471878,0.34231985838085743,-1.7762989615657787,7.6704068315203315,-0.6908510601472756,-1.6209600494536405,-0.06613955204647334,1.938151068606678,1.5517070322055102,-0.2179647267532772,0.25178524567549915,-3.3523157501809426,1.7600437651348573,0.06516834108320184,0.7534714121465634,-1.1966390670372358,0.11523008689265513,0.42224749875835416,3.705927084096827,1.0216508350576774,6.255363834616689,-3.513321912064397,-1.5459547779230411,0.786954564094698,0.01649658372848728,-3.093977641118408,1.1486098968583156,21.79,0
615,-0.6423213996119603,-3.25320922518055,-1.5640801889116511,-2.0503862881704076,0.8407965238326931,3.6298523561114244,2.038949748809382,0.0816370377195467,-1.8276641289158875,-0.6631771095937827,3.966582437149741,-4.336792616065949,-0.0030424874328074253,1.0183476176086081,-1.330987921569097,0.7525256631608443,-0.31793744073586316,-1.907477108353476,2.5868443141656496,1.907264424339979,2.8125236124104234,-1.00297265696322,0.231799657313613,-0.8189811993662056,-0.958266616030113,0.6119485672465433,2.0434462203288133,-5.497330778417048,-0.06829503338050902,78.92,0
616,0.33262078478103885,0.4034890653935797,-0.979565314634551,4.3801868970175475,0.05262213001726112,-1.5650382304531953,0.9084364594667628,2.93032028549251,-0.524892565636485,1.9179793456771481,-2.278182997200529,3.6566761286901204,-0.8017891079510504,0.24382352181197275,0.904149594851582,1.569685680977757,0.09531966777538436,-2.414382431840061,-4.854832533097253,0.3621843221046941,-0.7608515418819666,1.8458013203719315,-2.1008241795228053,-3.8921509102994456,0.16014416491537442,0.10173720583992668,2.5380063939863433,-3.338828620117044,1.2145718124674865,160.66,0
617,-0.7859155628095085,-0.4571929001157443,0.7875534068050477,1.1593825049114321,-0.45876682966619275,2.500484016882637,-0.4572676297832057,-1.18096361784702,-0.11599872616058583,1.3955871790228969,1.520020784727956,1.5528758044919067,0.016914217176603973,0.9907233256039721,-1.0389734837147642,1.0254065707512867,1.9056647781495033,-1.0435603320888696,0.3936381590765671,-0.4903284443426062,-3.7507956656112227,-1.8381075650588399,-2.8188587901734548,-1.3534326002104766,-0.3842226148317383,-1.1399312719358956,2.4780897432057203,-8.096572803245275,0.06406898244276593,104.0,0
618,-1.3633062562376073,-0.7531462475542772,0.7267824785601718,-2.3988558977064884,1.2274610922795373,-5.012408320702677,0.9464699822147633,-0.34848970276917496,1.3033609029296576,-0.2716663156958413,0.09777299976947518,-2.050937116009118,-0.49327172113008283,-1.0353857924056014,-0.3610767652506475,0.1151548038377762,-2.28025384092964,-2.862684884752054,-0.04764255104519932,0.3348002911394412,0.4171600725046508,-0.33144645960836133,-1.905679176623599,2.728207194767423,0.20324187387844198,-0.7655580899100276,-2.433781271965456,-0.3810815658232864,0.18020194550298907,1.32,0
619,-1.0499135453695274,-0.8944598481265996,-1.1806260452951107,1.1213798082219733,0.3280097179834053,-4.236971577501373,2.2367548966432214,-0.30737031969723144,-0.5891435454843897,2.4287989528091396,0.07392793084472338,0.8241717483225677,-1.0440859358238408,-0.5441837917911092,-0.4949118732998493,0.9639512510547117,-1.1047153182255718,-2.3617790023038308,-2.7142199399587614,0.9412563966689189,-1.117439334771547,1.2439419249661245,-3.9314122184673828,-3.7351447909897906,0.33952994826365984,0.269235132886258,0.9199874936204799,-6.868072525703322,-1.6367497624558491,249.14,0
620,1.9249405131870565,-1.530579913676572,0.9342740176365468,-3.4425137496261935,-0.1371649108741167,-5.888821653841658,-1.3521085606020262,0.8259522089259458,-1.5587622531381418,0.7854573477212533,0.8793392348173498,0.38254889337656145,-1.3819627849870044,0.08831188726454908,-1.1353162812387732,-0.2617876736240963,0.060625524048122714,1.7120146083006547,2.4165904052375384,1.7497665058808303,-4.879377873454056,0.743009694050077,-2.4752879197122266,1.6466450699782853,0.7872736948162223,-0.30825662975338647,-0.6526122615851325,-7.283973390037059,-5.255294838077075,22.12,0
621,-1.0064125030588773,-2.447750969012065,1.452043595199184,-1.1572431356219965,-0.1264894569225528,9.278300142747268,0.3801698514502867,1.4059279034730616,-0.3623639558973486,-1.4154108208303149,1.7776021788108618,-2.9502323017636316,-0.23071089414176998,-1.3902176129939754,-0.9527465959689307,1.7339744484671626,3.0936107342319774,-0.7078887570463956,2.3404640574779205,-0.4105653221238096,4.204323208607803,0.7112192726828654,5.774352958087367,-3.7075582370027287,1.7072211849538592,0.8683043154274397,2.786787392771013,-3.1108272317418257,1.5985841116836523,78.85,0
622,1.746077518294195,-1.891231915455318,0.8017851843284858,3.025885216203872,0.8541996486128164,-3.472755277027008,-0.6239546368707785,-0.712777884827594,-0.07011414407803107,1.7103697280572552,-3.64582136002083,6.8563142899421035,-1.0063080055930869,0.09531603512359443,1.22638994392192,0.2076273980159083,-1.0672115471228647,-1.1737822144147283,0.5602068734901003,-0.1614471331698672,-0.9386368341645959,0.006547966636634446,-0.2814022586696206,4.6782292839580455,-0.23145221498765425,-1.3476847999474826,-1.0598130427298922,2.0643406623530893,0.4723220320412917,107.27,0
623,0.5242025730471778,-0.2319772100385572,-0.623914201844913,4.677302574801458,-1.5939125266840073,3.7063614204019855,-1.924111100513206,2.303784309217493,0.36939486101994184,-0.621260957882969,0.22137549424715386,4.209181499016585,-0.822002520114908,4.406955837829215,0.6819811693226466,1.0917634909166438,2.513016475847474,1.782164737523309,0.04236614146230633,-0.38789382493422025,-2.3743974319279886,0.5390941042551023,-2.2047485178570967,1.7236403638141282,-0.7260041032460013,-1.9541502403288409,2.216354793007398,1.1749348350206292,2.477761264675731,0.64,0
624,-0.9368930284616538,-3.09064550899942,-1.1544239502399065,-1.87747187141761,0.579509315637012,3.974135305961989,-1.5406533443740624,-0.9740935544852762,-0.342027200248056,-1.190254463013786,1.4393988627072782,-2.5099848759023757,0.8625665012473802,-0.13588653866986722,1.363834880203104,0.402345148424548,3.8453602068812667,-1.1192210646464664,0.8832050176611564,0.5491065048747981,1.1995718387492835,1.1416281734269462,2.6963129360966582,-1.3571653118362998,2.0248786093294457,-0.11833901627440958,0.7140172357546898,-5.68966360957538,0.8678986822187921,131.54,0
625,-0.37660474394153076,-1.4766919744356866,1.113695678385025,-1.1711090910983109,0.4152954812539195,3.1348827587448582,1.199390843683187,0.6505926199637431,0.23070615645769357,1.5836619005961325,0.5652329460173969,-1.1536064661747878,1.1132600646021393,-2.6182598596401294,-0.9987968750056726,-1.3520364270678293,-0.7742370798517729,-1.3891714471338812,1.7790102298916177,0.12090591508605468,2.8734542086280825,-0.26149246457602043,3.278253546448095,-1.9726199002277052,-0.6852633084704479,-0.08740170969117815,0.3162388339931713,-2.0051364502095694,-1.5277042654972686,10.99,0
626,0.055479918765380484,1.4362350109372248,-1.31172043291069,-3.5059362635732767,0.3238392663274503,4.647377320976596,-3.2350592634830906,-0.9656496396073002,-0.0790650194873722,-0.11968014529336013,3.7015252042613196,-5.961739295238704,0.4918781505788882,-1.747410358678382,-0.45731290655670426,0.15567538768838682,3.088499536751174,-1.77181262133921,-0.3648051547157859,1.1230803993406389,-2.870958023484494,-0.18949957639212914,-0.8341129479838061,-4.3081189967706575,-0.9965284166185597,0.24290254071125145,0.5896098324887326,-8.375596713295222,-1.4636347251623705,25.6,0
627,-1.1057802860597032,-4.895392152312674,0.5436808988766937,0.2944476378541384,0.9015179982381663,-0.5956496673628734,-1.3076900276665184,-1.2723050132619824,0.7934296597024786,2.3974987928738756,1.4862064647509294,2.532070820301215,1.0988707878439867,-1.4169590742821483,1.1630233029570363,1.7600825975384784,-1.1367727956439864,2.4358623270799185,-4.864864471867706,-0.49562767381072753,0.0921782044593712,0.8591727606739874,5.823192971475373,-2.7512776207839074,0.32989259738120824,0.40851606498776816,-0.42939585602917657,-7.207584393301491,1.3193550913945682,238.52,0
628,0.24552817205616823,2.125717119478986,-0.12799697521339518,-0.890854846227911,0.2563609837384655,4.580520161785148,-2.3072369647007096,-1.2093244677784134,-1.313272287252248,1.1483007798109368,-0.4027873601064923,-1.268852692955969,-0.7614555567638507,-1.1599831766529944,1.4588191358564693,-0.2314180612049924,0.5593334974474823,-3.4094093350467074,-1.811472979839154,0.6565060831752271,-1.422279098696571,0.30274379250504235,3.0961691043777892,-1.0699298232727885,0.5837293615218192,0.558558153281572,3.1456527054698054,-5.568296177754606,1.036551240809418,49.87,0
629,-1.5396256942059605,1.915471620626001,0.46078884826140104,1.515120245175679,0.8359699242722769,8.21688025504458,-1.9536837339561277,-1.0844706235787835,-0.6693662391187534,0.5459163320497757,-0.510659499301795,0.7801804955656669,-0.3933924379557356,0.9516572216506128,1.751409073748911,-0.0846708974996642,1.789580459156908,-1.8544543112147236,0.871869834586887,0.8967077783687035,-0.08245195622634716,-0.0053305733261247,2.9188122391863582,1.8684553801433366,0.9950175796158893,-1.194683468016552,2.3779113792090576,0.5306946322386535,2.9607773236616146,214.53,0
630,1.7984149791648192,3.9705274003350848,1.2100659331755932,4.1254679973120565,-0.2528800657783739,5.646556152287693,-0.9389984395828717,-0.8030424010642451,-0.3166834879634098,0.8831458816892851,-2.9615101732129183,3.26267220947597,-0.30638136416235745,-0.12423794470322191,0.5210038966049031,0.4040491665329693,1.1739539524086542,0.1490597918561537,-1.0970493898879614,-1.8494080058784057,0.7186989715249296,1.6545132808650334,2.0865762400895544,-0.1395983515023702,-2.4417069869024868,-0.8527678625699305,0.6208273808970419,7.540763324024496,2.7109778142571965,268.31,0
631,-1.7052889346140854,-2.1034348108241523,1.1053383380101165,0.9579045126008928,0.20262159585594974,2.437783406638779,0.1742676323976794,-1.0857423209669304,1.2996403743094707,-0.3606580063527701,0.1337878769498947,3.3762813954727453,-1.6154169442686626,-3.6076393408324505,-0.7310928325950681,-0.05691416341017614,1.856197827786406,4.287516705332183,-3.196425074075473,-0.7888432486005119,-0.059992854654344674,-0.5273532434602152,5.6129358789409745,-4.2470226595287635,1.3601120105068125,1.153033415512948,-1.4639734595359726,-1.1801673745666765,4.910400362484006,380.92,0
632,-0.27483237805722727,0.3324543443931187,-0.5412944891384287,2.6845825159031786,-0.9460400182515531,0.8685198537705232,-0.39527253857054667,-0.04917413002709046,-0.18173424485361891,0.4277577673839123,0.11449041286313688,2.2232258438538772,-0.22810468445151663,-0.288091282063638,0.047888782675214944,-0.28168832078912964,0.3257804582605386,-1.3764180425933232,-3.3193504073605244,1.3170586779673645,-2.6937127015807185,0.34253098972959317,-1.8011297098959387,-3.7920604917126757,2.163474853700142,0.3705020108280917,3.276565719775045,-5.4498978654356325,1.7370681985956127,26.37,0
633,1.321442740235342,2.32450025584796,-0.8451981140855563,-1.7273140479468272,0.5568683168289861,-1.3106542434105177,-0.17167535282291768,-0.7518936299033228,0.018093481560502625,0.7400170773211314,-1.6102250444831663,1.0717309833711743,1.420999164216819,0.3583581216145929,0.149917703057852,-1.1646102737259711,-2.52566783184932,-0.6460916129472554,1.988799327505025,1.2432291429623945,-1.001007558297926,2.2781086233855112,1.3655279897459927,8.586774434752915,-1.5194118760338073,-0.9877670867744672,-2.7841676140276954,5.215615904598617,2.1260821258353455,157.42,0
634,0.8813614866061223,-4.300652622754328,2.078156617110029,-1.425314947180329,-0.20367863457235547,-4.754379616944893,-1.4684418171540579,-0.8236431298556439,0.1455224922103618,-0.005301270062201047,-2.8404048256553645,4.915194105680897,-0.5357146329995497,0.8871821954955884,0.352750225258872,0.429088403610932,-2.1898600053381743,0.9203829722423208,4.846407869941288,0.44088101139447555,0.3887095459806468,-0.7149058470495814,3.679884653205499,10.54558814976474,-0.5749088287057034,0.2664460756186423,-2.4768217338334195,3.710971343946261,-1.027619602781634,37.74,0
635,2.2758558818768657,-0.6804823138665831,-0.8827684783389129,-0.937357080385255,0.3831961512084077,-2.0072048844924706,2.6756955810817415,-0.9021980869729431,0.6877667300112269,1.9569518936068304,1.338633197594978,-1.4333626935472579,-1.8777248639102067,0.7619298375432274,2.111057978634891,-0.4294639895276082,-1.532829322000035,-4.4306979988890145,2.5054504384215575,-0.8749650166801699,-0.036122861749801616,0.9525147585958975,-5.251476290501902,3.6640156353993967,0.7583887130111439,0.8298197674916881,-1.9177339799990216,-2.689083964818476,-0.2731587535300882,40.65,0
636,-1.0969280916615103,-0.40273201656254304,1.6447816462163891,-2.0505671686610945,-1.9988375325992198,-7.244768570432444,2.2141437776610875,0.23201308840802834,-0.006764593656490827,1.8864969234187523,-0.39942196567234134,-0.4090676421335556,0.9561734355606442,-0.30912838472456516,-0.5371064154133834,-1.0271644596879284,-4.5024515855864475,-1.5485548207309852,-0.8075748521553624,1.3253722587901913,-0.07451742595731559,1.3142818430295244,-1.3588333361586418,2.858641515372113,-0.18821758401900646,0.8070605622085191,-1.6093896803450156,-1.6096875603645353,-1.7290797634464496,52.21,0
637,-0.10533812279152627,1.666855918872867,0.4478218764980041,0.02853708138243305,0.652535696352195,1.9696511330000261,0.8112676850465913,-0.2126728566895177,2.566941237529476,0.3889579795198025,-0.30525371796959677,1.3605189422642028,-2.019285517078612,-2.3048232372139816,-2.089233473843379,-0.2874090098257076,-0.9436993487405716,0.6984761505122089,1.8138102496460462,1.0261424032359665,-0.4500149276954776,2.709276648471036,0.8006071227065129,0.9738662707751201,-0.20995507673205693,0.875228629163064,-1.3505309301508435,3.534059512416166,1.238008849919262,58.61,0
638,-1.4126820670069118,3.15132472014352,0.205960716209084,-2.8959668615957312,-0.5530450077169359,8.941719184847624,-2.4508098608288518,-0.9519288476762531,-0.5972653732735059,1.655110760271278,2.302499022523322,-4.869825988755127,1.7441681361472945,-3.7040376845436325,1.0581056179960362,0.35484015557029747,5.467053436953539,-3.5516864464164812,-2.466698563382892,1.8149259100865125,-4.249759828017948,0.7802224746014357,1.7451385414078184,-9.729957379123812,0.300416099551269,-0.69622838037218,4.904049754753333,-16.44164522676113,-0.5032575385555677,144.55,0
639,0.020029748824347503,-0.26717306539947916,1.2849797147621682,2.4140465836759226,0.6739651517100497,-4.321515690960293,-3.1784732215134466,-0.9084643375227769,-0.4804202194034942,-2.72897189376113,1.109149553579325,-1.901543471777863,-0.15592609748290798,1.4045442049865802,0.3791236330692372,-0.5327010875549777,-1.1071392378729739,-1.208724626209217,-5.616010326519958,-1.5475310822744464,-0.3219439380858692,-1.316569792887215,-4.794183427778733,-2.5099810268986182,-1.5179491149467033,0.7400783657052865,-0.3331039671450241,2.834207507531501,0.6047551171361556,137.94,0
640,1.8262204784611338,1.4872670765338922,-2.7751884611081024,-0.5258041144112712,0.6105283942093266,6.3571915502749485,-1.8738919785291852,1.9359140507224122,-0.7676701543048088,0.9719398676966209,0.7033932988313095,-0.9553599351742861,1.7924508231385923,-2.0307424555541718,-0.028366504429595287,-1.1491833674036658,2.624139816965762,-0.5967206900961579,0.6068649126550557,0.684083978776116,-0.6646919135296037,-0.6272574628615696,2.2092390252397704,-1.2580458397335754,0.1626344699001771,-0.9076577082414645,-0.8443824392800329,-1.0687623307247722,1.265313352215413,104.33,0
641,-0.1553729882179987,1.9678019887069476,1.614729303006885,0.9412050802995983,0.6834172312388914,8.630159606603984,-3.370489583718194,1.2981939116966108,-0.6015115147698592,-0.3537957025093713,1.3816923908342655,-1.9788420642452522,-0.6809668359129796,1.679991015649957,0.5228712669142984,-0.7621051933876727,0.42261666731850545,0.08135860972031628,2.4804876561891445,-0.8712089790330124,2.4245997141846822,1.6181067830476878,2.546843753928575,4.419031884506806,-0.029478115021937257,-1.6018552938847763,-1.7396779557920938,9.392209987701957,1.7642679091697429,158.9,1
642,-0.7621584630262199,-0.5502335347396271,-0.3516742428437714,1.3097377029691908,0.6061496997584691,7.588949127146981,-2.2911226990233597,1.3583571664306051,-1.537503218234725,-0.7085449573304531,4.01199281654061,-2.271418807001264,1.9473042288896751,1.179388072540311,-0.0555905231992714,0.36309843266103875,4.854030015213048,-0.2699769260884187,-1.7915477395236699,1.1219504919152248,-1.968462767039329,1.0634357218674595,-1.618536566817125,-4.9474982880447005,-1.47561274638294,-2.3092040214088487,1.8714653334480553,-6.908684375313194,2.7552892914734968,321.32,0
643,1.353612109546766,1.1502015913382493,-1.1550756209601392,1.6530909890074557,1.0122459076529051,-1.3432870568698194,1.545087683295613,0.23457001993653365,0.7858464131561501,-0.25947651766927093,1.603650176308364,-0.9709627834401989,-0.03753880137224185,-1.2540505577695666,-1.074498389658808,1.0203818741776796,1.2206799363513796,3.9219302049532145,-2.523993951834882,-0.3297431588698678,0.1604268464744888,0.6010827381077641,-3.516486357331984,-7.172611145668171,-0.6484466533719213,0.00030496426228980426,-2.406546831773909,2.889740480009634,-1.1577967665009936,95.64,0
644,-0.2810782435201214,0.49093961384768325,-0.13750874443077665,-3.368847217576515,0.9687345734217893,-2.1291021632330023,1.8266052981470482,1.5007363826579414,-0.03156171263228887,-1.383730888691204,2.268360367025464,-4.848586937967798,-1.0939892059513625,-0.8296027445821668,-0.9559819161112457,0.9278136785720363,-2.818839372467589,-2.3408269185201513,1.4613734360777393,-1.6930728538314095,1.4274761580109296,-0.8109332246388214,-2.3546490481373925,3.5306476695582867,-0.38409091821079866,0.3085902189498734,-3.3569990747771965,2.85646896535752,1.6644480776606714,34.52,0
645,-1.9385268369397537,1.6192070307997541,0.5422593912485507,-0.2668533858622816,1.3772639038132337,5.90782356240949,0.3763045782789244,-0.5740647135680381,-0.7922540927747564,2.6235135766396387,-0.9387356275122802,-0.7970902004867728,-0.03496069615338034,-4.703737083950087,0.0612527103403872,-1.69842690923735,1.543701340519874,-6.103234426262173,-4.207990577699165,1.289593619624759,-0.5839948363564111,-1.8364888385704266,3.7808468520592524,-6.457138694365137,-1.2998744073684523,0.5963335838654739,3.8387965998576847,-11.2110860070253,3.2919670322308354,57.96,0
646,-0.7042945694842044,-0.840318993023231,0.359521062140472,-0.1914985180754415,0.2932713754434303,-4.9927973847346605,2.148683639967611,-1.7356308758550187,-0.33342370828241286,1.2269375004227927,-1.0639974776031005,2.4787310551403983,-0.4002229523995679,-2.0779193950105284,-2.44152857091847,-0.591374223391938,-3.0703824691278814,0.13574382302770338,-0.35969579173627886,-0.8070880597375816,-0.7233176141531755,0.3842319165190897,-0.4082132149125139,-0.3998075856932441,-1.7313068096727535,0.5571024469361402,-0.18981038521742988,-1.5927572810188366,-1.2878070622389082,148.83,0
647,1.1903614197520662,5.51118267222598,-1.243673114188842,-1.2670921750877766,0.2745139874932834,6.449923760051956,0.3128090801026756,-0.8511147868343866,-0.35975501660563197,4.593552897163191,-3.4452269995735536,0.5819428362022099,0.63695253999487,-4.709188892098919,-0.2913320061249465,0.47039274200915654,0.9543091625501061,-5.35404518204983,-2.4478260520986925,0.4644876055772338,-2.442672248869005,-1.2222257195919537,5.754551553727161,-4.437355691117511,-0.18292329841259092,-0.28279321010932484,5.312492773681594,-10.50280660739643,0.66625666687124,132.68,0
648,-0.4901909062286882,1.5647836076093,1.770957553347745,3.794521114365295,1.3427769644230034,7.284377549528627,-1.6839181845267932,-0.8984904867728449,-1.1111237664157756,1.9691840647363654,-1.6630676388835415,0.8850545349138058,1.4316359869379698,-2.016427872861657,-0.05255416192019341,1.153327763396889,2.0173167706087574,-6.390313000385858,-5.642453523640143,-0.5793053085790432,0.7526493773771542,-0.2707864969790631,2.345231042465864,-4.930486450601392,-0.2705053040961747,0.908090298262139,3.4225899311361765,-4.744602686849174,4.875362846824098,94.73,0
649,1.5107316515392135,-3.305757161820987,-1.921013138823256,-0.6535981472006464,-0.6034378344886075,-3.5783746100747917,1.4602425449723415,-0.6500937553086553,-0.9612514874510678,-0.7991287281998308,-1.5125103575226135,4.2510898438772085,0.6559191396588365,-1.4597445356954337,-2.0097333668687174,-0.5490544311588659,-1.391691726767506,3.551455347561959,4.094804504015324,-1.2923033749284512,1.211485976848235,-0.4519361380059906,2.4238166598179576,4.936963204378942,1.5287788357103074,0.264824242464778,-3.7012782406968117,5.825537022290872,0.29102817521524016,28.14,0
650,-1.4240736426670852,-1.4846920449336487,0.8123429504513578,-2.451640205212175,1.1221497428546585,-1.6934193112174334,-1.9798247723423565,-0.6767910418308728,0.9396243162021677,-1.3819024995748004,-0.10001730001528653,0.5556665544796271,-1.892113485905856,-2.464309676657611,-2.239747187687283,0.765236753779399,-2.20053725662417,0.17977504695483504,1.112507452272659,0.7281837130895294,-0.7746467515833361,1.793671432639444,3.1533899968184893,3.5547265441510074,0.4408848014416472,-1.970005356446032,-1.4059590844352163,0.9578210153239035,0.8974070033155095,296.74,0
651,0.5503804701530215,-1.9434541255202564,0.5197333059950014,-0.3215974558220085,1.0829568290406753,3.75131595234094,1.7118608647094393,1.6748016779357304,0.11426523006332008,1.9716839329209406,-0.022634239667754685,-0.6757402061212131,-1.244362484149788,-2.994567154902032,1.2633640849509191,0.8074191823824282,-1.0630973532205958,-6.1248747933262235,5.5026233009617656,0.6333012362556484,2.9368547760583934,1.1442051586579316,-0.6374084529415793,-0.44834561491821157,0.7941159345735455,-1.684224797530156,1.4623043489433898,-2.8779247352889934,-3.231447543944419,54.1,0
652,-1.6292090390800535,-0.5518800313621649,0.8317331383481771,0.6684056482532693,-0.3456536566056691,-4.36217209120159,-0.587409458973216,0.03796372821063529,1.4989584626675316,-0.0679756069737587,-3.2416936997964356,3.6870516684067245,-0.19048569780510585,-0.02352586293984904,0.9328388923622372,0.07236038990838448,-2.3413562126527188,-0.24682368033894386,1.2002080058374105,-0.28086924579765843,0.2511311639692101,0.14405223152649677,0.8265009947253243,5.331389687006758,0.7718504858067948,0.3440001063050359,-1.3160233935872618,5.409578719063785,-0.4096631070298261,275.15,0
653,-2.007303899675303,0.17791480177455332,-0.026899852489384587,-0.6399255694471483,-1.264337301762357,0.9696804164590094,-1.1333927649542512,0.4053541693291353,0.05737555380698128,1.4486179569258892,-1.3271574580282843,0.917503495745571,0.168692744809392,-1.1303486030367007,0.6080926239670689,0.09743628697865848,0.2083321012412226,-1.1600662920000175,-0.347382962940027,0.3276392367214207,-0.4735285380187101,-1.1385807337343827,2.8463664330741287,0.5672328860355904,0.24822550741034183,-1.7478845946618555,0.5045139246824075,-2.4706503773212503,-0.24376198508304736,57.45,0
654,0.0021255421579162827,1.2179925866795216,-0.7660884247427251,-3.508236048627772,1.1643474950402564,-5.608890820431286,0.15472659845497128,0.9769289028134742,-1.2624506050086648,-1.0138338543718133,-0.31183782223438905,-0.4804734293455418,1.1624869505796394,1.5201239124506167,-1.3225379316172075,-0.8109408053447048,-5.313687099477838,0.2997978952150083,0.7228897632383207,0.010943114783474185,-1.1328330397770494,0.16978511645475586,1.253457288358376,10.578991385143699,-1.1939711830259199,0.4673795697267886,-2.8187852426557285,5.054511928486706,2.832473484990295,145.47,0
655,-0.7465207393525012,-2.305637779438396,-0.17559613466295235,-0.3127111636618095,2.2051873001591,4.785655263772501,0.996455297398694,-1.6176638046330563,-0.09142036196912011,2.080343753428691,1.4373853138463581,-0.014218088648296231,1.8128902199409256,0.859474545054823,0.9908028561228497,-0.4007357986163498,0.5796094673002669,-1.630664979918393,2.3238315730925323,-0.3962353100691686,1.4185916914367782,-0.8128104895617866,2.1632550754447,1.5530174374359538,0.23837740484116443,-2.2537564153607175,0.9813469389713415,-4.690719005053058,0.702502580297977,113.33,0
656,2.5874412287774575,-2.578076930110253,0.5053339438740322,-0.9075493248013297,0.001734935873873215,-3.440855846748635,0.3054062070377639,1.4578705679514758,0.036152527925827134,4.6084006684822985,0.2502399795736058,1.6269029142902174,-0.9191977673777834,-0.23328747271458683,0.27202689662882695,0.28922194091661935,-3.828086070887429,-3.5834115661044814,0.077689685031465,-0.06029851553437441,-0.3455403165170222,-0.13397847400879806,-0.07050855806137701,5.556499981579022,0.5096672754635975,-1.1758597705872447,-2.789129989373726,-4.339881292906329,-0.6658440733565397,29.29,0
657,-1.445378337061279,-2.0833619218010324,-0.5057148615599742,-2.6611143778935142,0.20367884105181633,-3.565272498297917,-1.5984533265901222,0.10022522956956723,-0.4718105215363534,-0.04648237856342785,0.26409019099741693,0.04315249588541576,0.526245044239599,1.1066101473498597,-0.24588476223327474,-0.0979018359244179,-3.0948077455472274,-1.0193294429464768,-0.11189760139612714,0.01755783758328193,-1.0445550802274703,0.4421599888517731,2.367300300435317,6.426065793673225,0.4589389549645806,-0.6366592465699283,-0.3512457733556288,-2.5550227996024066,0.8454973060940204,96.29,0
658,-0.29476407422553264,-3.3147367559588115,-0.19861572287846402,5.101558017152256,-0.6582222437501886,-2.270906359522496,0.41757670975838235,-0.015113590085947844,0.6917051136079876,-0.8695351147859761,-0.9760483784561926,5.793517871127253,-1.0025419620049292,1.7260631792682855,1.3537098399765113,1.4746939853456824,0.2038402678367277,1.4935944564201784,-0.8199248523833307,0.0011609867208726128,0.4753711387339953,1.57861539047863,-2.6492234366007934,1.5384235119335194,0.814322851407777,-0.9872492320322136,-1.465639428651229,4.763400545099714,3.0228373884109745,220.5,0
659,-0.8830551216083591,-4.531802573450092,1.3046027033473253,1.2292315273056094,-0.5270169873833069,2.917065701537532,3.235211415092307,1.9746523622218093,-0.032838350655947084,1.3104476075637455,2.136935870567326,1.0691738772000998,1.276694199339649,-5.379643893999066,1.037806941527105,-0.04883939112607021,-0.7842427423916908,-2.7006983603156955,2.2143853797200737,1.4493091228686754,2.2950672055237864,0.17104406892415022,-0.8543842401962285,-6.8073448474883005,-0.7727388029500236,1.124176785112353,0.8599902929994866,-5.902070752146772,-0.901023483107095,36.14,0
660,-0.37658887481751024,0.21469438237875538,-1.3613578712477037,-2.024709834200141,-0.8261699543891778,-3.9658284923663283,1.877482984094062,-0.16374274729121518,0.6870410918886385,-0.4772415225060199,-1.4138142074990792,0.40844919524711626,-1.1121773983962906,-1.3594737284085407,0.8673995414892665,1.6123906221575592,-2.8379863125196514,1.4155901866101983,-1.2646577148760474,-0.11321729762476908,0.8526404408236905,0.24041121366865606,3.5022678906521967,1.6120613484465172,0.42540862941858476,-0.1275013186783045,-0.6740690579772508,1.586632187268783,1.3664892933282138,128.04,0
661,0.44024803021039804,1.9290091678451433,1.1074992401181563,3.593388410623938,0.09171894974836545,8.812733283940474,2.1112844974728193,2.1719932094942913,0.4760108000656256,2.428307778425779,-0.02335154649245852,2.313541881591018,1.305645561840047,-0.1946647111989508,-1.3068213411611485,1.7582721578752782,2.7565805057639503,-2.922467877472087,-2.3976981116074416,-1.7772637986896467,-1.3611654483437587,-0.35370504225558225,0.794831817264533,-5.374948883474368,-0.18784282006379097,-0.8233495383626361,5.715058530650074,-8.562191590583192,4.562726796800337,72.89,0
662,-1.9835756781146474,-0.21668695582053232,-0.2959275402087635,3.1327131988495895,-1.3313494413752138,1.4699269288115198,0.14840843369811807,-0.23436602171943766,0.4833206786258894,4.149492296818406,-0.26322346560286314,2.8919859139394237,-1.2606441159886557,0.015989758662120823,0.6957197008450764,-0.7680703554643681,1.730576102895752,-3.850232937925207,-2.9191413454696273,0.6460809376377294,-3.093461738423658,-0.5660097285200234,-3.1591991298742648,-4.2482093968919425,-0.2197437480218142,0.4673311296456491,2.9421596139085606,-10.864080773780538,-0.3744473994371039,33.29,0
663,1.4225951977899767,2.4195170085883695,-0.9436017159193308,-0.1786428361882021,2.022212562972086,4.4992371842939844,-2.331003162321204,-0.12265510030761952,-1.0374416964083255,0.13911561799816008,-0.3847589709167635,0.6684626520787949,-1.1711676678012368,0.48152169635114006,1.853834157502221,-2.756462797090711,0.7985811265841143,2.571298108817189,2.1581057511301993,1.2530637269289127,-0.7922351506760316,-0.818524805650065,3.05936306199351,2.5516406473156947,0.5265477791536803,0.48689481116196437,-0.27629208607152556,4.641115471785366,-0.290140268193645,33.92,0
664,-0.025675260354486758,-3.2114237647407946,1.060828686985884,-0.4009468320530784,1.3070354319548776,-1.1611616871964179,2.498663483290839,0.010697207125230437,-0.008076536478369603,0.3836661127776234,3.2202453266581537,-1.2313206699464663,0.07226790976889787,-0.8570149127711606,-0.6189081246215511,0.9182308804777409,0.39500110439674196,-2.5642310075723653,1.389958571321075,-1.5314149822432306,-0.7609962531873206,0.9509221185211658,-5.52200050852345,-2.0503194894467662,-0.21710574702177146,-1.2779131065564704,-0.8255049916800219,-7.061529611497016,0.09424787707495419,65.21,0
665,-1.0067330625183881,2.0021780989877405,1.9059045545294448,0.5634120152671965,-0.3808517712764529,2.353632853374528,0.595376502727397,0.892102040446999,-2.2628099626907923,2.3541659678478504,-0.2531510793406663,2.3868996269550955,-0.3162075352628274,-2.2411482631971724,-1.2581467281819911,0.09112102933352002,-2.008674758081253,-1.0333190542520714,2.537730444561841,0.6915147064321684,-0.9244953737902345,0.8763711898340235,-0.3397076166351408,4.621260970611388,1.0640832727255365,2.0392020447224484,-3.699897788641808,4.912786282206344,2.2363611287468985,129.68,0
666,0.7034545444193161,0.24892210810021964,-0.9265237663409348,-2.481858705883176,0.10512109653044063,-0.5773691858134444,-1.626985098092259,0.629718724118924,-0.18478083264279324,0.022550372682008102,0.8232936165391065,-1.6675199085913495,0.3692484433509569,1.388245077545354,-0.9281862007635379,0.5952383640551641,-1.6865885122315336,-1.1813252079680385,2.6302831686818853,0.2676210525626648,-1.1464164050811738,-0.09042410067529387,-0.14344805364408228,5.190171927162884,0.7003291706062024,0.11360202597788406,-0.022250152145050772,-0.45794180526889045,-1.6828838967130748,118.88,0
667,0.7356085703155483,-2.0526088865219454,-0.28063747931345684,-0.11557242466039108,-1.363465016185462,1.8527695189959943,-0.699521810155635,-1.172411607833743,-0.18268976668132056,-0.1857391789628534,2.2742215845191804,0.9892092703100746,-2.463684123905563,-1.5333162862321164,1.1818964527719358,0.21553197979408253,0.0014032230679792423,0.01615955907542932,1.0769281740942667,0.5306351637445099,-1.4355298992343344,-0.14513458302134166,-0.4445688160462086,1.4501315039655889,-0.2774485093509754,1.1900387532070433,-2.1465146022730894,-1.3794935695777861,2.8702810219452264,132.85,0
668,-0.18847681889449142,3.023735580660226,-0.5351642671676378,2.1454001462562187,0.13292846482750106,4.334227345679468,-0.1314308425824393,-0.014970418030954094,0.28347660401898234,1.6699915315856297,-1.646995699977384,1.2555016131531807,1.6904526695858395,-0.36721903485537954,0.8483172197046055,-0.07728950014938255,1.8134373293163915,-1.9841864338695783,-2.382270201178532,-0.8371063267469117,-1.1557070872116098,-1.1704617092886238,0.8424324353781943,-3.3471534996048344,0.4814953205671245,-1.4288661504496623,3.305289512901417,-3.1874675159820804,1.3669868926826314,12.27,1
669,1.5837175456395398,1.5067442578954031,-1.5449093695931155,-0.5833196952888019,0.041385762307114264,1.2632578487637047,-1.84386982750669,0.5864531303336101,1.312549194340226,0.5739136145639508,-0.042345395791901885,-1.970937979085671,-2.259386257904186,-2.7994873834555065,0.34413370482806543,0.6235995270520134,3.600653823966888,-1.5939977112800805,-4.158596762000941,0.19627233844086328,-2.1229511554402554,0.751090543003633,-0.1675832885275031,-7.030477956110023,-0.15237749727117703,0.32876685144105805,0.644353738016314,-7.049244395926823,-0.11147936929816737,232.77,0
670,-0.1875038837287729,-0.8912709710676768,-2.8941850575715837,3.9195884531955256,0.2748930089109721,3.192077960278204,1.3272177207030462,-0.24967296780826237,-0.6123998596057125,1.6501113436159818,0.9151671710982977,1.366291030187236,1.1927690016470966,-0.27742838108334333,-1.066653368918774,-0.1371005223902222,1.2499384829537261,-1.9177895556324573,-4.6846956927924355,1.7946889471625493,0.5040964654083281,-0.16168910802506112,-1.1082621981641996,-5.836748881611834,-0.5810673000600238,0.9955185771629596,1.780256506446042,-4.960211228593591,3.474335285862901,169.18,0
671,-1.4758537227364112,-2.2070619348644787,-2.0126753139890714,-0.4058281506955138,0.39215435790883607,-2.473121638939945,3.122482978717362,-0.7698459035736699,-0.20553766491716777,0.6862557307710507,0.11573527684354001,0.8758214284498751,-1.2032687896440464,-4.393877179272281,-0.24354225037065066,-0.38275611156756123,-3.1247863800883082,0.7301593791509816,-1.5900179436161754,-0.2335969356589826,2.0614266932414176,-1.2855551671918546,2.598299949872226,-5.332832125004077,-0.5085829789129973,-0.8745485241490512,0.5363123319194237,-2.4942953367726566,-0.7759213279867546,107.68,0
672,0.7621815831989261,0.9494673849685477,-0.39729841154320267,-1.2895622687019246,0.16951975773660913,-0.9786386923935756,0.5644366986358086,-0.04292198836098835,-0.38372954528492986,-0.29149385707290965,-0.43581921230581877,-0.09998969624509299,1.161532901211637,-3.825027886531016,-2.352437445629478,0.2385626729294424,-0.35719105665483986,1.5113219469238581,-1.8495999882620753,-2.4606186222227313,0.672588127017945,-1.1549842001826665,2.434859106506065,0.2581784284765332,-0.194438127235645,-1.3511062042138016,-5.260169333334863,4.878830258951917,3.8921923339881217,10.66,0
673,1.1103071757481227,0.7116800749571944,1.0311304346805235,-3.0673007324916717,0.6004330767310017,-1.7217878456522262,-0.012172130861949126,1.2160517252284404,-0.39328413661381123,0.43334477002466165,-1.1008744673889077,-1.1185079106667923,0.8759903825792899,1.7354185569350173,-1.402000623428112,-0.3906403152194575,-2.394216429715701,-2.8941826790576823,3.4503076016082033,0.4683579229637297,0.029418320440214307,-0.7469903782071803,0.8099616217141152,8.616971977713304,-1.3047857514585275,0.12996187156911543,-0.4133446012562862,0.9769930361100593,-0.361377700584011,83.02,0
674,-0.5342620226721879,-0.7771783092501873,-0.6820218148640513,-3.7232443616812083,-0.8197313564388596,0.20108894026722254,-3.685713993369731,-0.08412958314923621,0.6563853008413225,-2.826412826455435,2.835501843208823,-6.92789698050337,1.2053695557844908,-2.8042087110319445,1.4928318913651575,0.7207272382960683,1.954506124752267,-0.19061909094294782,-3.2639541508842487,2.3464013239933985,0.6899507688265415,-1.572750405691489,1.4297237489044141,-5.403343591577835,0.6025353655868659,0.20015166480742466,-1.7454827281742062,-2.636785514251124,-0.5809302908802959,175.3,0
675,0.2521921506980921,1.0608176227975723,1.1425228195041448,-1.0770895336439312,-0.9288824584101658,-6.863007405229554,4.921289248130852,1.4254059323729322,0.8966012948530571,3.34374036645032,0.8856229434660311,-2.8416440542339094,0.5335199931423965,-2.2564478537209776,-0.2407321617440756,0.32996992499018646,-3.4821652489732786,-6.72209392596421,1.7295816903967922,0.6764281053209221,0.35938985674444146,1.8644136638599977,-10.244037975411015,1.0891307794063234,-0.6689944324397042,-0.8584916002454605,-5.168567945015487,-0.5657950731459989,-2.6167140903190322,116.92,0
676,0.2698236323771812,1.1341040060763596,-0.4389507704988207,-2.586059170446414,-1.1429671986454508,-7.720553473618429,-0.5852445995969712,-0.567588354984749,-1.1770203880226942,2.3750853351867396,-0.9595192596369245,0.7880617788766706,-1.2492969257351465,1.8449099938402385,-0.20639905744054216,0.1209954343635004,-5.970048227229025,-0.2887085367125174,-0.9835682392846997,-1.3272840378781467,-2.1219276705393812,0.24333956526416234,0.42671696552856114,9.189989873077009,0.17790625950620062,0.3075529177284476,-2.7082744847025224,1.517693547800651,-0.791456077129692,360.91,0
677,2.0551927425907137,-0.0001732539346784856,0.02464156663794665,1.277749908742316,-0.7237887891138806,5.696804446796685,3.7052004128144578,-0.7997401481499686,-0.2834759915543116,2.7671923177799456,-1.814058614792716,1.7540672125841694,-0.10223420988301203,-2.547178225872445,-0.7198135509932705,0.4017256377261605,2.337186414730178,-2.399766573868005,2.933361758754768,-0.4594603903752102,2.8426930553715524,-0.37098070946534056,1.9217547355757585,-2.825042070067718,-0.7405815402049029,-0.8748412772332184,0.8970313920366643,-1.824752903267521,0.21391940018475986,125.42,0
678,-0.6626433938280276,4.242982565751029,0.7123833448664562,3.4491509039325723,0.646870464896778,7.955007762419825,-1.6178765975372833,-0.041679778129414556,-0.9529688335074052,2.173438661006677,-2.0538889644086193,2.4464481778096085,-0.7876615918104071,-0.2599095600627671,2.003311880382046,-0.327327440521436,1.3470874152765668,-1.3736844236781511,-1.2547729565303833,-1.0819458791789647,-0.3817545926071707,-1.7547584182762586,2.685853201059039,-0.7526841900016972,2.1380552116340046,-0.15843664412723335,2.1585096996244384,2.6726037858346117,2.356718983068935,121.52,0
679,-0.8270375650347882,-1.326457350458611,-1.357824006633294,-0.6866990426804644,0.5548187148389204,4.279087148087469,0.15213557282878976,-0.3501281715175616,-0.2849695087881883,1.01109983291351,1.056561202097224,-1.4530618409391667,0.6221409737006393,-2.4323616092579816,0.44194438380837825,-0.4458294809755354,1.3982989255219773,-4.619828943911748,4.520704644634922,0.5523771930093442,1.1187315710700936,0.6039309286803327,-1.8160511727383328,0.17106759833130245,-0.6806964191617907,0.003962181121075194,-1.064804083305906,-2.1704171178182055,-0.9830829245384022,54.97,0
680,-1.0921199097223964,1.0474378199694423,0.11054911955213079,2.087385435574322,-0.04662476521466915,0.15067572076138708,0.9262175174681665,0.10760343622295077,1.0828414339163912,0.2445722313168054,-1.406283913944955,2.909633211385636,-1.477772107753317,0.017603103147091903,-0.3069940458834018,0.5847253470359405,-0.2736618548081867,3.163009363899856,-0.2835744341644124,-1.3449866686084093,0.6177067043931027,-0.6085918055692785,1.160607169962133,-0.14828099747540283,0.27359457326167763,-1.47314587664653,-0.8445997724400128,5.622717194318252,0.7181924789168808,173.01,0
681,-1.5681185898807923,-3.920567410015236,-0.7695025565184669,-2.380912042741538,0.24215240732251037,5.2428518323262745,-0.5855957782890889,1.0918135336544557,0.6224273795277628,0.11565878648429928,2.8490448171244633,-4.136977637297917,0.9631323620651993,3.1789818922579793,0.2936811899596176,0.18310139188287933,1.990467793179966,-5.687994643493016,4.799351104831243,-0.9968741191528923,1.8601861869231324,2.2662282864197185,-0.38695219370457856,4.089646322979461,-0.7091465899615225,-0.35695820222632485,2.373979710898701,-8.145716877306034,-0.43667919830918345,150.01,0
682,-0.5711700164371942,-1.2175669599020984,-0.7607338467770106,3.217671177636186,-0.3165457032097422,-2.668259276117096,1.5166702895968367,0.8348357375846623,-1.8896977865979003,2.0067419286305124,-4.604049158621081,5.463553183711865,0.2523982066520493,-2.7933551839434667,0.21960168181354867,0.02123306577582116,-3.0225104256346893,-0.8139610966931888,-1.3770145359298145,-1.1384625911543043,4.2056819060589135,-0.16283403955110465,3.6996637462029733,1.8189768793350172,-0.20906398167250848,-1.2826966226103667,-2.91993593947952,8.439496505425621,1.5132142176295766,225.21,0
683,-0.7138541602930133,-2.2086182774225835,0.3132512598017035,0.9708510674712344,0.2643014140759551,8.15151782661436,-0.2069752759118083,-0.7399237285155085,-0.27585271463774547,1.4336993942503757,2.7692719668264165,-1.832411432168276,-0.8111440147504635,-2.7831409615347895,-0.11908584242731844,-2.2106995273905556,3.389710808074079,-1.0935699036654865,-0.32342497004078596,-1.460150262066399,2.640723791807527,0.2551230881234501,1.9521502205267023,-6.2148931415092665,2.368393468235372,0.2973525428275529,-0.9459651347090725,-3.6595657834576794,1.3306138843858795,12.44,0
684,0.7693867580375736,-1.6864129442138593,1.7524240039160388,-1.8295344932663387,-0.09735099429059582,-1.316724996323804,-0.8166310014666412,0.4832904964290231,1.475133657032921,0.6002122635150241,-0.03553206380767637,0.86409566023057,0.05867060336963758,-0.20480185481878355,-1.4960954913944449,-3.4950452224886055,-3.8023241419195313,0.5962410967891288,-0.12267002859053477,-1.0166743760211148,0.5028190653491591,0.9873257354530744,5.05492410532667,3.9220320563653934,-0.36350024436550565,0.9107009710246312,0.4851307234987986,-0.6973411687637924,0.19316345320481465,22.75,0
685,0.5578630298876143,-1.6096648277768049,2.1981395194794824,-2.67057913392222,-0.4049186907034995,-5.41944026756045,2.439940475604806,0.6695876908981782,0.953695132635774,-0.6837138675028779,3.1597360844140017,-2.961043311436333,0.1164519777073494,0.4334023337947105,-0.23191840485901827,0.06990665445882359,-4.3796410539783315,-1.6963721116816828,0.831071869053631,-1.982626328199508,-0.528376042164525,-1.2928092899281622,-4.29296647096958,2.6471669844818075,0.5191306469494293,-2.225377956905714,-1.0761210441590552,-2.6767225049695202,-0.19169251164927903,17.51,0
686,-0.083910898784003,3.5053242667862494,0.043184176216772716,-1.0991309746930202,0.14727985576747896,5.000955129384091,-3.001995875807589,-1.0573045875313134,-0.2550217387812019,-0.288190993906417,-1.8258690256406662,-3.3503316943684642,0.050707253863674355,-1.663883866595647,0.08688513987781159,1.1258321790117507,-1.0758443838919458,-1.5289956939809044,0.027076409298315673,0.23779736313905933,4.51812808737884,-0.1580940368591912,6.075565512736042,2.733969934628776,0.861418359876257,-0.030212726784283335,-2.2810841696619906,10.990168412427284,0.6918914229732717,169.9,0
687,0.32394278071826993,0.042629808901632926,0.9353498192747322,-2.4199418171488714,1.1379101748045837,3.1373789701401953,0.4012449015057185,1.887166061671248,0.13008693626173806,1.2073956913023873,0.3525420180876404,-2.7872628682750045,-0.04122074336811748,1.1826709129249742,-0.6405142243559804,0.4198746227917677,-0.5809281805558988,-2.978805027682045,4.233713269937926,2.1270045388929955,2.0949252839176915,-1.1769632050593244,1.5716063945053313,3.9623430951803345,-0.3303634624936311,1.1380970941104478,0.9065742377543667,-0.9827846202724532,-2.0447908687766296,254.8,0
688,2.5893897173890488,-0.1239593301079921,-1.0011375578851496,-1.8158836749150127,-0.7071886792934604,1.3081225049308953,-2.8313381787419822,1.1501286783936322,-0.5335453373840537,1.2941374632449656,1.060932820758846,-3.301065076857061,1.6003972988892943,-0.4769710188124256,1.7839186066074848,-0.004252096719942134,1.9562598124455755,-4.092401028753157,-1.733451463470706,1.4103123065906453,-1.5642201367770887,-1.460285906058812,-0.5951398306673926,-1.9316009615065015,0.07468163945423903,0.14468613052503645,0.9054329194589823,-8.455721703446253,-1.4681744196359112,19.94,0
689,-0.6773622287217693,-2.023152411051265,-0.3877609228162241,2.1657301441550962,0.2385575315418043,-6.5150753345155,2.276399155240322,1.2882104710660833,0.6973874787119347,2.009824845641092,-2.442923515088646,2.731540352133389,-0.8777773064358103,-2.1579137744849177,-0.7256676028830206,-0.037217858663773945,-3.1160481037975614,-4.3335531258007505,-4.553476531922158,0.004529291051558021,1.1414742611369535,0.8381468968971604,-1.598483501329352,-2.4349443502552113,-0.4334316376401446,0.20935433018761473,0.33919861723871947,-3.5227585573157896,0.4372250565819706,24.03,0
690,0.7175305164006791,-1.971065632992926,-1.5413576550114785,-0.8239725805152579,0.5782785192762222,8.543315595096212,0.5169615264279741,-1.194627603196189,-0.45066715282462405,1.4727451708427204,3.3771357046287585,-3.1817970641136406,0.975472955671135,1.8277281134705121,0.7598565050594597,-0.23592485108520672,1.3083797268480333,-2.440022256116283,3.3195939216358283,0.1311527053774716,2.8215349030912473,0.002823199533097012,1.9399568760814758,1.3491574630953935,1.5028270852495802,-0.9922697131279948,1.2190922683223087,-3.9856093889261826,0.8743675736258245,112.69,0
691,0.962591982845802,0.6555743644025267,-1.0644964211729528,3.7208146416769576,-0.8811413088777623,2.343859749048667,-0.3608234881760628,1.0851889161343613,-1.0330288450349439,0.6458650888570059,-3.0311263913054973,2.539454182193664,0.6590680288024853,-2.110492254366946,0.71373521966136,0.3279703904722328,-0.21270519393321352,-2.6842064202191045,-3.2448026744860745,-0.7427455710970785,3.0397351545082256,-0.38458244372021294,2.4934723703248562,-1.479817044667723,-1.005712980422521,0.5125995112727985,-0.40622280555107004,5.295575503831929,3.484202088715386,45.51,0
692,1.0217252687600726,-0.29783760033282747,-1.1741043803761713,6.228462316634821,0.9587078449618279,5.694501156633754,1.154866751579641,0.6989037915017654,-0.21506203606086322,1.405425082245177,-2.2147474852262703,6.993908726457878,-0.5809171771941184,1.9231145854245022,0.9260675932328454,-0.003671088480515556,0.11415243569841727,1.2377809712773122,-0.014422575070973664,-1.435954978028016,2.0806426104233107,2.2448984141487265,2.763941232438286,2.8270363267804157,0.1535479764239154,0.3375737334390134,0.6785254582624768,6.993709198151952,5.319999023747871,189.25,0
693,-1.5404327171242964,-1.453121684538473,-0.6133636006232359,-1.6265387326063876,0.03986420749158606,-2.981937248979808,0.7719918023465989,-0.39275895241680914,-1.426483156621165,0.8003157617517391,-0.6743213632175817,3.199595002836419,-0.8073800562841116,-3.111416554382395,-2.0678183764773013,-1.1529019436473826,-0.31097313503605284,0.008055057002315569,1.5498566261366533,1.5159451462942337,-3.840237150832746,-1.501836924629838,-0.07325318470480845,-0.3311900462078266,0.7834681062089172,0.3862260641045818,0.6772470552281598,-7.282430320513281,-0.9066690129599667,195.21,0
694,-0.3487752610068693,1.1734967756649013,0.7282381073058656,2.2799418531721938,-1.3119615453661218,6.3299662882128835,-2.004272167827733,-0.42023907486497714,0.14765184053745017,0.7597727832333185,-0.7348357780760062,1.0077406872263892,-0.14215117360181917,-0.03716217103034969,1.2171299211561122,-1.5222053049258542,2.309085669233788,-2.2463038905345436,-2.1333242766039175,0.8930678269867728,-0.14646945818631174,1.1859082554298621,2.2943111415252813,-1.212968752191034,0.46646969093630625,-0.0718131428510346,1.9364288803147556,-1.5022812962283614,3.4089374852798695,24.2,0
695,-0.8701764701253999,2.7876506020144025,-0.7780089123665535,0.5778853350461687,-0.3053737360936483,6.007990063832347,-1.215220049561997,0.9182428214350015,-0.24390294860084202,0.8185201634348284,-1.7894082047188031,0.8815327900342783,-1.1393116720675505,-0.3669626087300407,-0.28302160553892824,-0.009056263622981188,-0.2761060521216704,-0.18093949254633912,1.835967428194047,0.6846249963118912,1.4441972245093115,-0.1277072071486352,4.686648038284444,2.5351350051685,-2.2176465207197604,1.553247186688754,0.9147798989659566,5.478012824580565,0.7580079222792576,18.89,1
696,-0.9454066391951711,-4.28229810449002,1.2908858964911043,-0.7164911082401915,0.7460579388855285,-0.05425689240594232,-0.10468774256856028,0.07009895894239775,0.07944509927277996,1.5376059903926893,2.7436963926008,0.6258984313526228,-1.1552903430592132,0.22466594117271488,-1.2811563427986976,0.5281454697040043,-1.7140274659759567,-1.3489010344162708,0.40911852637643553,0.7616284641463872,-0.6546424508912209,0.2414524250402884,0.2940172573957365,2.0833606515729515,-1.5271610333780812,1.06879555515764,-0.2363607658802621,-6.792615962838733,0.8466275189518885,203.44,0
697,-0.3919536681786087,-2.4656564282963007,1.4072110214783964,-0.2782891762495039,0.030378676412958838,-1.6203252888277886,0.4347421756047697,0.20552699821646023,-0.13078571850244072,2.6114482096435885,1.1207883979431348,1.4448684985524116,0.5823128855244826,1.224840775933815,1.2388560340583739,-1.4976278660695068,-0.1377998066301016,-3.0611149937384137,1.0927229187389962,-0.7479336218779372,-1.9866431167597187,1.0752413069613191,-3.095649238213656,5.114746325548839,1.1113760889892559,-0.3429648364467441,-2.5120970789310384,-5.4172915509569,1.5576061275323565,40.64,0
698,-0.49452708445227916,2.586282504015908,-1.603997614754958,-0.48527800521300335,-0.6414493184978661,8.035074593379289,1.3887823406481872,-0.2140577706320174,-1.413177841865801,-0.5436954146601035,-0.4690917401654634,-2.29629163185489,-0.8224073772721373,-0.7173669608221201,1.7778671402788075,1.2044079561306467,3.374973644077237,-0.4965046623145489,2.345195072668335,0.568964384836334,3.1345557739623082,-1.0962955896862512,3.15867374291216,-0.094657833717494,0.14339884303353057,-0.7872096877850634,-0.6773377065296639,4.477858618205973,3.2486844521483933,34.82,0
699,-0.17992915293206393,-1.9995898547714992,-2.1553626710579175,-0.9344719964320864,0.3320591209490886,7.52844775340456,1.3752653226030334,0.5309868293620021,-0.40742119820453704,-0.527579692980059,1.8378271067754663,-1.769243236635589,0.42794744058852835,-0.3514755411832564,-0.1367788670590703,-0.06810057434217907,0.2984314221090042,-1.3837084753704538,3.962717652579834,0.16866776001929132,3.2523976016302663,3.2153741962128324,3.8630527890072797,-0.46636198315281063,0.23555221128809037,2.089714963125961,3.2576003294982345,-2.4380636735339745,0.7068467143885014,50.87,0
700,-1.0300950764894898,1.8654661755172213,-0.9329484701730206,-5.713926649250372,-0.32016950822072576,0.9391197402077333,-4.214241296059552,1.8182787037428214,-0.48763907349858004,-2.386473653785582,-0.14018856090267018,-4.063791162863428,-0.6277549867574896,-3.696956255019621,-0.6581752741371039,2.0988412303524395,1.7385032664151423,-0.06637571330415637,1.30418870673655,-0.35067339365859646,-2.353302823617723,0.1921922494586957,3.94167990524501,-0.1630213758044308,-0.5402855278956832,0.14663258764617476,-0.26283407959147154,-2.3434350192599167,-1.6368855121305295,208.56,0
701,-1.4697123646737555,0.7146590319987599,0.3125248158232605,-1.727209446667563,-0.7246173885496873,-1.5352037362792583,0.8596785253088192,1.3675257539154317,0.09693362573073926,0.7143844493813131,-1.0223284128766195,-0.3670568145625637,1.1034975012723258,-1.3437274331583038,0.3034046705972552,0.33107589099048995,-2.1668976531912625,0.5212973940950217,-0.1871744339232123,0.867153129040598,1.0947610470395828,-1.485295181782108,3.113846094926932,0.8096562928997698,0.18088362456584986,-0.1563754773549615,-0.4287302347242445,1.2197534595350743,-0.7647737703127472,45.59,0
702,-0.34152041500530517,-0.4275134550766001,0.5902703110753222,0.45395836962349145,1.507707699313365,3.3597625272138134,0.47275203703191326,-1.2675777045330776,0.7348113435104173,-0.5136548624184584,1.1104599577394678,1.2360291498470513,-0.10226635021759252,-0.5183967646013314,-1.0946920440273713,0.021626630593564705,2.631586947811351,1.990708652334165,-1.3531812983036775,-1.289382089103393,-2.2967855414193474,0.1609754975871555,1.4600248279555885,-4.467825774799565,-0.40867234570604166,0.8930774345656918,3.094529070937529,-6.83211539093424,2.203012331151492,48.7,0
703,0.6549150986875256,1.441894421253029,1.7113005153104637,-2.600361420478778,0.21430023205374768,0.6795318155772995,-1.1175023286414976,0.8519437783962633,-0.9317085941996222,1.646201025145835,-0.8281185098229148,-3.3555010356158452,-2.013998321584507,0.39139251762752447,0.6747004152022378,1.9239459459299184,-0.38067841160646243,-3.7994872107838584,1.4820278518270817,-0.35475181962885,1.7712122830765118,-0.8367556911025861,1.1471600296384326,4.736227615027847,-1.4080813100245035,2.961283696951351,-2.238868668166471,1.6130689463982548,-1.1610631397720064,68.17,0
704,-0.32410908299910274,-1.9353806557481206,0.2620834147001496,-0.016665959617270465,-1.8208501389178946,0.46622725829968353,0.3770442381704534,-0.7254753169189009,2.0261959771939675,1.9664442839774647,3.5474008533033126,-1.563354807391367,0.7773128872858522,-1.2297190565616387,0.17602763667750973,0.9918267143381206,-0.9499595952398471,-3.1961206560591497,0.9073528539916502,0.21491828714139533,-0.5721641719418805,-0.7934730690986012,-4.808704376929198,0.04272645573262479,0.3357539938512747,-0.9084700343013888,-3.103978334780743,-3.4141287790929904,0.022765660668706333,200.9,0
705,-0.5086148940886572,0.8266239361967854,-0.07851170476175597,-0.5288928892789332,-0.4322833291299641,-4.254989164599642,4.954345461529296,-0.40624287290183475,0.5930234772130807,3.3850152801334823,0.48524424451250053,-1.6836358251812638,0.2307685386646072,-1.693604196484072,0.9545898405103357,-0.8477342298262288,-1.1425679571950376,-5.044942993302549,1.967487284752489,0.9430970369215944,0.2663632511897185,-0.23962788078251399,-8.270464866397852,-0.08778433280193261,0.05515455734158626,0.6535966839459677,-4.025157395474776,-1.933837425956874,-1.9897258736472114,42.12,0
706,2.5872491354044875,2.8496642617738073,-1.056638214705522,0.768902031991643,0.5513676992826408,0.9820929607254749,4.610415779094427,-2.0795881192924357,0.1665864991558592,1.3140784529257623,-0.17182515959976075,-0.8801596675295036,0.7454614547455006,-2.1447594622173263,0.6256228953496078,-0.7562817510624437,3.4351052650270746,-2.3521534524679804,1.9280962969888495,0.056824062149305965,0.027299868216336676,0.6731698148202521,-6.762832689357553,-1.7803033777156814,1.2077764917755949,1.3318803042753538,-4.756714598308681,2.177184073691069,2.2731573168133994,34.27,0
707,-0.8781350730726438,1.2306438741939192,1.1868930775958975,-0.08788610191344359,-0.8314786729014906,4.971922150453625,-0.7274811223380184,-0.5852905313163699,0.2919658624579071,0.800957433583348,-1.2588381649618083,-0.39196592132328567,1.3451846553462978,-3.2350684609911506,0.44564350449009926,0.6212560942035293,2.202412661754355,-3.2344441021080725,-2.8027678537215452,-0.33920476520988363,0.06420905295109569,-0.32447515749642497,3.9604938798884244,-4.12001992887879,0.4290068480163878,1.820580268264966,2.174296768122754,-5.30755265424984,2.9455515806966415,142.03,0
708,1.5103291698137273,-0.9729181524101578,1.3927341187550268,-1.4392837159855847,-0.6415669035495328,-2.345756146542404,2.759218149282845,-0.06439244143960705,0.3282670454571502,0.012409149715644552,0.17750362529449026,-1.199043172672528,-0.3558291274035128,-3.7066492717961483,-1.0423102326872493,-1.137244528881294,-1.0808543170694742,-0.8780667449110197,-0.28762336591825244,-0.8071918640359144,1.6509961699792814,-1.215784440783228,-0.08249519993599658,-3.156665867287595,-2.505034589481522,1.8086630283267988,-1.640944054230991,-1.04192027183171,-0.03797622904239428,48.42,0
709,1.1160986657725531,-0.23399058161908615,1.1450014785219849,-2.284437878711391,0.3590277724059801,-12.54202991314937,0.7450621851447008,-0.9614891990614646,0.21150426233818476,2.711320229596256,-0.8758254241893667,1.5901462148109917,-0.34617644959420923,-1.9046529860244807,-0.861828851436456,-0.723069845015931,-7.076302673939475,-1.4714864687424343,-1.7808110761207603,-0.1340514361970109,-2.9134785963892655,-1.0039220177014978,-3.4251044409461953,5.242307500037384,0.07745581479613853,-0.5489550412811088,-4.558714803312478,-0.40882425934598876,-2.4697361874649766,152.7,0
710,0.13315452817161547,-0.8267852385751309,-0.5259720594039843,-0.6575241547796937,-0.29011536499940843,-0.5420089011999374,3.330683086699464,0.6224833345615618,0.2998304641277433,0.6792252226142821,0.7944849226828463,0.981778472653582,-1.0029428030900815,-1.8817825869555063,0.20083983868110694,-0.012431352181799788,-2.1920991495573627,1.8873158090694027,0.44815336986565824,0.12180132231336971,0.7622095934859041,2.007988106470156,1.6935324042007096,-1.2143304770289083,-0.8326044119902345,1.7363238088498891,-0.21595114199970256,-0.7854420683828148,0.8382141388314294,73.36,0
711,0.4223396021313532,-5.106090001731905,1.1379766126058337,1.1647993315840628,2.1885813919915176,8.475470545910444,-3.763189166258067,-0.3499078304742111,-0.0472906457085348,-1.3610416517032373,2.679403841506264,2.219770970387513,1.1233025311138565,-2.284657505804562,-0.7365482225407958,-0.020814089327941376,3.0438757702999495,1.8873166936377568,0.11185502409082504,0.8323098862541146,-0.21173243474732673,0.8246903502108671,5.991544344593341,-3.4599605811059186,1.7858508911882716,-1.453633898718295,1.8916122797126236,-5.369964247601143,3.2807030337131735,159.2,0
712,0.9452600778941374,-2.0033208514696796,-1.8886191897177196,-1.4922960702504682,-0.04303993223658949,2.888898902210555,0.617467290842059,-1.21028911423038,0.8138412692605569,0.7850393787810983,0.3924295112483781,-1.2082329580399604,-1.0108136711173168,-0.7203092599355407,-0.21071048057617164,0.8169851431432842,0.15310682335210035,-2.57984567400784,2.6634139218957524,0.708112140184589,2.057023120971734,0.630665409887673,2.3248833021491375,0.6549336040554232,-0.6065820191190638,0.15463995862634736,1.2084369922999114,-3.592453849698716,-0.8167687307907098,49.21,0
713,0.12034991537717113,-1.5998593902420848,-1.0260680827411577,1.6642566843929816,1.0865305578988218,-5.900131571574693,0.7385664933378605,0.45504509424222184,0.696631501217747,2.518767179442786,-2.852631693985132,4.59800319057741,-0.17973251401012086,-1.110449324374017,0.6373330412721927,0.16954041021828617,-0.9639801649871541,-1.3110374730125223,-0.8776860614574301,0.07166413975085133,-1.1327232983124478,1.8223928325513976,-1.8870468837165995,0.5186698823110225,0.5231600334021624,0.7204568950760697,-1.248081954317259,-1.9005943587699594,-1.869345249669685,73.55,0
714,-0.6392161407867218,-1.0464114532997932,0.16872257734587723,-0.5688642313950093,-0.8561076526564303,-3.0416237948116405,-2.2264903391871087,-0.18977829956798103,0.3446093205941101,-0.6399129488653513,-0.16183666598031832,-0.08671208630545595,0.23018080622921966,0.341400122013387,2.191770332050811,2.561297776771106,-0.010775585749692174,-0.11263473911131505,0.35240328737269155,0.0790738579626132,-0.6983472270493682,0.5063634710620628,-1.3843837814585742,2.453241150753958,0.09008347754010702,-2.318242980352499,-2.262722312526578,1.7296775802157551,-1.2162044415617048,49.72,0
715,-1.664665985025513,1.0650540403943043,0.8488367959795216,4.466148570357435,-0.6663172165446257,6.219893529354082,-0.2728482731864047,-0.22160339018264946,0.013655663837457525,2.181403305822298,-2.5449976138316885,5.181340817331601,0.39627156358608606,2.1193421578558858,1.286050103863426,0.5669802632671008,1.0290336953985313,0.16484344253567917,1.5684408733343487,0.748120032251875,1.326330645069259,1.7308151930447429,2.630708079088605,3.7310693085438564,1.6592706642191906,0.29625193188996507,0.7249430392097516,5.747316199062039,2.425922137197934,70.91,0
716,0.06493297857269315,-1.8616316926598078,-1.3420909047650176,0.3760991086316582,0.13953746908303924,3.6353553878326643,2.953386590572724,2.3772242925107676,-0.9686084954537172,1.9637421778418074,3.7484676546285853,-1.9309139450127868,0.08582584001300768,-1.4905045276578996,-1.1867456144283648,-0.4815706827677333,0.380270171167051,-1.254060625452473,0.11337917491880312,0.10288267613677246,1.7379416740830975,0.3185486119419406,-1.9030962168907024,-3.3762695033604504,-0.06303242403529276,-0.45755418138145815,-2.0962150261575747,-3.5835057332656426,1.7970192191789613,112.62,0
717,1.299485998181762,1.143142103477789,-0.5546441080460088,-1.0850740156962486,0.0890041105534821,-2.106377018012829,-0.6359922579875178,-0.26015677962667516,0.7152232680817521,1.4973260951645033,-0.8303225192717388,-0.7155002527466183,-1.8503776848818414,-3.501754587530742,0.8502455193688858,-0.4711130235913006,-1.2699729357882308,-1.514366300441126,-1.0930343742991462,-0.5653872091201171,0.24558178638275474,-0.14953036454326896,0.06578318373010418,-0.05710407909484513,-0.39256167735758984,-0.0287040717003548,-3.9737439821488008,2.3751231675325823,-0.5813647573263344,157.29,0
718,0.7556334826820653,1.2162290923950438,-1.2206001072268307,-1.237128351073841,-1.8010661047179843,8.578003512214018,0.15792086101556302,-0.20773574734915148,-0.3685317769708997,-0.26452636010040276,1.5017451688824335,-2.8379035737762033,0.2793844934006062,1.354737736260235,1.9566684572153399,0.17967401846044603,2.00090273472124,0.42483855515818447,2.0968525813419907,0.05495189362815036,2.643003491824322,-1.4730064587095468,4.509766709809031,2.6391675774397694,0.7890574680832019,0.284816215339809,-0.371975661222511,2.732924533639699,3.74000965466899,32.89,0
719,-1.6599055625051826,1.319160289527788,-0.0378867010218419,1.199664537911788,-0.13879640094553602,2.8177842057710847,1.0322098185326665,-0.060280749027981445,-0.2841395546889674,2.169606615757102,-1.2821428591701742,2.0599242207414945,0.8209671393129958,-1.3512639201053822,0.527568116112033,0.6040248469495526,-0.12957164249799702,1.0591927504423446,-1.2986227098284264,-0.035757644373514225,0.7131466852098457,-1.0108814965896014,3.61045682813293,-1.9544290072805472,-2.2267615249572263,0.08882296227878847,0.6578154509157722,0.234557694146995,0.8417286134882032,47.67,0
720,-0.4360208981807365,0.3476023267246743,-1.2314161690661876,-1.5965672404880786,-1.2561800267217864,1.9948531731036592,2.4421215176328497,-1.298069751257129,-0.9558141825915508,-1.6357480192035716,1.4986754548543253,-3.1796114014794163,1.7400572691967342,-2.062488446942663,-1.458192484316987,-0.2741291970900085,-0.12282170215647115,-1.4816958930791775,1.9231872249770392,-1.791861740272715,2.1480075766170525,1.8257245471685153,-0.8011530060119136,-0.4622749451500668,-1.9599588520368607,-0.4807565067270335,-1.578147627039439,2.2661868983109636,2.3469568777584913,63.46,0
721,-1.7422589694800203,-3.576469404326625,-0.08121200975113507,1.6923425907911365,-0.5843655307929703,3.710223257281012,1.5571635662443666,1.395033140120689,-0.8207966522775152,3.2178833334136563,-0.2380222707765779,3.4287923814765042,-1.3004796210339782,-4.353564977133426,1.0827097735429156,-0.5701124162181384,-1.0115802039963988,0.2597185288583438,-2.210446974817423,0.23926417561055854,3.096627648656876,1.3899538176810096,6.782942068034896,-4.827190088621488,-0.8573880998991262,1.4009147761692962,0.2141796695563064,-3.789110317253746,1.6685529755009547,210.36,0
722,-1.3686710685200578,-0.5145824915751898,-1.564915924160071,-3.357426438573525,0.802624760078478,-1.8830836406887292,-1.17487233489443,0.47439106515605706,2.451712624997291,-1.2266040400429685,1.7380956683791449,-1.0189986215387346,1.3723639452651701,4.552074670756415,-0.48933237546220554,2.1332646815618554,-2.2246595935093616,2.540595198610492,-0.2157155910063434,-1.1030592641310144,-2.0363307026927737,-0.5061974766426176,3.08622625574583,8.739449119575596,-0.5680935515910258,1.0254935862662529,-0.019262214802701072,-1.1525132111670118,3.267381306699162,198.69,0
723,0.5668169320620609,-1.4114780327624552,-0.18593541613793732,-1.1056773276445155,-0.04217610649664051,-2.2456097583398353,4.815791892849099,0.29915097295744597,-0.5305383182926822,0.537782427945239,1.3319904017832551,-2.665849057483198,-0.4538987811268618,-1.041170047647596,0.8894709464517491,1.1059354619577089,0.9726851700127109,-2.896826720855369,0.7239175151939274,1.1052982528748658,1.5283258655189935,0.3181423146963727,-4.665785970775151,-2.9635183631430557,0.7391186527732009,-1.2492355195726326,-1.3551916835147957,-4.725067163830892,0.09160082122694069,104.6,0
724,-1.293625536082294,2.936164608466542,0.3191964446421203,-0.8795670736365687,-1.068203831454317,4.1852316331486215,-3.3740725096251842,1.0814065443924832,1.437896993368432,-0.8513537793058624,1.6050199247837402,-4.6282143132492495,-0.7703135378908958,-3.2780088339879687,0.35700442529956194,-1.3635358637280326,4.910638659600314,-3.1263893703998136,-6.608869598996278,-1.0912035784152248,-4.1145458763777505,-0.990604337075828,-0.928638168943562,-11.759358258314428,0.5395475333610181,-0.3615119724504693,4.363711467950151,-12.790263918736773,0.6948993961648738,35.75,0
725,-0.15908666436861338,-2.96388631017784,2.235684681425518,0.3368104333849459,-0.7493413001200414,3.652814344549291,-0.8847179489117399,1.2648036182171838,-1.4443855144982707,-0.6913087069760958,2.559060781780036,1.856701957164776,-1.0704829008734056,-3.1609577827679005,0.9062158692056012,-0.5941922705388568,-0.5384208300216051,2.212064071327596,-1.1712966334176422,-1.7073059417406735,-0.2834826375819218,-1.5819876447035377,3.9213292404605586,-1.0637076414560769,-0.25241972174037147,0.7628326416744843,-1.6770428194933302,-0.904619654881957,4.994340866187767,250.34,0
726,0.5465244160535132,0.9797175794644128,-2.327599232930349,2.2452191043931764,-1.1630991850510541,0.7851794723869595,-0.6765253917931647,1.552480373785073,-0.45490066810513335,-0.36924663396470747,-2.3777566582538006,3.0555208702363212,0.7704804366875033,-0.7231483778540326,0.48815426453882355,-0.5160481561017785,-1.5439114571478574,1.9347313456091415,-0.6460458471200863,-0.6189775684070953,1.9865560153070585,0.2457850173811903,3.4536429750304176,1.8668861623037118,-2.0675233201984087,0.09526406437671531,-1.285898189851376,9.206196098715761,1.831833138569944,108.91,0
727,1.1285940674785802,-1.4003619891909915,-0.5134883637740536,0.5276231552171944,1.1090994654767188,2.8611074822865894,0.136658537948405,-0.2952012531026962,0.629476497114477,2.136526750614053,0.10670431812913506,1.763510920349705,1.3427476033167658,-0.9008282487637258,-0.058422310519861353,-1.8415656164845604,0.6212434900250281,-0.5464392483126783,0.25819563699322134,-0.6544457335513071,0.30819070824881856,0.6145472376508678,2.2985804253203983,0.36685212065716866,-0.10477201168153431,-2.757853629547368,-0.606222836430154,-2.5969569723478347,1.2967372803453263,167.08,0
728,-0.7361970843826743,-0.44908479003819746,0.5559970515714441,-1.2683075691343513,-2.5495393447366808,0.8977353075303648,-3.3809760799372945,-0.15823013651088605,-1.8046029093892233,-0.3974002748549196,-1.5358481440358118,1.0502946443371186,-0.3088646305731551,-0.5821738958634622,0.7311108396894743,-0.6391392177850403,-0.14241665477170107,-0.8179081510902834,1.9848672392660331,0.8454605329743672,-0.46512937702805157,0.6388688736788816,3.41578027530547,4.631418679138869,-0.839098222571048,0.9910470469274518,-0.415796454870648,1.7410283697390803,-0.32024133969137025,61.82,0
729,-0.35927903495371544,-3.8774160154315513,0.38818229272415156,-0.9657424464891559,-0.7481579372985909,-1.0481131394732668,2.321038212565221,-0.10187635503705197,-0.7461210125850355,1.8110326782923356,0.6521098334706577,-1.7448342248683724,-2.5883591635514485,-1.4423780688512988,1.402362653450225,2.9427526460054367,-0.1497404741040943,-4.237446532615148,0.782722097160736,0.01691979916675013,2.8552479742374146,-0.9210259282265284,-0.7004094423763751,-3.1262267367443393,-0.12692920007147204,-1.7222285607131944,0.9153108052045865,-7.535167679486117,-2.75149019382095,59.34,0
730,1.3424598894067097,-2.772246097028043,0.9673343646781669,0.381734823996173,-1.2849687463019543,-1.9444867234317662,2.551233055477259,0.028728692471304076,0.1697564295368713,2.9760138576186903,-0.371007472649885,2.282020284398364,0.14258629209557436,-4.155032819783118,1.3740565511599814,-1.0075108556332457,-3.8026196960043177,-0.44492239151919033,-1.8029836478590342,0.7579230340112385,2.364158504887281,2.391452662852093,3.439638180469832,-3.3860513579489875,-0.5864172784885583,1.1709964932042665,-0.43666563329113117,-2.7971500616012386,-0.8547689469663114,128.74,0
731,-0.5758402121980103,-0.817879790486917,1.2162938850972826,-2.2625193800839565,1.1663397115612522,-0.3678185648106668,1.8128317539545742,-1.172206617855613,-1.0629703969781317,0.6559654693311134,0.5754289093358265,-1.6088218928353932,-0.5907805773742271,2.867794203105926,-0.2758739558165403,-0.18175581078019307,-1.7317574604622226,-2.3806375471801555,3.198574573321881,0.7842881257277071,0.8757012332473959,-0.1715091588912414,-0.011375426269125983,5.78524385049802,0.9091293525995522,-0.3618139880845252,1.2590843765157689,-2.5449548484172193,-0.3509216567420096,81.99,0
732,-0.514091339179963,-0.03822221324185404,-0.6468396770854272,-0.7971623324224666,-0.5035378633157992,0.7325679092655634,1.3875195427307154,-1.094247826361592,-1.447606692275138,-0.062066040643988685,0.44649879330217035,-0.10948823811526903,-2.2758631900206985,-1.6899815512351617,1.0915675392244895,-0.606868016044455,-1.4600518962521911,1.5375936104242198,-0.6212909308572604,-0.9245128737489688,1.2310582771637946,2.368045592155442,3.050931339774628,-0.6331401415495929,0.43416123877890517,-1.0643307126037362,-0.6800828204526626,1.3063472367557871,1.7672350245636268,140.85,0
733,-0.5493757686067274,-1.3002505630481422,-1.214064523072579,-1.2775494366046718,1.2182579226197263,2.349613505834239,-0.12732579931415,-1.337846371815948,0.40475085899636126,0.25941020587179875,-0.24896074666101653,-1.0410078687600341,-2.259276171435535,-0.6358020943811908,-0.6976911440462046,-1.0532451601338715,0.6355994269364392,-3.1290184964697856,2.528231628864459,-0.39571611087514297,1.322377798682703,-1.6523840564542558,1.390038915323847,1.1732116437395024,-0.3730037252610738,1.2431920191448558,1.1081870801040603,-2.7831584683603334,-0.622911304646128,52.48,0
734,-0.6251657882890393,3.967313042714218,0.4730079549674051,2.6660867746898145,0.4845771927942285,7.864940357979762,-1.6984604014043498,-0.32565968059360106,1.1985736708662522,-1.1753416818505085,0.015521011059963286,0.49335876558711106,-0.5421157866828823,0.7151114063799303,0.9333423042072527,-0.35296423074220423,1.4428597595402706,4.779678656826538,0.6114347444312315,3.6113500628156694,1.8076784506086438,-0.702541629551626,3.183641476188795,0.5184906668576591,1.0421283086144433,-0.2798390758429393,-1.8231786204321394,13.103113106845225,2.826568418263918,108.38,0
735,-2.0824719767026716,1.8889729845779382,2.448812305740227,4.037486680984048,-0.6119130526418207,9.680727845786466,0.1928604103385111,0.11784432614130065,-0.5560525574794034,0.7215631900590309,-1.1244441492603938,5.218374063260748,-0.34072077153208186,-0.7730534606160547,-0.9739670442491007,-0.6763158635773625,3.9755595477418657,2.417247141370771,0.7916178372436206,0.45583767838814,-1.1378830636947028,-1.0399681516170514,3.2303919678648723,-1.6316909007119997,0.5951573238847284,1.3534350629077507,1.5159130720755827,1.8622635602715818,5.158126146607122,93.97,0
736,1.1121490628065982,-2.6949402243789606,-1.1175860426233242,1.390258885693862,1.7578268995019506,-3.08092690742609,1.4910016050091008,-0.1971079879373953,-1.0085308082526463,2.0958343443462426,-0.8655306162884454,5.0024311281263785,1.547640773595271,-0.10211561897850963,-0.2468578925108528,-1.5604334678050311,1.1719595561843381,2.169371026853679,2.4832839899665515,-1.7871385875844514,-1.555744289769442,0.7580657061739681,-2.1977481072524006,1.3367306406350348,-0.5703967395967432,0.8569052705051,-2.6243000830653958,-1.1819100871313186,-1.5669387941016075,168.33,0
737,-0.8535283081034944,-2.8998179744517065,-0.2885164751955654,0.5149785580191607,-1.2987196349893746,7.631506317012729,0.5282867329768184,-0.22552782732172874,-0.10862179788950874,0.3433903162782712,2.7388248306246137,-2.1243028450405887,-0.40209610449653027,-2.162076060463639,-0.5225023418828179,-0.21240742381820554,2.549872950735343,-2.3600145711473832,0.7989081693034584,-0.19703686027682768,3.1644003137374805,-0.39187652711255944,1.6452887646236936,-4.313878258004001,-1.618111817810499,1.5239458091632834,0.04679213407561278,-3.7324765195092966,2.1751842687340277,171.84,0
738,0.02372362663247561,-0.18754142728303147,-0.9908276498598773,1.12207690433871,0.6008844488414041,10.535184517774125,0.3116076797704107,-0.2936071589976261,-2.103049516869974,1.8113755216313256,-0.6298284552463617,2.0964886068841917,-0.01595862986449861,-0.496520341045018,-1.2734890162346568,-0.3350882992233443,1.7468744182326152,-0.5481242430964662,3.4832935671997607,0.8064772299231251,2.665255246031719,-2.030782998124891,6.601816521791802,2.03865952264111,0.3129581254362489,-0.05861142160154356,1.4231430635284674,1.1303885081944072,2.981524083031793,119.38,0
739,-0.6347954821042419,0.7070337840496865,0.959575892385135,-3.388401142061491,-1.1436713015390583,4.194048789226343,-2.6876944672221494,-1.6807796249106517,-0.4089155349199863,1.7655296547052721,1.0853026470017135,-0.24056280727660373,1.029758164309032,-1.4016016608479798,-0.6993188732566719,-1.1978537453259108,3.5214033769252246,-2.000851577952789,2.2844332933216274,-0.4665075273501172,-6.282744404976697,0.74761024527205,0.8121486769013018,-0.06599968720909785,-0.41800912863341977,-1.6131300189146887,2.773015756889572,-13.699503465220582,-1.1244244067315678,194.67,0
740,0.9153183002721513,-0.1743043403835436,-0.05112178873304408,0.23122079002170748,-0.38567259712186935,1.1902819366681143,2.834230424826844,-0.6163219891088609,0.1935948232809277,4.975325032676132,0.6332744467558273,0.0029247762055155187,0.19860295018044843,-0.005567994315785918,1.105089086835444,-0.5677482161141986,-2.0341625027714256,-1.7472167559725462,-0.6523386207962195,-0.7018583902422526,2.295645479250827,0.16643839737082022,1.0483634634193693,1.634877896775852,0.41758838164278955,-0.051560318322649144,-2.694042558471371,-1.083898600574658,0.6316288846384941,195.21,0
741,-0.476098469442846,1.49085218432386,0.0013533024656418782,0.6169741791805403,2.513643468208903,6.170522806892491,-2.495523195744228,0.9002056534504943,0.08380235961134057,1.064921205169421,0.06515706638346652,1.7353648768658407,-0.8284081072387681,0.5332106257845414,0.4406625568120475,1.5006608494600309,3.8277529417656018,0.0341045737557486,1.4379559094831595,-0.17508515027370583,-3.728945983724835,-1.4743828693181482,0.7573400396470957,-0.0007763774218686202,1.1908859328665193,0.5627098375725612,2.1514686532439904,-4.79288100299957,0.6185930644751908,217.53,0
742,-0.4138677249737084,1.6362735821092307,0.9138897415259529,-2.978497146010454,-1.55835644472052,0.5661837990840506,-1.5288856865100167,-0.5323556702661748,0.3145527958573842,0.08072700761526697,-1.2064860725682056,-0.6157698278027574,0.9564964758415365,1.3596029208114722,-0.6687541185215149,-1.4061424419829012,-2.5331259513102906,2.0737686460435336,-1.4278467144209488,-1.5658563846543787,1.4230080206858995,0.9686237857058371,8.309441588175169,8.609725722724262,0.6768828201532168,-0.9049779919008093,-2.7180326303414812,6.156656847848717,4.556236367714751,47.47,0
743,-0.8520531376425,-1.3472280015862437,0.5116430634695749,-1.173134394610314,-0.9869193832323313,2.668442150862796,1.2770617382282368,0.43001338002358463,0.6579868297749736,-0.016262773078253745,2.3945681490383484,-3.19010408829902,0.02340451074413049,0.5679782477660898,0.7317184758621317,-0.5296301127017028,1.8945556947567312,-3.788178619745361,3.0627221783874465,-0.2196218407316043,0.7142542876745844,0.431332186353047,-3.6511384885612252,0.856423414544384,-0.9011523426340876,-1.261918976837642,-0.7215028077418187,-3.7499678951129574,0.6135031974246803,148.18,0
744,-0.5056205859191885,-0.4146395199179892,-0.4506681775680075,0.25340849332998827,1.4492924284038262,0.7691525002180863,-2.795128492045871,-0.5747932272153171,0.2563246529688533,-0.2591711428177791,-0.8791811309287421,0.8913741880539736,2.259602027742478,-2.59283527506291,1.3635459466396125,0.30193063500302136,2.0420464619060916,-1.9306920710541844,-0.9722821801685375,0.721161822084155,-1.6136937316114408,1.2796141191777477,0.12188817545964106,-1.3965384096221776,-0.11317064829006354,0.08015976048755348,-0.7525919726967657,-2.0668156476921498,0.7530712403393238,86.88,0
745,0.24724706637930446,-2.7914809266531466,0.221025231151047,-1.9223411838470557,0.1801723554969488,-4.398374357993529,1.5125963706778052,0.43850615570885465,0.36128210620039475,-2.0659035165275257,0.7766794601269851,0.16096230197005568,-6.124562755371822e-05,-3.420290499184034,-0.8807150311069579,0.5288743855226535,-2.883033780051638,1.0408206649450364,0.3419558541061738,0.7533738838312816,-0.07115840685771446,0.637886057426405,0.7515743316459395,-2.9026114952109108,0.30211305729642507,0.6114134689150991,1.2104730726782362,-2.951224719626939,-1.2504359265460008,186.7,0
746,-0.41340289829011123,2.535709669100551,-1.206795886422005,1.3368371063037179,-0.23816954237597165,8.72402666451749,3.645831446549141,0.008781547145461293,0.5875655954353307,2.779344679973893,-0.7449810060269851,0.5469401050781868,0.5805590584064954,-2.2222435327233407,-0.357492847271728,0.790529563425356,2.02162717163251,-1.9075682318658695,4.27632768243712,0.19418090559442003,2.7958248365410463,-1.7582216298695785,1.0613702987987386,-0.8810340271713853,-1.3863790722157838,1.1166828327422471,-0.7901179506533504,3.0461421920468994,1.4900129521519805,290.71,0
747,-0.9045912137130739,1.5162012239746125,0.2099260524129978,2.4444659984218786,-1.0043402622995898,4.720947710346874,0.2579242101209124,1.3965978462231778,0.7204861082542877,1.9043959242221216,0.5229239829560638,0.7225134153284624,-0.632439038076175,0.3604109789612996,0.5362900625654685,1.0251346045575813,2.4360123422438718,-0.9261781707217193,-1.1834976152756667,0.5772056525279509,-1.0271214067846268,0.8601852107818442,-1.4694959289855107,-3.3204267634445452,-0.4088961749894955,0.9328287040921978,1.2968514066468415,-2.999694812346492,1.0618583096248975,136.96,0
748,0.9811495194007849,2.5248094358537445,1.2577384675036598,0.8898386094207135,-0.8750446944279707,8.2545993125451,2.0947350738577306,-1.7000721649783064,-0.46491307555602296,3.339418196051385,-1.304359343261139,1.9027642494976473,-0.718598402347532,-0.32826858482634946,-1.3334321454495686,-0.948831871623343,0.43674933208257516,-2.968977106251691,5.655030768509336,-0.3744549147013793,1.639639271373662,-2.88201336316803,1.7287011401379764,6.020720168076403,1.3759084192989735,0.5038878713794005,-1.4170483606623705,4.419978791759645,2.573724077548244,30.39,0
749,0.5763560176138087,0.37826919585769336,0.1404258674448342,-1.0573534073391464,-0.753264211737142,2.670106701309481,4.38123748114353,0.4464467833047774,-2.424264870697286,3.296229448349978,-0.9401719619428913,2.7815063157826363,0.4354156527309408,-4.8918667956049475,-1.4375457814444081,-0.4805434256067757,0.20491520643478645,-2.1617932229282277,-0.5348484387923627,-1.7249854341312671,-2.389630471085698,-0.10500150290412151,3.1453492703300063,-5.468859158775571,1.104263067260668,-2.342246870407298,4.269392757845515,-13.273960276215815,1.6194024019072442,32.18,0
750,0.44240676382570304,0.36399543761701614,1.8476397080256943,-3.291879918796879,0.048155554219508956,4.107496606985455,-2.3755011719306087,0.8447411111234174,-0.06685285755151667,-1.2477543039903365,1.7036494572619434,-3.657051404117745,0.267968799210738,0.9926524062745657,-0.7429879026720885,-0.7655837927368733,-0.6356777627647008,-0.09242965709817819,0.7322481768133771,-0.17530181643194626,1.688103586963324,1.352042368665138,5.160387365990568,6.9447285009815936,0.9676113661221987,-0.16394982214928464,-2.8584540949013792,4.238965576725173,4.430968580667928,76.37,0
751,1.184984447600316,1.205721069485792,0.14674747220522566,-1.2318212166270204,-1.4781137143876892,6.928545705744837,-3.084493033137296,1.1164307487822072,-1.116919511912159,-1.183668186067392,2.6575102259993955,-4.716581126328294,0.3299587878404347,-2.04311807049169,-0.4760100000208513,-0.09779499708420289,2.108951213174196,-3.260593862518795,-2.62764404561667,-0.75411247979106,-0.5808948878425726,0.9637378771731072,1.6009295922619722,-4.240122234478634,0.3104792770059333,1.817310819725607,1.8109748654721969,-5.155088784569338,2.890136300802282,39.09,0
752,-0.5522744904226446,-1.046398162517034,-0.8825370591471574,-0.009595483125325543,-2.0814371617666056,-0.19816710070280372,2.1572914438618733,0.7583074262749673,1.7728117241210901,4.741553764561078,0.3172501587644764,0.970099929050625,-0.36159738167651845,-0.7096140698371322,-0.5754934350928114,0.5777866306318398,-2.6339570749665913,-4.667450093514393,2.83198765010808,1.5531312035393556,0.5910106742784076,-0.20995356781042931,-2.330131009053729,3.809090705504105,0.5528119791930007,-0.28687297889860314,-2.089418396318042,-2.7216266967286256,-1.5191824925187158,46.81,0
753,-1.9549184895631233,-0.6806235975748304,0.7328898110299136,0.130452327279185,-1.3774366498828958,5.362686675454643,-0.23442027475493632,-1.711204029011989,-0.22077660360113002,1.340723970069223,0.46811944970628006,2.125470388549913,-0.19911623844902007,0.0012298572087177106,1.1064063163911557,-0.2390807056213034,-0.7944409232616989,1.6453283019891156,1.365478421488349,0.6976144747158062,0.4209706352624016,0.20490538869251923,5.596101213904729,1.986339950771561,-0.962623277607578,0.22539258201127074,1.4702369800235204,-0.7013874531524434,1.738679817656667,320.85,0
754,1.5525490651467972,-1.262453485906236,-0.0408068798639337,0.4861042315527101,1.1393883584065825,11.676974416435774,-0.5243788400826336,-0.7674032721677975,1.113741732233121,0.027610803776889514,-0.43114902940246724,2.215079213918408,-1.6009924446753903,-2.9135859813445877,0.6521026185671985,0.4068061876308905,2.743125591302796,1.7306472142400988,2.5708646265043775,1.4593108133537598,3.105321223849067,0.373335538703272,9.985621579841702,-0.8223018057795579,-0.5504931163121183,-0.8050109913147171,1.264950247833318,1.4021765689143117,4.2967233713432496,289.22,0
755,0.49166117485600924,-5.054842076888045,-0.18089045492608516,-0.7306759609007797,-0.5954713886616172,0.1346062323534709,-0.7467891976059416,-0.6331869405492045,0.685911119668968,-0.4666307677649332,4.6946850250198064,-2.3389481339069462,-0.2422401590615062,-3.1815299387519054,-0.3245767397846441,2.097011911213614,0.07716723705114348,-2.7257829654521344,-0.12259819114024684,1.487449388318524,-0.3376229699497265,0.2658321698553995,-3.55160884632589,-4.0952043256540405,-0.5854412625990931,-0.9689620553135486,-1.7893708432670472,-7.291065215790369,0.12702343282272177,211.33,0
756,0.7840955963724985,-3.2567617681228884,0.1791278137789563,-1.1738893068140748,1.2107577396175906,1.3878657569875443,0.8592465668382615,-1.3929816176751906,-0.5378290684533007,1.1247916740297828,1.9481024111546472,-0.7058607720788718,-0.6484461354162487,-0.4129257288413386,-0.859386131070751,-1.0800574753017402,-2.08030545399743,-1.428768709125893,1.867535257566634,0.030504814500427926,1.4659705467901367,-0.6417010304225171,1.8008917682804784,0.0403264458768201,0.4941762894237535,-0.06040613221613558,1.8035949267103653,-5.158229452595852,-1.5323920875451602,35.5,0
757,0.9617159605132203,-2.0241464608062874,-1.7964587211700052,-3.317092387373106,-2.496829991220924,-5.2198100602573225,-1.1216213103784765,0.6325069760618053,-0.18043853535069926,0.020591880250160788,0.8846672351119632,-0.5444425439900865,0.5091394756715406,2.6762690556175066,0.5477697760195868,-1.117757948316312,-3.311805518469867,-1.867915583703315,1.0723606641403371,-2.093108147319697,-2.1345515351853064,0.6561204563686461,-0.4184626030993831,9.144245991170092,0.010197682007116406,0.5066221699517468,-1.0257240954938796,-3.33934016812214,0.7157945249568946,177.6,0
758,-0.1869715128172817,-0.2614835553301843,-0.0967494053303549,-1.1263784960622067,-0.6799666949320253,-2.3682998716157986,-1.5113974985938303,-0.5493833839499502,-0.41451621746765044,0.5524152492328208,0.37382075094929446,1.092505337593419,-0.4284217300000358,-0.28222811925431246,1.1265178936857032,-0.9738661536932566,0.49099078153790604,0.7853198714255759,1.7387017550981603,0.26140450254721065,-3.7121130676311953,-0.7395105712940526,-2.3025999460572706,1.0515545532924062,0.5033287738455666,-1.4047652216670008,-0.6231278867587108,-3.3109962379885998,-2.7435807156922607,151.76,0
759,1.9248383620798655,3.000700105447695,-3.3078999524973884,0.14230678723339885,0.7164302036574001,1.9607405160234115,-2.545117812971156,0.9191861536769533,-0.11820844557094608,-1.4375397430087502,0.17973267967753215,-0.7411922574943873,-0.15136290357574236,0.7813393830343766,-0.007171210981326812,-2.4825439859108385,-0.4809124958415395,4.387699445559929,0.11125954292516382,-2.875773427628275,0.04865844504268557,-1.0593406872748266,2.067328809366803,1.0055268048204702,1.1557327121208922,0.2860158076346249,-1.1390703298190132,8.813865006601196,-0.6428073601280185,128.11,0
760,-0.336185803621952,-1.5893757217193925,1.0417101985426294,1.1915780939434408,-0.6110627145650674,8.473548940788655,0.9168930994206146,0.2126699561701546,-1.2554175643832894,5.291651080861387,-0.27483271197851356,4.194127631619277,1.4714513025679976,-0.6133109006887005,0.4603974396254061,-1.6970198133235157,-2.5342999845391234,-0.4920000969225023,3.0960925318747416,0.05450442177395479,2.678474884540257,0.9491650626903592,8.241488736473215,4.190779485638114,1.619313979630682,0.19108043663225058,1.0790795035330971,-0.796653154944078,1.177535625687326,224.96,0
761,0.2906664931130496,-1.3478249210562736,-0.8121571305340674,1.7121372195981126,-0.38913509597656376,0.34513810909701864,-0.7668632124029588,0.13054229242835844,1.0087625071331352,2.7102074565251644,-2.346413658563846,5.500533010886371,0.2109261619639301,1.8405450651928539,1.1031739387936397,-0.032018804487070805,0.2936806445369783,-1.7333480933544025,2.1485955866612865,0.11502556634280714,-2.131799911223954,0.21486470946386504,0.538113637981099,5.554516100568421,1.9961523197549256,0.32853475391394826,1.2101807722290827,-3.2041979833653937,0.11774185648315971,151.24,0
762,-0.38366594031406126,-4.381823771405521,-1.61004259937593,-0.25894315608462015,0.8622857168015928,7.586995920506348,0.46161234664107026,-0.006119004587748654,0.1191005684977072,-1.0599169126841113,3.3912681579746637,-1.7942066970540145,-0.05820605313308032,-1.791925501115001,-0.8313481403013134,-0.07970112643933606,2.9573936183584792,1.0579857664564702,0.5558551015286762,2.010940884560054,2.8376404432517006,0.40334496767854056,4.3909235968715,-6.666744118889999,1.047588422250938,-1.176458157132154,2.55582602193511,-6.510459497220933,1.3179931977749972,163.8,0
763,0.434376922028368,1.0485524450625143,-0.6973296584974588,-1.1977531012180185,0.7923950394157345,2.782691178054322,-0.8132519345625634,-2.9952668907996163,-0.3926746535260844,2.140790425737454,-1.9360111581484007,-0.26832870351665783,-0.30083528695503226,-4.701897438878087,-1.031826550728435,-0.889252162470918,2.515210803191222,-4.715295384325842,-1.8228373877414101,-0.6161481288926278,-1.2791825540156307,-0.0281243239418344,2.4930450141381906,-4.892062755101768,0.994518116028477,0.13161537327274178,1.8592408170602268,-9.00261312292898,-0.012384596719381968,151.43,0
764,0.901998378210093,1.3677427058605325,-0.1304148268171117,4.492001866361314,-0.3254543289050063,2.6695251226498122,1.891453548719579,1.112268293035107,-2.0813413886427115,2.625226083598878,-5.201152581034183,8.083977786555161,-0.24682333047655725,-1.6356155056631616,0.8178664249496361,0.24322157325222585,-2.0928982369204934,0.148474266176723,1.2997058010037663,-1.2006437323210952,2.1928147892157397,-1.0595185846941766,4.607983437967524,3.9044590730992037,0.39580494073020817,-0.4372359421583744,-0.41253630649869655,9.060878505403576,3.0276505620492578,115.89,0
765,0.7479953986272,0.9440277501139746,-1.402929072413111,2.4892491016137246,1.4779267361595356,0.24329276408615727,-0.15975436920677755,-0.7907106194885667,-1.5697766847188763,2.340553913492036,-3.77166451433064,3.2482703665297015,1.2917156075212395,-1.2917623388477062,-0.39026753093161815,-0.5801637221245197,-1.0523968828105748,-4.092523263172392,-2.2602271788055233,0.9513849835007704,0.8732453914232451,-1.4554734756173158,1.8193066664120694,0.33541161626232646,1.815677455080316,-1.2287793509050138,1.4006008630717166,0.04188756202516984,1.0909079984974268,139.03,0
766,-0.4307304649660178,1.1491664832898787,-2.5315831285012456,-1.9291556138842951,-0.6932333367169472,3.8632704578842825,-1.977258699178115,1.0604042110786527,-0.11314253663097591,-0.8088185104822135,3.046479381242798,-4.574383882925293,0.5661209469499078,-2.474769446645472,1.3458710583756384,0.08830901328435715,4.035881259871959,0.1926151539195019,-2.0731458185945395,-0.2461598243185216,-2.0918289282722937,-1.648567599612877,-0.791846491769317,-7.330542111916972,-0.7201610195718389,0.5720776210049433,0.05245061401311135,-6.505736368414663,-0.18639540301442825,85.03,0
767,-0.4769758599540591,3.5800605541232433,1.0028097519551404,4.586642417699085,0.38785754341559575,-0.28786762191443765,1.9481951990106805,0.2775246844762952,-1.364033164839314,2.4919426542151224,-4.334438957537438,4.423325664241911,1.6858701522215231,-1.1049003168099503,0.3582345940144528,1.8838110311848022,-1.541099990201762,-2.0849574718455153,-3.4074784508316918,-0.3294411047248347,0.6884133036550623,-0.2596779635075291,-0.24462347258296618,-1.822498889480635,0.8205768116689474,0.6868469770637194,1.3007504567021944,4.15468014163398,1.5784645232042198,8.26,0
768,0.3204616215115825,-0.9839999834045402,-1.3412098118670472,3.8024772129658504,-1.1491989346880624,-5.463806667542118,1.2560554298580402,1.2249814080558845,1.413372924685207,-0.3760784809990537,-2.9672264329912674,5.149066797693132,-0.2903718440159333,0.7454313799493789,-0.2542156502880655,-0.6499442953076904,-4.026079296632384,2.2193956313586276,-1.8514770048679474,0.7711919053297392,2.4854008883102674,-0.9907135213880943,0.515210192616821,3.067067182948342,0.5179733762901656,-1.0735434435238893,-1.918773204568811,10.456775769979325,1.4894338929119821,78.58,0
769,-0.22676079665014473,0.9073006055847485,0.05573977332636784,-0.49930524059449055,0.3385944331158625,0.4277534923341073,-0.19996947102178475,0.377618406420093,1.5443334869712346,2.4106870537039415,-0.6072368791222406,1.1841528566673818,0.6647630897243626,-3.778253873455142,-2.204482050880324,-1.079161816904492,1.2105204714532407,-1.512107997507517,-1.0458512536829132,-2.239322666564225,-2.989481594665123,0.4436757268881162,-0.15504104539165844,-4.396737521838262,0.19365531663149269,0.6726128910898425,0.6490109048967495,-7.376239778177234,-1.3851864510361218,276.82,0
770,-1.2318686881330803,1.2157827495745557,0.8460450088894076,-2.7773110352929353,-0.23187797506123262,1.3816348650384047,-1.04823145732542,0.29248418794229586,-1.4036983847452424,2.1171832490676947,-0.6532837662491666,-1.1155735683597254,-1.7414916566140959,-3.602600018683225,0.9626072740766523,-0.3538175262121811,1.3228785154100418,-4.321957291717999,-1.862173320907624,0.9710883383822022,-3.4363154262109443,-0.36240243368808,1.9206451385442749,-3.7286288713392146,-0.9600105221878282,0.5792986450796365,3.158767970566806,-12.803419669062423,-0.6655631937052325,282.48,0
771,-0.007774944452975179,2.3978381800755226,-2.44749514234966,-1.163040026660375,-0.5100381745143354,3.3081684603446315,1.553326057312436,-0.41279384435229194,0.4886615372604771,-0.6150046589361128,-2.11212067321638,0.6234254606286942,-0.09796573209675552,-1.0069451205685607,-0.5231437464415264,-0.7710363141410225,-1.5009979187191786,-0.1744321071379895,3.669238160903318,-0.13987868060571226,1.683413788188549,-0.2978741232861638,4.239591170939349,3.660815988613983,-0.4589051641234932,-1.6123681180904839,1.3914223523073992,5.147851423937158,1.229243781494244,238.11,0
772,-0.09789240517213632,0.8779828873946236,-0.5539346838422423,5.786985117479897,1.0967242076292842,3.149011208726782,1.4530222392955272,-1.3364024233582634,-0.16066484837472153,1.9211077294218684,-1.1995678086500596,4.802731322204615,0.7293697951297508,0.9175047990336956,-1.3843781442136902,-0.20791231006611424,0.6692847659280308,-1.2063488849249784,-4.625446167590828,0.8876229633803967,-1.0892526842712227,-0.8771339384474245,-0.8767813402394786,-4.200568025607507,0.6881080244042689,-1.232454390830226,3.9913541976622486,-3.420881968623204,4.005261313096551,105.63,0
773,0.19337875134129315,-0.3433491383686398,0.879660997368937,-3.273620814932834,1.7189215737230124,8.459978362772173,-0.8097365138441391,0.817206517497548,1.0088861367667623,-3.2129508754438247,1.5927180265919252,-5.186679794705443,0.7469099872563228,1.963163730577914,0.4978127664133091,1.8899786444022575,3.2546924848844214,-0.6418328811780368,4.521663189167701,-0.9021663615047605,3.0178547454503604,-1.4035583444732629,4.789400834492155,1.622618483953548,-1.05558999261237,-0.10854333152259746,3.409160739198033,-0.8062172060066726,1.0546716264025604,237.08,0
774,-0.7721646868646517,0.2440649878917619,-0.88344410576185,0.767192628520981,0.9430406415610397,2.6528783320320053,-0.28899331489186797,0.8403635995547787,-0.14915398896724377,2.695309331731113,-3.3561704057413824,5.689373514237804,0.05824436065938095,-1.5040383572762384,-1.0348051634453777,-1.5886441685966566,-0.27582166523972795,-1.6045045417414348,2.847382587156903,1.3083383670543278,-1.5127972285017686,-0.27596309645500083,3.857120381004883,4.564714694124364,0.28107222501761947,-0.410136261770982,1.063030074097106,-1.2394033113210146,1.002308356189449,76.45,0
775,0.795630872768148,-2.3788823093242537,-0.8374847253104282,2.4485545188447126,0.20001123994446707,5.68665598013844,3.490701952514316,1.637042214320274,-0.028896287648675207,2.759299000181349,2.3173885766652016,2.4875456047868907,1.3757403868761662,-2.3389627568186016,-0.5394260614593801,1.6271194243903881,1.293981663618597,-2.6392050641280664,4.690320862832191,1.7638702320572779,-0.26291097539158403,-0.29811565762846065,-4.065593836760053,-3.1610292160816877,0.9186176053897422,0.08196920466383607,0.586426511223105,-5.725336147058054,-0.1224869556756073,99.34,0
776,-0.17522496663054554,1.6115839483594057,0.2075282778634226,2.6738500313455242,0.0008213367794600936,-1.8828432576877974,5.19653220429171,-0.18550352903619077,-1.2551981149158307,2.997054856942625,-2.4251255220082637,2.896669684466751,-1.236382128406456,-4.795771127939854,-0.9396155812790263,-1.0492147690071647,-1.006153611761425,-1.9632897541629553,-5.873278344055059,0.624920464102357,0.2742561779950853,1.0965937891821234,-0.11929780234504221,-9.306680839726619,0.029183758055412807,-0.35245270353785757,1.9641026720660815,-5.579475662037924,1.902852825859172,56.22,0
777,-0.027885482141608037,-0.05823973305512209,-0.4908241829773584,-0.743743689070804,-0.17028712574180055,0.7716919459452689,3.1163064434814856,-0.31766941379465224,-1.0899378998563545,-1.2044909617376542,1.4081794828061558,-1.7817985022031022,0.8954408909483242,-4.65633279275969,-0.4267913953985256,-0.725623418637142,-1.2383989281996242,0.35139698162972677,-0.538955380840581,-1.5066164641123083,2.373113738453939,0.10983692920407466,0.5433198833713343,-4.464101784248009,-2.0006878797535244,-1.0930767516787407,-2.064503885604836,2.394957448882839,2.484082651887267,122.64,0
778,-0.24506508704326077,4.823955441464,-1.4012540141997682,4.604395358914056,-0.7660804561469297,10.762312241775637,1.6076956559037567,0.5529431891981056,0.9385958031751119,1.2342641692293463,-1.1084363221819509,1.1755043332557022,-1.5904302585192973,-0.6101191170179746,0.8710452931452174,-2.3819912731366584,1.3699092774426156,-0.3382307474106664,-4.002029727106982,0.29716714722490756,2.323516852485168,-0.6432484312125671,4.327686256321603,-5.300583984565115,-0.6091360888575632,-1.102091955592559,3.6477567584011275,3.362040859985884,6.056521783639405,82.25,0
779,-0.5891790496976468,1.0402757464777785,0.5878351218657896,0.15719483294303793,-1.5482616682308352,6.674136718230689,-3.8561641724314577,-0.7155444197585275,1.5329782475310847,0.11331120650848159,0.17019846860079013,0.4980545135976944,0.585070202458372,1.7438713041836267,0.8719934654268633,-0.6070771913756997,0.6995562412457776,1.3092998323769334,1.35875730238166,0.13822523650184043,0.010213109957005528,0.5374620867252017,5.057828273235971,4.528106394004536,0.7760873728625646,-0.8796738134146368,0.38575091312334464,3.6764581684036406,1.6270331597957894,81.32,0
780,-0.5593219774756829,1.6679773049903277,-1.172288152404672,-1.6280502255376121,0.2339149163733896,-1.983566457183896,2.775954453211159,-0.4164627354608322,-0.2326414366821449,0.21106668334009404,1.4725384050952797,-2.100352844469046,-0.05400720191925828,-0.7653150948915941,-0.4413736136969297,-0.13426567343942075,-1.4613187565822265,-0.04169412063832767,1.4967195163319302,-1.652243566940978,-0.5043111301512092,0.009526377219802219,-3.605878483308673,0.6299779813512232,-0.2786037032248349,-1.5076808381562004,-2.3527916053254003,1.3339852009148347,-0.1901715224806776,68.86,0
781,-1.4005223910307123,2.6825823788692342,0.5636343254431193,-1.1370867054424703,0.2195713561410768,9.792368282422332,-4.15846199933241,1.4743129392917256,0.810334628457446,0.6932353984178434,1.0339127031161968,-2.651501025868632,-0.4924413839212625,-2.164331580302357,0.27737295155788194,-0.11424391410212563,5.543995536658945,-3.086955291027483,-0.08544924035308399,-0.21428730736333237,-2.805486616286047,0.1474224414226123,1.8888585373802638,-3.2690990499293195,0.13172528806515155,1.4980502845365953,1.5722819281969642,-6.83660417619331,1.5321983348642971,65.43,0
782,-1.4093568568365213,-2.3852736050055454,0.5269285310410652,-1.1933559561965028,-0.05162542410916941,1.9867153729056188,0.39412500377773374,0.21236205380807743,0.25372450310419264,-2.148375484494034,5.0350725934789455,-3.1261891138674662,0.10080885425937298,1.6605978373562649,-2.4587419232715506,0.41385919967778556,2.147388305093578,0.8090735807941606,-0.4729691672548145,-1.1712682101586152,-1.0299799699025627,-0.28261239000863825,-2.7354478416566366,0.6062593139937503,-0.42981192283138003,-0.09605508617007594,-2.265265325438132,-3.538730287588736,5.170098641381394,290.71,0
783,-0.019476465301345502,-1.2915429362602708,-1.374173452371543,3.1204336989658326,0.6568660633095018,3.580722039387369,-0.3688989813623549,-0.8302621507200517,-0.14897166476435994,1.429369452222005,-0.8295856703745355,3.455851337917698,-0.0781699361357932,0.4966199222355324,-0.7868276307350374,-0.22350706029651027,2.6888666314669365,-1.1845956352958922,-1.0866041399613007,0.7275473737906202,-0.5916025152039973,-1.8575714451669172,0.43881645776229583,-1.3346599505250405,-0.24761153644145104,-1.9294822626260821,1.5065510904980126,-3.6979587151189075,2.3400392879260075,182.31,0
784,0.9680296071963479,4.724736345090949,-1.4886726837818571,1.1858962750961253,0.5198829317679478,6.543439577164283,-1.7904325462923545,-0.9079917421781208,0.40146596758452824,1.393991309482705,-2.224424873322566,0.18608653158846414,-0.0004091858982701808,-1.44497250248945,0.4790770554974521,-1.1721730470264382,0.5515818383907233,-2.7679179608979427,-2.7009273614005043,-1.0260618308923926,-0.4131371197322705,0.34752549402671107,4.166069033439498,-1.6254632946419794,0.6031960730586848,2.3388229415282447,3.2165972099932203,-0.10774253630622821,2.4354446170414987,76.37,0
785,0.801639716903692,4.104629803535994,-1.071019562531488,0.5797266238977146,0.4425624290228071,11.374457987491935,-3.0830201498605936,1.0511217477579984,-0.7961315055429548,0.7538016864446201,0.5747724438900755,-2.0060760384639784,-0.142285692445148,-0.7274276020642817,-0.8791531990935461,-0.1350446018627742,2.366040111551824,-2.1160446153569903,-1.363815797012311,0.30096837664241116,-0.4350818152200934,-0.8291589224854,4.5002581189658875,-2.1076801552948012,0.8713536757310174,0.6437340011921098,3.243956775297289,-1.434562065810458,3.1015032206718,104.85,0
786,-0.3393968153666179,-0.6047555096037314,0.5064244969473461,-1.341857608866761,-0.47639139613554427,-1.9177616025540705,2.8402825225294577,-0.23657293869461854,0.5769171804036888,1.6310782657652587,-1.8372462901951798,1.2585911973446857,0.5632918957711972,-0.8644641383131638,1.6927134330812508,-0.14482749406013753,-2.4514199209310954,-2.5611749041767298,3.411015713621467,-0.5117639567336494,1.0042858780390957,1.9509289970681247,0.7217807312324245,2.8205436273508706,1.9122004206089338,-0.24676253886008834,1.3165904781386701,-1.894423385198648,-2.0705622259180947,80.31,0
787,0.5012490868072027,-0.7042975788080627,-0.8859625679998893,1.5723059418047738,-0.6180320739060579,-1.1261158802048938,0.6879903207218169,-1.0308251267194486,-1.4703801346757173,0.6307550418599001,-1.5965807189068628,2.048686298491816,-1.7557678577580538,-3.23733976173424,1.3615382028481113,0.01620659948405166,-1.761132474996944,-2.025686423442273,-2.5106188811645125,-1.967094562906154,1.3852594979133008,-0.5648714942069116,1.2847799815668446,-1.832711181859213,0.8452803046068483,0.5364877271213292,-0.6603886922660233,1.051052552904916,1.9855143178773926,50.65,0
788,1.0454725004660728,-0.5603436177755574,-2.341530409391073,0.7842203279957854,0.9092189210825384,4.248919532349204,1.5683637409498612,0.47842620083445625,1.7569290581994084,3.4585513607224,0.23589214841487272,2.0393356116749404,1.2372625851632273,-0.5627815662119593,0.5645919012080699,0.7902633183812532,0.17689448822603182,-0.540782413970117,1.5048435532190112,-0.8558938037311713,0.5921115954108667,-1.2333197363683148,2.0833097928995863,0.7429013797960948,-1.2764825266664916,0.11267934624906932,-0.33080302411138096,-2.4398900781168873,0.7969839088451058,54.89,0
789,0.41288664338134845,1.5481427790338271,0.2729131851660362,0.8697677049512139,-1.7004944386263916,2.809899777664984,1.7059022508326311,1.285904920665289,0.11626267741417287,2.2915780538374513,-1.7192424706241565,3.636208407813651,-1.5075300261914464,-3.5197446483571375,0.19415959569499655,-0.9175529183419349,-3.3443235994027467,3.2247815493544443,-0.8089392451848164,0.8025913644181649,1.9370828163145402,1.7794485922701138,7.347367792077579,-0.3867575166423267,0.030244827674648884,0.8382239563899374,-0.7329314451210622,5.377860539633545,1.8437448586169203,56.87,0
790,0.9372251736666143,-0.763862247348753,0.5174849028804415,0.6266909102268294,1.9979482045128998,6.888232368244624,-2.144458471113889,2.0602140726246807,-0.47823260785842847,0.6731231414410905,-0.02820245601263993,4.261868140640357,-0.6425321688062371,1.6854651992697796,0.2908711906440859,-0.6505419960415696,3.1974900335122896,2.773857289831022,5.134608561174246,1.1195661169810924,-2.377672408688246,-0.44781500387176604,3.2495959557634646,5.425009276981488,-0.9747351819124206,-0.6557512606391394,0.2150606854913828,0.10093063599678496,1.6114959606022405,14.53,0
791,-0.31818071752668287,-1.5518296024548497,-0.8790162689504512,2.204299071036677,1.0833921435833522,-2.4994216218957055,0.9886445553245319,0.5512833327755875,0.8839831604696676,1.0094308805245753,-2.7450611708661405,4.777901170737096,-0.1855485345928537,0.10494308153494314,1.609343375609877,-1.6854923928685774,-1.4241769004086304,0.4007017278889967,-1.3526250197093352,0.016620981362413703,0.7440247695960093,-1.0001389212399567,2.1908724820034005,1.5258663091133002,1.3229733083455433,-0.26601669556034696,0.47631249127457487,1.101992418251045,1.3127267285939943,75.04,0
792,0.7633194514331476,-1.1665874920809371,0.28237775119951514,0.7486926090934096,0.8747546767096062,-4.467501225963922,1.9516746435093806,0.6288138283327617,0.29060469726179183,2.365373198156594,-3.1498210917201295,3.425014622035693,-0.9162930470045603,-1.1396058015632033,1.9825130636978765,2.392298383669758,-2.5894653630525464,-1.8331297758122345,0.20097955438869086,1.0394413922305916,1.591265432741153,-0.04950464606506815,0.7785591811805482,2.928561792822588,-0.3226077728016462,0.06842531120790343,-1.6444617107391561,1.770657146955028,-0.6554991241429519,136.35,0
793,0.2545343010369479,0.17199802900528194,-0.49101613654919685,-1.1879859535387043,-0.942870835389692,4.267442874383835,-1.9955253757346245,-1.5126287741275257,0.6611809905927187,0.7442165696774483,1.443842788983706,-1.105587773687184,-1.1628170026609979,2.310694082949726,0.6675360947941315,-0.27133916522600965,1.216708039754241,0.7347819980725193,0.0973822932909445,0.44521087891406186,-0.15675652814895502,-0.7912271766469846,3.183616916045573,5.122899976135404,1.3769337315886618,-0.6502330862292857,-2.002733188393761,0.5635450271354016,3.3890030074733093,121.95,0
794,0.914945262528311,-3.4265236569519786,-0.5861786338983189,-4.043139576865275,-2.349879797432981,-5.288538374238719,-3.6598401832826606,1.2478207731502375,-1.0541497563637097,-1.3935176100684772,1.7615040518953429,0.25730859340062506,1.1168096443533484,3.7353594755527975,-1.4340458606531021,-0.3026749109788021,-3.058554350423913,4.040236176491744,-3.802616823942794,-0.7414712032425614,-2.6908628896199533,1.449339756460838,6.360611632677491,9.141850216034298,0.3434546420280766,0.2561672168613118,-1.5271127448240698,-3.343639126420923,4.413518993130454,139.4,0
795,1.2040011300856512,-1.9876001404049766,-1.0273134230509724,2.912446875792079,1.2034600569003968,0.9605172904725685,-1.4427773760749436,0.9265201843464447,0.4150725096990842,1.6928899000959219,0.6424846408433104,2.911821953674415,-0.13897273155510673,2.822714539489377,-0.16921365816554673,-0.04052238352693171,1.1732943144753352,-0.635554439339814,0.332503505376354,-1.6510533950619155,-1.4422679900753246,0.952649343692441,-2.7432890468632123,2.2276187117852246,0.5341359422659844,-0.4569940385564593,-0.25408260299801644,-1.8394232984315568,0.1646190272303596,60.28,0
796,-0.5045926056760943,1.1872051551371476,-0.18047423123801723,-1.3716865547229742,0.7904201697630219,-1.7042610661741528,1.8715100627842247,-0.9650282075649214,0.332424711020455,1.301843650493049,0.352234935484825,0.11479809021859168,0.9103838498109822,-3.4280259027359903,-1.7547696296211803,-0.9438467555786535,-3.213238881618026,-1.5027099448738,3.1820861997079164,-1.49459500177305,-0.3874503174525724,-0.06810362457713282,-2.373554317126195,2.9104333378867047,-1.122661566999814,0.5135556127187786,-3.979241264719873,3.749155863116939,-0.3676221527400879,194.48,0
797,-0.22342347274165192,-3.2901260209745686,-1.286609125399738,-2.8120571403407384,0.1530317527811502,0.46989321441343357,0.7879075956849643,1.4165838233446926,-2.0766160121985853,-0.4703522912572039,2.2716986468421085,-2.930143539886458,-0.39858366430086173,3.8582423754964057,0.7883648007773563,-0.3600313241083667,-0.10499602050572288,-2.261828612737411,2.2790468339209315,0.8074298502955989,0.7627592074161014,0.3033923751977811,0.4857197180100826,4.023371155198493,-1.6305128776410573,0.2535929416908065,2.743258884058206,-7.564251478027343,0.02988673922024654,202.11,0
798,-0.45061914978649,0.9385863802834297,-1.0992812501411542,0.5461420394638296,0.6058066494015374,5.551853923397009,2.1836810908037765,-0.6603104056611854,-1.5801555868914396,2.469421973460465,1.361554899162655,-1.3135116642430742,-1.2950227259585751,-1.595639841523509,1.9423796771486677,-2.3847446171689857,1.5015419570545863,-2.65284658873986,2.2282074916885675,-0.4182135122050997,1.7613809841359669,-2.2115675771145638,-1.6592394344755281,-0.15532465530829792,-0.6878351933422787,0.10690692929125487,-3.17855696333428,1.1082648179278851,1.906126820247644,198.1,0
799,-0.18231470071699332,0.7091692033356639,0.7071061601065628,0.8387575362576812,1.1629808803918416,2.5419224446506905,-0.5782030238370868,1.0471766550029968,-0.10712721717067626,1.0599383245810499,2.403620015636725,-3.874563874659024,-0.7174986020844216,-1.8581227249378234,-0.6649665113199965,-1.5428221490372125,3.0944431671628916,-2.7340239590902664,-6.116432932543206,-0.9655750062098389,-0.6960037433293587,-0.05608572627867428,-2.514466956638943,-9.910221187173937,-0.619871070624552,0.10643541643128884,0.9961418025663429,-8.654555653013322,0.7755911906921223,79.67,0
800,0.43185549346161606,1.0559807931604364,0.7944266892508483,0.06608703021145934,0.5105926708043899,5.793456902276931,0.2661981222909793,0.969767778003491,0.05247805717045095,3.0003846611263527,-0.14178858893304536,-0.377126861779066,-1.9629919076527214,0.3052833107710876,0.2130803959715548,-0.08762354625423106,1.3799035033882747,-1.0052510414479279,0.8680119686128817,0.21057075233394207,1.962150735877807,1.0480836645718858,3.2161955158878315,2.1475850371763525,0.24582232667529963,-0.5746029215340153,-1.823021738301172,1.1202836259020676,1.6699442573761794,26.41,0
801,1.6628710985640576,-0.23207592364937057,-1.428856613893435,0.47062469810635965,0.16463853144973825,5.687390967200144,-0.612212801710314,0.4356248795071857,0.5072999856297516,-0.08401813658171609,-0.8038341073755947,4.200185840366846,0.15769421996281013,-1.6567918658334237,-0.7401819246062783,-0.6047018550970825,0.24058059663045228,3.4434415317262235,0.8323261694565138,-0.45012347329389163,-0.1825064231360377,-0.2541087115983586,7.537946971368782,2.611697954384531,0.47404195656165815,1.2309120908821363,-0.10787267174901549,2.6710630444864423,5.079584379891306,55.04,0
802,-0.40505095294555277,-0.11855039380071186,1.3990974792634143,-1.030335865295172,1.0445264298181407,1.087325453293746,-3.888561800552274,0.05618391839232033,-0.4971340238699362,-0.20137636912459744,0.3965056447777372,-0.9903793119823331,0.6208299452898662,0.6158780216915115,-0.7274648064542795,1.2175480219507155,1.1180812624850331,-1.6909796507108037,0.02462919708409339,-0.617796273481028,-2.0822493008563936,-0.07478129665130821,0.18058890286234083,1.7126195277887508,0.14599591431263995,-0.7984727967996325,0.6198094746068855,-3.0665969165636597,-0.795200413990293,116.35,0
803,-1.2581972900269258,1.4213353975548242,0.18587788362226634,1.7166304912045278,-0.8452301054368538,3.936542028954529,1.3337321575055552,-2.5282451003137143,-1.3007350703873357,2.8453742652922447,-2.221448567305485,3.1600644398770887,0.636180488684036,-2.659291556923492,1.4470046175850602,1.2719183034223662,1.9399350614063908,-4.1393661072047765,-3.0895078706549493,0.2575817492104368,-2.5242991305471563,-1.0691042911659632,1.819302138368752,-5.202416565359038,0.15086762851156252,0.3327052943741829,5.168148942921805,-11.216580075913617,2.606257917042988,120.51,0
804,0.2830595465089119,-1.592163192318242,0.2941458838891059,-0.7411625789559225,0.025755350923262824,3.089446170390547,1.4511019040882376,-0.40444968246911106,-0.4605555731546149,0.9900486371363786,1.1692776751761196,-1.838657639038159,0.7732612214201445,-1.562881576234249,-0.3425124079994532,-2.2979125327857317,0.09395545510080006,-1.7424132254568054,0.5588496703553054,-0.18490661701698782,2.955064859832275,0.268461899866732,1.9904120136758527,-1.6038571507815569,-0.47099942075297796,-1.2091112889885514,-0.5164166692726697,-1.8279946926469457,0.6820995180482277,229.48,0
805,0.05042676413944306,-0.3346224299212205,-0.14114031944383582,3.3467561407921953,1.2776333498078092,0.22418281146501545,-1.2090233445924277,0.576192750328422,0.15213371886411586,1.899378789336709,-2.9292633019839904,6.078924458002086,0.5141326999931192,2.5526645017028224,-1.1093075324979949,-1.7808816400803014,-0.6753553342119188,-3.0589001879532987,0.06729090971192941,-0.816184171876115,-2.6632801438505767,1.3999034411695583,-0.3108530166965581,4.914832113994505,0.5107320661358935,1.2622778906716723,3.5847732934519048,-3.0252866626595813,1.4452858184674364,207.0,0
806,0.4234624916014198,-0.7661445783915096,1.1204504915105322,-0.8630752049201822,0.16940008059354883,5.922606838991712,2.452973573971709,0.5492170846651478,0.9403995689461305,0.3633771457520446,0.6095364977853188,-2.228813314175198,-0.018819678361340055,-2.453989804588584,-0.9913457476925386,0.22854776987192307,0.6579182444954129,-1.4445307349623222,2.130324047978923,0.033703812257508486,4.655538233199224,0.1953655756486076,3.8284456769587707,-2.2367258022655006,-1.0397481089313825,-0.5455681502938481,0.0001897667056702801,0.757882350735792,1.1920934951994875,59.13,0
807,0.9066790317028058,-0.04763288481764538,-0.6710017453111383,-1.1955762975581676,0.09505522373370942,2.0191717824417195,-2.351852338937282,-0.6057754148985527,-0.6372118248590148,2.748175888648855,-0.43503284770517914,2.844714532577114,1.087791711437109,1.6576646387999951,0.5265031181081061,-1.542681989972529,-3.3207668237062578,-1.2231806849952747,3.5197948750078125,-0.43608021709521955,-1.56286159776382,-1.7243436803964847,3.663397618815493,11.469635102521197,0.28816538694616667,-0.4021691573943628,-1.475893278139492,1.7260430839513992,1.357657815756515,74.3,0
808,-1.0067925593266038,2.0140060441473113,-1.8474000608555767,-1.1267571624483084,-0.7277593014914427,1.8299551385436075,1.1430053796826416,-0.14967537401326075,0.4767725530026038,0.517174020189514,-0.3009322661261421,-2.0978875722020125,-0.22659111852722916,-1.9842014005858877,-0.974835576528597,-0.8082454929880238,-0.30538019680148154,-1.543542286526129,1.0449441039816103,0.8362309764108673,1.9529498069999902,0.1936282509182633,0.5885902566177482,0.6923475923176038,1.2426964792733683,0.5992276306643892,-2.513715019562503,4.037651672400565,0.9435505588439007,36.71,0
809,1.6377550185381118,0.11160082926958192,-0.4121565551918167,0.15291146093430352,1.0799831696342017,3.2335228325192875,0.6483790804037619,-0.5606248843752012,-0.6846808925126543,3.307121998111418,1.142720680780811,0.38319302992934523,-0.7517435646871881,3.226145818279656,-1.7680812423866143,-1.0551375469323623,-0.947587764225457,-2.0274261476289435,0.556930839687239,-0.03861713354871464,0.241644442828159,-0.10283150631929085,0.7578540563205256,7.477424758913227,-1.1922574089937898,0.24672821128627265,-2.130469579828345,-0.4085560672994739,3.9156278839857737,101.07,0
810,0.17599725212739498,1.558536433756644,-1.0046892788749149,-1.5715668229037938,-1.3066793306447917,1.9890930838497174,2.087578765245535,0.5558564515518563,-0.6874766264035254,2.306477045072577,0.19123578648687156,-2.030684121556804,0.6466143019889341,1.8057721709597132,-0.36139164056791484,0.6744048010569486,-0.1670063838865138,-0.7926735816164712,1.314407689329283,-1.1659200029569607,1.6726563636407588,-0.06636983921005428,1.29598946368899,3.253797038380253,0.49444092349360613,0.020001322150924445,-1.0791113566993316,0.2824157383236609,0.3354741723453333,50.75,0
811,-0.8956885116957725,1.9723696508076194,1.7297873874562433,-3.361836217995799,0.21028456389522832,-4.146763504867318,-1.4716571659822626,-0.9460645121255687,-0.23642593837068013,-0.33597777869659373,-0.65827325049522,-3.487212902551751,-0.8244232886633468,-2.830168132465574,0.8212011497518233,0.5548672402144881,-2.8077739191248012,-1.4498614535704824,-2.5497088181359704,-0.9243041684813366,-0.22832270667659138,0.9047498032588243,1.5367969726539592,-1.3157656216588178,0.5380348391544619,0.7565529007024825,-0.3737311487990097,-0.4623855644220858,-2.373999554678114,5.65,0
812,1.7408580770144348,-0.8482725020246097,-0.17732278789003864,1.3511964891869617,-1.498281809324653,0.2904273627966959,1.409564857748141,1.2285176064149128,0.489962309452716,1.328005363217987,-0.6771840322436437,3.0818426918849244,0.25289279569030954,-0.8581174471092976,0.9600608747015225,0.2997961715729297,-0.045508346706302105,1.8276200225977624,1.3082515179471628,-0.691930840617639,0.7377662535674089,-1.2396068113805223,0.7061678496688086,1.0351176264675053,2.339996321932448,-0.3267445899410919,-2.4108938481064275,3.177808212067951,0.734999023488022,105.35,0
813,-0.13076366860308403,-0.2661784456380806,-1.390805667775204,-2.1077543676330577,0.12006389573147619,-3.849357308900744,2.790977404583467,-1.047532781037,1.9251288835335925,0.47061322118356685,1.6168485525255556,-2.9967805472888527,-1.2900007982368336,1.6573327438713075,-0.5846618786742426,1.4474548323462046,-0.7941815947547448,-2.8653202688948145,2.27360113611526,-0.37291140409460116,-0.7957037388601266,1.6123121400237026,-5.980343156261424,1.5594498607514742,-0.7107439798880834,-1.1811503911016823,-0.15500936668806475,-4.51917391596722,-2.24934205813294,14.53,0
814,0.6549244483515344,0.8247058583048678,1.6544919295549054,0.9088186620095317,-1.9339148116774332,1.7553632172654465,0.47533333897293406,0.18959987667705955,-1.1150770384098139,4.786743150290539,-0.3162888299685981,1.0841062245308706,1.5019385487984669,-1.304119886222782,1.5099739879770104,0.44978261794435254,-1.410700089370807,-5.549383283268011,2.679130131162455,0.7532150359989478,0.15847513737027796,-0.5890130393147649,-3.1100294306764726,5.000241444695682,-1.49414979514256,0.4461709444432463,-4.2629841695476145,1.3252422358337297,0.004673095111352277,0.37,0
815,-0.3786786927501306,1.0234159286791615,0.5692578552242005,-2.227658987180277,0.21674008786497512,-2.4065052804258613,1.2636873197370337,1.0021926538032544,1.0316231128716402,0.750510391902032,0.34377508929615674,-0.5489862789514138,0.4886951457474786,0.28137835303998415,0.5547458082427815,0.7400242527800978,-2.6221700360512377,0.7420727906121932,0.6896047468501882,-1.2416200616581716,-0.5890917471564295,-0.5333589572203554,0.6023493143097645,4.377676330028027,-1.3697764892591158,0.17895641128644235,-2.0288212827406817,1.422557891283117,0.7594729829758228,112.37,0
816,-2.0160302195142723,-0.46492586277928816,1.0774164988521733,-0.9604319418595394,-0.5188000423713724,0.24892654587603055,-0.4577622953455922,0.39589810694336847,-0.5992744782651446,0.8136949938133481,0.43391643195015905,-1.7803806809184417,1.215325970476457,-2.6840466286904436,-1.019170621301904,0.1495882855706858,1.1919596675828419,-1.720515808987475,-3.089786770885126,-2.2593708838316977,0.09919285898828634,1.3843117530307858,1.0268701897321202,-4.424773314850634,0.7322676199282319,-2.045622890945603,-0.5084017995014666,-5.086147051502833,0.462770149976669,26.76,0
817,-0.0461792126592684,-2.392056502225269,-1.4820276818110107,0.32956716112838735,1.056258453447951,2.098311677952769,1.168350757137342,-0.5733049222313997,-1.298814858264458,1.0835782096789437,1.914039395881686,-0.5805424725391938,-1.4084491406020445,-1.1675459889826252,-1.1808659398008103,1.3852373796081388,1.6328519689454533,-0.023986831194731884,-2.1336418922512648,-1.7289756002047878,1.1335437921943654,-0.27741743142964365,0.9411570941885565,-3.6482228865744046,-0.7361867100886195,-0.3632635391367173,-1.1562722934598784,-4.608495503400965,2.3255609246843,104.29,0
818,-0.29773564888123116,1.311137210456844,-0.38698409915769044,1.0035190115029022,0.27845878944741026,1.5105047017883504,1.2665459520164624,-0.5900566735280575,0.21554563500995175,3.996681738481657,-2.2838024876644294,3.6115744584164404,1.5692411812847087,-1.540957614055698,0.7715225308761193,-0.008413665971365013,1.3819850769096784,-3.4020544994607613,-0.418833016110717,-0.7522888217614683,-3.3666661528369604,-1.4798649055088138,-0.2127467514196941,-2.2972948683215457,2.2112429502825615,0.7261275213503737,3.5573399218843256,-10.121005717710252,-0.6694132063714696,107.78,0
819,-0.1315940821633258,3.9097863450796555,1.7338831383786082,-0.1412624720156278,0.6078803331197599,5.1866811531794665,-1.290727169972388,0.9216912981427697,-0.801937475063715,-0.4735585693279193,-0.5970677813664589,-2.2065085779994185,1.2773740385132224,-2.213064571842585,0.47763439100988486,-1.319728656149004,1.8119376314804874,-1.0423159762886502,-3.026998484900491,-1.9097976696589267,-0.25859224058831165,-0.22113279161642146,2.8707775676158613,-4.881369533686026,-1.1935915640340178,0.4266317859767969,2.305292506748866,-0.9336322712964433,1.8876273377102406,61.73,0
820,2.6262892551952284,-2.7107307075574982,0.03726760958934886,0.3715662826197349,1.1392905176591448,1.1900080825287367,1.3694570445575716,-0.24677313147089774,0.5865122189668235,5.8623243266092615,0.055118855241070186,0.26466432105497817,-0.868729232791729,-0.9469965314948696,-0.5778818370028561,-0.9220213783058668,-0.1667308258890603,-6.549566603575005,2.0383731971156114,0.3699945072275205,1.831025723383669,0.16417582279747392,-1.8319381356765618,1.0133611870505619,-0.00641121737184105,-0.09290846984828297,-1.6557375359582325,-6.780931840969164,-2.857077062584521,17.25,0
821,-0.5678631472514148,0.5216063318516097,0.5017163242341968,-1.858706492741728,0.9444998536241601,-3.0857659141100426,-0.42161340068259234,0.23704122386302606,0.8433834529907315,1.3042187070061881,-0.9665818018663684,0.3394036165921145,-1.0103297875965338,-1.1166896815808343,1.4236311818185134,-1.9404302255083603,-2.9638318774941212,-1.3640204221866432,0.25212311300231893,-0.5503535878198212,-0.35603497501809656,0.7881800091451439,1.1350929993106202,5.350697871170223,0.4284546815603274,0.023620602414650072,-3.088622119586992,2.2431844318270726,0.5750907966565728,247.53,0
822,-0.32805645067676004,0.9642290244385094,-0.9123255140663579,6.411135323394123,0.8793072927089763,3.7383750670882034,2.0802949475305947,0.6546884930081445,1.818464378381593,1.9203714650975403,-2.1253291822056877,4.868056152837292,-0.4624991531999693,0.8443882687131218,-0.48401962319627845,0.8047874435273991,-0.28679885315462006,-1.0137811948765414,-3.5270023123265615,0.34285346578164794,2.2854305080713897,0.5652002170845991,0.5083348050286493,-1.3358017937925126,0.039309198743465314,0.11046875588613572,0.9931367105009018,4.569356213074538,5.096360408758475,64.45,0
823,-0.18166956961689104,-2.15456892283061,-1.287223180504095,0.28259661143322157,-0.8250929733350166,5.464132754086797,1.273510695508303,0.040321210739587866,-0.3157055522269598,0.396061400905912,2.2305214109672664,-0.22448467548476148,0.7815117256224239,-1.4693248828376904,0.09330993806096685,-0.4866953488295139,1.9726138589847544,1.6012568459002336,-0.5120535219754768,-1.4051638599397827,1.669198903441694,1.237130707788697,3.307206156827556,-3.751928412883172,1.7263353104565862,-1.3869704479307934,-0.15506488462471935,-3.1088225503901934,2.944617141934775,179.0,0
824,1.5861141314213119,0.6719138183527371,-0.20108793560036814,3.6680275519449284,-0.959850302216295,5.560854332313997,-1.7020571027799245,-0.12130867138958067,-2.074959680895303,1.771660624276239,-2.0105391402830524,2.2316220609027413,-1.2369532584428453,0.1844065852364255,1.9121780476629535,-0.937413788436313,2.773284759871296,-3.171656077526893,-1.6979822945579968,-0.41987416228435775,1.03275897659538,0.9280720066606888,1.2462188527243678,-0.7191159542407376,-0.2249195395553516,0.03808450571949245,0.7459763069448202,0.49550348105950426,2.540149258878887,148.42,0
825,0.5913201605738434,-1.716523878051139,-1.1916485388987084,-0.7182556990113936,-0.2899988843469592,2.1487742988552783,-2.4584504507386318,-2.1005143162337996,0.4132254496860355,-0.025546715153972333,0.2912898452448479,0.5795521627584174,-0.8673145087543316,0.982097816969952,-1.9507673273715016,-0.8291000521161067,1.1106048690026586,-0.6328199517694786,1.4681307483538912,-0.20290897858326112,-0.6794393909607177,0.6528803714722882,2.0271867045521836,3.636396718072626,1.932963175468534,-0.9481239464325425,-0.05282443004363657,-1.8199295032867522,0.8423938797574653,78.49,0
826,1.0644562081406352,-1.563605066932955,1.7648737104525094,-2.615821826095877,-0.13738859941677573,-11.977244547673987,0.29411732386810796,1.1543562861524255,-0.3844681126994213,0.8581785697362585,-1.16755026745007,2.2827647769811734,-0.06517676692225227,-1.2687274754783449,-1.3046459986144672,0.37181681099472264,-6.619113857501305,0.9256414658926363,-3.568427152606675,-1.0664334750651765,-2.364828237482238,1.3880900323792782,1.0140340487141877,4.790235188640438,0.5303943059247528,-0.1210414920675384,-2.6148913863900054,-1.3515839233412033,-0.07992737113411108,78.71,0
827,-1.7741103122787536,-1.8413498651254387,1.4287244671265882,-0.3374042100748601,0.5816701162790064,-0.6256345250068779,0.9876274541100143,-0.9006397479781205,0.5750384067461543,0.8419989700225262,0.34186115570581466,1.9424510101959647,0.46912035486475423,-2.1224610614978143,-0.26741280588854754,-0.2747675943754787,-3.347208147740867,1.002168064923886,-0.019485152547541573,0.13036405996182662,0.4892991472899742,-0.7202799841208976,3.281701311365489,-0.37787355259259264,0.8013943237833824,0.893415956689334,0.8608804116174417,-1.4851929076411545,-0.10482131958534169,60.89,0
828,0.7250968551153418,-1.76200869561377,-0.8918590703814177,-0.3459140175705251,0.9575114883231653,10.173212242020897,-0.5103220537989387,-0.20026385920186315,-0.31284659560597644,-3.3185615370104746,2.511935141419363,-0.6880624355697759,0.7262101547619811,-0.09820185414814908,-0.3603015187600214,-0.9149066049405631,4.4499769294977884,4.435065302112245,0.6316409893624721,0.37528800802786055,1.7242947723359723,-0.4630509567317495,7.195581624164243,-2.067206389508822,-0.2665684363037206,-0.36010781725437485,1.400185907402835,-0.0858135623704185,6.532853305693874,220.7,0
829,-0.28509551582833836,1.096759904885406,-0.34513723047659045,-2.3821648986090436,1.2008008194284512,-0.5300052552746513,-1.6997635149362098,-1.8740555027312202,-2.159268935319768,0.1333010568172608,-1.123717928954871,-0.7938279072228919,-0.23603419015604085,-1.5682859375004234,-0.4990082644297892,-1.7606364433375037,0.04154915499563916,1.432440225670506,1.6799987097732445,1.0788495665089635,0.16472858896840992,2.1963322345225227,2.7784403414646652,1.782045648438989,-1.2849446619548281,-0.4725008930849044,-2.2602369302407936,3.369421049137078,-2.2957781045168937,245.74,0
830,-0.3285532517902975,2.9312146918327473,-0.03425681910400801,0.637697401695793,-0.2504079935680075,7.2787677549308185,-1.3549747439742141,-0.8419130408340553,1.520277988882833,-0.6254428602420729,1.2084683429075125,-3.113789296127158,-0.0823305500172053,-2.0411801316781184,-0.9833767229486798,-0.952398385130473,3.5754208673364416,0.7879061645940474,-1.723700402658085,-1.8758090928476314,1.2090704277835669,-0.8080534290900372,1.485479321229572,-5.66408289941463,-0.4983229729424129,-0.10833484736929419,-0.9253247136588935,2.8018070032274633,1.8780409036562145,122.51,0
831,0.888838819539992,-0.29462504349511287,-1.1046249740939926,2.7924205708482694,0.12513299076967724,7.293604952466201,-1.3529496724932184,-0.7531115801973117,-0.4127440942215489,1.4531033614937845,1.6563959856248447,-0.08435462806372432,-0.6807216091177045,1.5993226833281122,1.2328667913867144,-0.4686605094797979,2.9482626709226993,-2.0184519382516264,-2.2166876187445044,2.0365823566720804,0.06200514968419635,0.07610241646858744,0.24761043987698927,-2.272870876664714,-0.9191586584740024,0.902491655557847,1.7515805462377632,-4.222853512290923,3.196635504184281,262.37,0
832,-0.4637576947995197,-4.386597500188318,1.7635193328176995,-0.2559354547980205,0.9370139368194832,-1.23380652429137,-0.8745982604623864,1.3958616974520976,0.054777766987373216,2.0117010080084206,0.8840973120946719,2.2740448140375693,-1.5614322596483823,-3.252379952148565,1.9240378438387487,0.9126591375517253,-2.0210680585477157,1.4640143292375676,-3.5728490566777027,-0.30449145407532596,0.6453970443522858,2.2109592112728746,5.431836550276331,-2.444744423415388,-1.0918805717350637,-0.9449562707797498,-1.3396108024440576,-4.888382604884959,0.8593693419391264,60.33,0
833,-0.3044430708393211,0.5286697156898564,-1.02692237528325,1.0153483020434755,-0.8931142316154002,3.9128719027494165,3.8476700936102795,-1.37794017655884,-1.2391718831138179,3.549782275242481,0.9398133215096268,-1.8469411512916751,-0.7516627543050256,-3.9854985014968443,-1.1331960129701018,-0.398538752990072,1.0063551407159155,-3.492887341181609,0.32891031661605197,0.620483523927288,3.520023922253831,-1.3011841325285654,-2.0136519683175376,-4.966468279285993,0.12124469529590592,1.0100157172213158,-3.6112575382921825,0.03233842207806371,0.4296041529890587,29.42,0
834,-0.2652287522247021,4.2506679971405985,-0.7497758750318108,-0.5428524265062161,-0.3364355776120064,8.666230272647756,-1.5993949225083528,0.08165522477277443,0.4014981505462089,1.8521503984073484,-0.6679410062864392,-0.9716236452113496,2.1145434623013015,-1.3134512271135166,0.5608432859764206,-0.9172066963350255,2.887184716358235,-0.8461670656782477,-0.31647640260415455,1.1721263095893824,-1.1374394956136615,-1.611698441937195,4.493475078162017,-2.0951669887643116,1.5997042010481028,1.4413991103217594,2.342353660559968,-2.7446334444377416,1.1814247607063852,15.35,0
835,0.9046574819098411,2.2559727272931824,-0.3913304052288644,-2.8944343861020503,-2.990601448204536,0.6098644055072265,1.288984678716925,0.6064926261587394,0.4935884858741925,-0.9662137080577925,-0.5766863337998706,-1.8369103009099732,-0.2462744114175397,-0.9885486266908482,-1.4485810468269544,0.11842454599139433,-2.6134186836605675,0.967787270666662,1.208818885591615,-1.8973773305228165,2.150888321794759,0.06987638359648339,4.41423602976655,5.016529154234968,0.4242911326544627,-0.46932818131755216,-2.4260867561755988,7.107568946955703,3.0289840837055495,32.32,0
836,0.7539120651921329,-0.4163134904077682,0.1585496531596428,0.2088242832792241,-0.8042679214494173,-2.1289061707564128,1.1668682450286938,0.08259051687541312,-0.0760489076970426,2.2995345657413315,-2.043105152817894,1.3878057534170014,1.1754540123391348,-4.7038011450481845,-0.7602623997034793,0.8697620581762918,0.32727508724759846,-3.3840616354826314,-3.4310636084857444,-1.6056334030627877,-0.4495319538815293,-0.12983632584940336,0.5312695830902187,-5.546995900743902,0.16504063653773915,0.507879845068621,0.2781597026288638,-6.823333240562637,-0.09826530044773985,35.85,0
837,0.2778428094718478,0.04059071087153443,-1.1763818545155131,2.604779086419555,-1.1080533268294424,0.14524791559636097,0.8260675422581109,-0.03358540476718952,1.0303166954736713,0.36232688140407854,-1.1296806531827017,2.6418760028038775,-0.654220261327759,0.31678280750611243,-1.403499016998488,-1.092701863247086,-1.1687638450281708,-0.7729143239854435,-1.8088634764952545,0.7447382697153198,0.45602015174467525,1.2977738137911687,0.17036580613343497,0.2964300698950267,1.7758468947911954,2.344419387763796,0.9361270529852892,1.4843069762266838,2.5885071945018634,246.3,0
838,-0.5484036812635643,3.408988813371466,-2.0919602950264222,1.4949140971396013,-1.3067229692119573,7.789778553666987,-1.5224564332172865,-0.6840434450400951,0.49979267547899797,1.5756773160986621,-1.6672412344786358,2.9540756476345185,1.3701389048045567,0.18049480466030998,-1.1145072680940693,-1.5821751114432072,3.1613981862881118,-0.9757771120302866,0.14426652776463122,1.2460589249202312,-3.5796453934986707,-0.9268848322861801,2.8403452934577818,-0.5836060745451308,1.3658566253313404,0.625120456339924,4.714011216941432,-5.108132423489728,2.2600191446107347,295.49,0
839,-0.4867682329547862,-1.5450557656836785,0.6055129202358394,-1.135263972018738,0.37681507104077705,-4.711890451528581,1.7015230726852382,-0.8652106003537336,-0.7129184102428672,1.5783595363440095,0.35813729468939604,-2.365457480619927,-0.15841623466821794,-3.9422721880257168,0.4360510747759399,0.9390098785218387,-1.9750027259493628,-5.826593955557933,0.12971198493397862,-0.8901945732223427,1.4906939533104195,0.8728789499187865,-4.861903321179307,-1.745683976434116,-0.711058356600492,0.5444413336690117,-3.4571812002205813,-2.147412378430742,-2.2547448035674167,34.69,0
840,-1.9126784014656564,-0.27543082704825206,-1.0654417395505857,-0.7167530846605237,-0.38510537684445295,0.6723937440170652,1.5813158364689148,0.5305956648893245,0.3989371941674486,-0.8552580149164385,2.6091781684836626,-0.9245650522271851,0.6638931260961353,-0.8122800374104799,-0.828067193225987,0.33073003509746257,-0.24209137556405635,-0.25865207517400446,2.142332611451371,0.8645158657686794,-1.2223621365662884,-1.0764820498948993,-3.493051126126308,1.105222351883727,-0.7326361820476124,1.3230092687080401,-2.006799082229604,-0.07397394981706504,2.2224999938211476,303.61,0
841,1.2403834346054217,-0.1486633933738618,0.3326127589499748,-1.5765576126378975,1.2199431992328313,-0.9821608994555219,-3.4672589223851658,1.2683586114960674,0.5967937773308142,-1.1159133260502188,-1.3212351962646713,1.1512037358514524,-1.2289449064718925,-1.3019453132604832,1.4574379493704361,0.6862885417318136,1.1947327406989519,0.2602365061441675,0.04443920496187881,0.14987219793527454,-2.770513789763424,0.9368056771330601,2.1165954642477,1.6664584124044375,0.7203574983935084,-1.031997891365239,-0.015404176975993722,-1.7578889970373623,-0.0253094290241046,79.27,0
842,1.1522333855646156,-2.556116634143633,-1.3124963516250174,0.04099879947254692,1.4314530207878553,-0.28486462893761755,2.9519974196706187,1.5669788473699928,-1.6980761479195645,0.3471928472741628,2.9184621772692325,-2.0795917478158823,-1.1862222615110427,-1.5191614999050627,0.6154392512912192,-2.1349218907610115,0.9290391055365707,-0.9537967531555976,-1.3060099729038632,0.3601901843652216,1.0178318165804605,3.136686048322273,-3.0899401083003655,-5.8818772059462745,0.9256669479078613,-0.32170031193359855,-0.564919588802247,-5.9621978255451875,0.43707929844438204,285.44,0
843,0.5510969833098386,-0.5133144411953628,0.6429313324226437,0.16462401918433878,0.5875252900639945,-2.5453130571206075,3.436277689953389,1.4886019419519942,0.7776404379759422,1.2595549601719063,0.09522380218576898,2.2844277949941065,-0.12816917026649377,-2.496860473311124,0.7760028599347263,1.1682325990194617,-4.741081642004625,0.06214266276508906,1.0315133180842202,-0.03388384281391958,0.0798406470110875,0.17958088931913696,-0.22021993736109152,-0.42343036996008104,0.8705507172005115,0.5966056135920548,0.7034726631694138,-0.35013540069738824,-0.7135212977591617,63.8,0
844,-1.457273658199453,0.5202869554536416,-1.097643363578611,0.642088546507035,1.6888221923026767,-2.250815628497555,1.1081556718994459,-0.023870968309452716,-0.7794562012522323,1.3227887898513835,-2.181761007680123,2.8817890150922936,0.5079326699620159,-3.196965443517203,0.5095013828244059,-1.040467307889566,1.284896054662314,-0.12060165301884929,-0.9348413620266037,-0.6604473680075832,-1.8530863066497636,-0.7415712588935076,-0.8035874858882393,-3.477207584439468,-0.5854450209199682,1.725998002094337,-0.4786481110142967,-2.8707924984262787,-0.6628266601696827,90.73,0
845,0.8729856413425691,-0.8383048301656132,-0.13987035877271356,-0.8971931759619372,0.08685977581361101,-2.1406336930999275,3.3952641846414857,-0.1669213335892823,0.8458438446846879,3.3688736920154376,-0.14748074409472223,-0.5117952312301158,0.1965119260012147,-0.08177124888698573,0.028076181116170988,1.701325106456654,-1.94536367626714,-5.0687563739320085,2.2079918851511757,1.1995378386479092,1.2722865564027295,1.631152515028004,-3.0774602581914254,3.6741301798317916,0.11641422789067367,-0.43818111919734926,-2.029890116497053,-2.75489314212332,-0.6324568443672903,118.86,0
846,-1.066363075384819,1.4851015835592238,1.1030832782933673,1.5215222461079896,1.9440176500004416,-2.1224610450509758,0.3211216959977993,-1.0702554400144162,1.090979027619465,-0.776885786207297,0.058978434038444605,-2.2016909064648655,-0.15575530858321,-2.1453578858203275,1.6627772891794692,1.3010966934656216,-0.24147361792767208,0.5912927070906951,-4.283903497457591,-0.0865461606806029,2.220830500350718,0.794926017673945,-2.016175830830597,-6.10928658421614,0.3671654050430446,-0.06695889031524577,-2.4872584563569013,5.336148877520725,-0.28926693459516983,456.46,0
847,-0.148283137927403,2.892613006579005,-1.3358268451505217,1.4011464486610365,0.12677060114211314,7.563085613215851,0.4050105311925668,-0.9220243251771819,0.4664559729694125,2.023718196131669,-0.8990341124145296,1.5859216509170369,1.8476600029424488,-0.80694251874871,-0.0971895438234364,0.019258967351125547,2.42839029424892,-1.104797656502418,-0.906410562100648,0.3086752940556164,-1.50069089193869,-0.7158259138747501,2.994251904024484,-3.051565475627816,0.7533311717782117,1.0177959690359604,3.9727065377775883,-5.061240437183187,2.4422352772528573,177.15,0
848,0.6043042797015853,-1.9980892524047764,0.9622177013994835,1.2317872103714813,0.5081906548516807,5.433909326905311,2.9438065080795077,0.513211050420852,0.2736459874697901,2.636111821631727,2.360668658391594,0.17410692755142668,0.9526867549081701,-1.7652647343172192,-1.6688667501940821,0.13302073809059622,1.1891532698581906,-1.5892290448851263,1.837082740107856,-1.0658741004848424,1.6485036044916155,-0.06657344933036004,-0.7907263378121913,-3.3642311061931616,0.14245175905206084,-1.3137193447931608,-0.47019933438670286,-4.3271774287002245,0.8663919920931377,9.87,0
849,0.9248262123767372,-0.5923099750020379,1.2366197421429752,2.5472915868168773,-0.7472173084867436,1.728924964599433,0.11788517528958076,0.06429487858758168,-0.48512994209987004,1.4377543969163478,0.6065623832433725,0.558994454052445,-0.4626447418812982,1.3487962285877675,-0.3300527352440008,1.554962727725765,1.96290299104205,0.5013004352982334,-1.5132222043823864,-1.2630353535770662,0.9936873990059597,0.9468614616461799,-1.4613488019380632,-2.005901143858053,-0.8463469915126599,1.1475206166322423,-1.2672894274377287,0.5186569793124366,0.41420417543400573,191.28,0
850,1.1312990502497464,1.4362281094580311,1.1508346496843629,0.13914526969398167,0.871705131061377,-2.923512986833525,0.869600376802938,-1.473280172893692,-0.9170280287407904,1.5433403763832474,-1.8943996397202034,3.3544105749027127,-0.0863849843514986,-1.3597231358058472,-1.5602419775537173,1.8546621338595848,-1.51727431075241,0.2122306325036577,0.22834154910622628,-0.05435127440020237,-3.127464796099822,0.4866194801281112,-0.6532671239971447,0.09149475354533541,0.19028290992242175,-1.3925125671384784,1.344501711329867,-2.5754930703711674,-1.5408208709454958,31.58,0
851,0.9094591724975633,-0.4405098565240234,0.5498876819020168,-1.364117421285021,0.14292212568995877,2.2119908705423543,-0.49455910771583744,0.14583626624197032,0.305402681893426,0.5436480670281757,-0.3736256755353845,0.2943371623687478,-0.6557973114697923,0.5465626802025073,-1.941418066886643,-1.6095021238917289,-1.278741823262283,0.4479997188742265,0.5416600996954835,-0.09098613803923626,1.1841274685863081,0.8056914739222492,5.426970265600207,3.764197625519917,-1.0978762882546842,-0.663746446598944,0.5189825251431391,0.3846205237606723,1.5749303684733698,16.23,0
852,-0.624714166853275,0.12093143297305353,-1.2372549828746278,3.134627223740904,1.5685339387093264,-3.3574748967400514,3.9086157446084804,-1.1814412615773098,-1.3383418253219395,1.398251922076549,-1.9421239177217604,4.6152277516983515,-0.15141606798642662,-1.811242556468919,0.13916846173262085,-0.710282037151078,-3.2627516312133307,0.5524816100048274,-3.3439147989191107,-0.7146128121242966,0.37365998681125545,-0.06602198594602875,0.01649193606594251,-2.9290377232968092,-0.4191337935889047,0.153427380385389,1.1772990850425216,0.46781878500221064,2.0127315312994623,184.03,0
853,0.41768140501724765,1.1730492498419953,-0.131120463249672,0.8976836598087036,-1.4758710971014117,7.00747821918366,0.30430998847296176,-0.702063562355312,0.18955986050867568,2.427428788968268,1.4166748244871545,-0.7918143740094806,-0.34322606870467587,-1.6593616992007847,0.45740074279174425,0.13897565236328388,3.636011990187751,-4.081773525249046,-3.269786610236109,0.3535139844484254,-2.747469483613234,1.5027276807992853,-0.15033892777101307,-7.408517853690461,0.19087993591870805,0.09336519293159469,4.732589790210421,-13.84745176158278,2.3871413545791293,78.73,0
854,0.4012824161772051,-1.94947520473273,-1.064377764237964,-0.4701139329891043,-1.3762212204043263,-0.7334108204252996,-2.633219042526914,-1.6061208808681247,-0.1220596953690234,0.6583079130662515,0.7255990425517161,2.853936600860903,1.9024298804711979,0.8258065648706955,-1.726836148020152,1.5995701220705898,2.917791782375852,1.4054430116863617,3.6855185693955472,-1.3394921629700358,-5.085347642883706,0.565255056257987,-2.9301236526851886,2.200981568907049,-0.35210499414442864,0.13697308959866786,-0.5687738192330892,-5.509660404388001,-2.857428393347002,108.43,0
855,0.5170276448247577,-2.3175535002964565,0.8686540584366282,2.552124097946592,-0.020787183890901204,-2.906659684121441,0.4479609891166486,0.08971056911931645,0.5456106633808282,0.7689866025377528,-2.93725727340304,3.8645136119783126,0.2036922784764595,-0.7191328862779682,0.3962775398868718,0.9805632589915355,-1.373894567326201,-1.7543530341081972,-2.531813648289752,0.9239743341675953,2.0772233588516986,-0.6601640866135599,1.749771896153838,0.8147269224397659,1.639297135207276,0.8585514701033784,-0.3715162221775995,1.5619894263555443,1.881278313338405,76.68,0
856,1.2132388366643199,0.07643011251415921,0.08300105205284822,-2.182252670406332,-0.16279168174956857,-2.2161971487890653,2.449971796233569,0.2931361062238891,1.4508473357321354,-1.2553107043044567,-0.6887178463247213,-2.1445328207438914,1.1182048597593914,-0.8198102777084867,0.4212222394352376,0.028680695698867664,-0.4758422172441523,-0.4593633819354005,0.5866556828638156,-0.8947229994386405,1.6883845016492613,1.2805186368369963,0.7218222163957464,-1.3069928827328163,-0.1822867064294734,-1.1820620738764558,1.0740521057891295,-0.8719999963709799,-0.8702469705648351,115.39,0
857,-0.3993300229002119,1.6672049954058545,2.2033098152577577,1.8204534997351578,-1.1339463359678041,7.601145833633684,-0.7965465748925619,-0.14158441929433813,0.5066364549090028,3.16057054754339,-0.8246658834860612,0.5355033828851069,0.6321516296907728,-3.005431145292846,-0.40086533500970234,1.29963128530344,4.529824090540957,-6.005260893824167,-4.437006218676658,0.12592382048545514,-2.2833305514031097,1.7706418724626733,1.268139122428039,-7.428182798347603,0.08038503876365498,-1.959181608735977,4.242698613366563,-12.97285783117441,3.2528339655758454,126.0,0
858,0.15085343680683233,-0.2225967107728286,1.8871059829532455,-1.5621905621346275,1.0351221657715732,-1.6736021562127361,1.7909830297118967,-1.1782146354129148,-0.10300787576864179,0.30913056126777716,0.5812596848389184,-1.3901370817967327,0.08122792409576554,0.023987401715079293,-0.5666656054089627,-0.7091912725137224,0.4087904624558757,-0.4782891766965373,-0.37119065298964415,-1.0129745958199576,0.20113932460212647,1.5570271522103123,-0.8586658377403681,1.3137379351879013,1.2350557355075837,-0.31170421420774647,-2.415581109780601,-1.1755341126842938,1.8696732652716168,157.44,0
859,1.6462833835839772,-0.36556053781525055,-1.9178326617980233,3.252536143219908,1.7469896981754964,3.7185169019795783,0.5526486292432992,0.9258046415960592,0.8166247432622288,0.8900784118758396,-1.164210077370615,2.956586289873909,-2.182101294200962,0.44433177429417203,-0.6348026834673863,0.46095864185730206,1.2509806534325567,-1.2076332538010914,-0.917147265972067,-1.181190940595717,1.0491170140472872,-0.08191229572560826,1.0096486800984787,-0.03716152372179717,-0.5690613908465737,-1.100096962577806,0.8069884224932908,0.774749517727051,3.476391512539283,154.99,0
860,-0.7161945136133265,-0.8837927439726726,0.2805749659586189,4.358893730623405,0.8543173391737832,-0.050503214057985295,1.8494518604880708,1.1912351951807418,1.132842211712895,2.4990945555345907,-1.9190068442262356,4.892559443054717,-0.5829294955992674,1.4270570271667817,1.1053139014932878,0.04450208231923648,-2.4785865574645096,-1.66471723545894,-0.8835220736293717,1.0945732912205675,1.605943399862467,1.0708575979124821,-0.18775605512018928,2.3549044102276193,1.2917478507326312,0.19136225411161115,0.765819644805995,2.5241626254390863,1.8116507595479523,42.84,0
861,1.3494731052616238,1.6823645423159888,0.8930043681997122,-0.1174589404265044,-0.2084926310202796,3.283607783342459,-0.2834226091960077,-0.7355306659075819,0.6619395840707996,-0.773161088047417,1.1603066068363272,-2.597680565723207,-0.08883214084491302,-2.011844757426315,-0.7829430792723844,0.38485056468220186,2.4229467431080733,-0.0019213398255332192,-3.447374111375436,0.3889585360402897,-0.4853188916078034,0.9974209381243507,0.6068024985862227,-7.03295149514384,-0.3308235227242045,-0.9564671437396102,1.5312558373212628,-3.7796491657056306,1.4681554468966735,98.08,0
862,-0.32206139647833193,-3.086148587057291,0.4802292619057029,-0.661418378366459,0.8718445698740908,-4.037429792630922,-2.7542267836260317,0.17215866960644105,0.2991834608137983,-0.828175228195729,-0.29422187470983074,0.4610395561996084,0.7158646295711472,0.06714003535119639,-0.2507876072106319,-0.1326817797198955,0.04049634809217828,-1.2746578755275302,-0.36210771952573473,-0.5043652003806066,-0.6275398695024494,0.15376382954470624,-0.7609698822636635,2.5288684658828124,0.0492974252171587,0.4710804040968864,-1.8188391187388908,-1.1173509933536538,-0.6864002124659837,67.99,0
863,0.6287305482596371,2.8698654103498806,-0.21191059347748104,-0.41911185065115675,0.3912849571208737,0.7514960801660353,-1.2190756097181312,-0.9653820207044944,-0.7296578822941202,1.5872396318915376,-0.7838930809319201,-0.9289602118992223,-0.7098426594447239,-2.1823981679075812,-1.027994073217439,0.47911912778277205,1.8617721170964188,0.046529017069191436,-0.19849718128392757,0.03709234193645584,-1.278120800225002,1.1301646922661168,-0.9701164532462263,-3.096612692617238,-0.6546030209289879,-0.18759700009161193,-1.6165934544794216,0.3485128236289059,-2.8733072655840455,85.08,0
864,-0.5698979194121059,1.7091430719992213,1.901384665586316,1.597048332233853,-1.3770401894370583,2.5844442892909325,-0.4993703688235621,-0.6145293391735335,1.3627408269989625,1.7624035209816789,-1.4801528131592618,4.169263521673593,-0.011837146240324198,1.9940153278894912,1.245821554963504,0.9207545652572385,1.2078146268025047,0.6261563072612383,2.7540174115447216,-0.5384998869943409,-3.3155002275584127,1.0611317569487992,-0.48290118942195165,3.3315978874305463,-1.1981584124750106,-0.2869175759376756,2.046685216336549,-1.186605881352299,-0.4316438678291904,8.22,0
865,-0.7093500383016634,-2.018938686338022,-1.9584653654033375,-1.423055174447971,-0.8063686767124157,0.42812524317414025,1.792450465323848,0.37667828695457545,0.8495818674723595,-0.036115021375573764,0.9673538626069917,-0.43240436755156486,0.29260724150560335,-1.6563173669390354,0.4166211860707552,-0.663980279708462,-1.884608738233824,-1.0598385163496886,1.6139871784647646,-0.11188009906918123,1.4769460505082037,-1.3364209270040848,1.6904269333135382,0.6496049403854259,0.849942886148695,-0.5227834729969192,0.17591757051744217,-1.8133427376720905,0.8038224112924531,174.72,0
866,-1.4048966975421424,-1.7429220031076116,0.5235476578713052,1.310813191888077,-0.10117671227742496,0.07102652359127655,2.391548324308259,0.6523733807597761,1.1201894604068467,2.824687358346416,-1.0462361925519739,3.508360122621412,0.7884710400131903,-4.654627635075819,0.6585259624305833,-1.788463949726815,0.4895803653391225,1.7436544892660897,-3.1025076885995957,0.06289991740664033,1.1619779354936166,0.4771231706295671,3.729809025140393,-5.56168122527758,-0.13215089013486142,1.1822352190216612,-2.1450641683338265,-2.582207762861285,1.7125814547659193,86.06,0
867,-0.4105591886864966,4.4240865203097295,0.8785325584748495,-1.8297977107769954,-0.6762615106134099,3.170447138347406,3.9015563423642345,0.5445132224284427,-0.8727834278536748,0.43134909884002587,-0.4281336567810069,-3.522712975586508,0.08684851905539678,0.00560272073365331,1.1442047979041359,1.0445465781431837,-0.00781806224550985,0.28279494329128274,2.0602797034060774,0.09728466512625855,3.268770853501238,0.11399358939169314,1.2675004692986553,1.748045109733594,0.2400498284919416,-0.1242884594829956,-2.2171226494218157,6.952532244693903,1.7169578068415379,26.17,0
868,1.1004284422568642,1.1029253693967536,0.6429931547333338,4.346682556035165,0.9988621603282145,5.402607912478477,-0.026968181223714027,-0.11191668519920464,0.8802141396241769,0.2568132687380482,-1.0485119730213432,5.054100281668033,0.02796654397862666,0.2660503870379959,2.2461880135582653,0.5567959468277808,1.7681591227148201,2.0156357337635105,-1.9206155368889997,-1.3111438217869762,-1.5834528292863745,0.951056862481465,2.0279588376544098,-2.542313711221825,-2.911549919320649,1.8041190919644037,3.209759793461825,-0.17053312467231518,4.0970388520308285,4.82,0
869,-0.9416177655837017,3.430074500715049,0.9506278731265124,-1.2689443383566252,0.3763670371991087,6.481141093897532,-1.4183569070048527,-0.3125670580213269,2.0305457232242023,1.5188461177883572,-0.7762982564142915,-0.347641132995778,-0.9260621643490131,-3.4046577386876544,0.22459063324999182,-0.17252437332674642,2.176864182163534,-2.035595858429561,-0.3633503130250322,-0.31249487814126115,-2.495062306343783,-0.5223599258541148,3.5697059038210424,-2.803632947053308,0.38658258917092975,0.5059343058207516,2.3661867843118287,-5.568877701657656,1.2221110735730418,69.41,0
870,0.2503986972793056,-2.393353329689689,1.1899197160476673,0.9408289277036127,0.23723487563101686,5.348397890154587,0.6420431499047308,1.8146734477127877,-1.5586998053939083,5.248366004562854,2.573815305597603,0.45004898045935254,0.9368991943041058,1.3907654910706766,-0.488137724058426,0.8194212072052708,-0.04922062515568981,-2.6584605041501925,1.1434006865581599,0.5380847863116393,1.0161496855209138,0.08722989241942036,0.49915834794051656,2.345995574686819,0.6886622951464159,0.8261286338229519,-1.349430147291257,-5.55249718276987,0.6227333316591303,108.46,0
871,-1.3669391585821093,-4.7142613997533624,0.6063215333663162,0.6181881681367779,0.1961092921318354,10.10254462434525,-0.10272201220593014,-0.44709659786565714,-0.16913496067196493,0.6445276216509048,2.5417117801745994,-0.30056946421019776,-1.4320196312208788,-1.000480131360603,-0.873782887108324,-0.37706081718204426,4.016245791137577,-0.31785530415991414,2.0612497742702467,-0.6144154802612122,2.6601004505395536,1.5548402404262571,5.074032358256579,-5.880513668426756,2.0252842086214446,0.0057212810991223995,4.146508140734904,-8.930625125997398,0.07852821465274573,45.95,0
872,0.03099576965590695,0.012579150582317844,0.6183769205066998,1.6028070181271707,-1.0018147955623886,8.180695088060732,1.4599092826759872,-0.09191682206947607,-0.4324795732463792,6.034560473954701,-0.07969928232367263,0.4137478909020286,0.8816636484090471,-1.0480404136054835,-0.8536480466142033,0.936820043574258,3.929993801173145,-4.893063291853797,3.223120194491389,-0.3271161562906168,2.1254942108668904,-0.43784617911268076,-0.7045047250348525,0.1486453109529192,-0.9005308532934306,0.3679009793272648,-2.9768678370507975,-2.9206596015965807,-0.06351287162178398,161.91,0
873,-1.2485816890997645,3.9126919973729284,-0.7482746547776955,4.10669908923153,-0.6581134930916945,6.127589557505195,0.9878328187935103,0.8586634390775747,-0.1147888216345503,0.4295719095214239,-1.5101314022372927,1.7767563376525355,-0.4202640311588286,0.5394311572812128,-1.5028017113050698,-0.20013455422813764,-1.5601651906758462,2.434336136435398,-0.8578513273345693,-1.2099650286671761,3.9974038871526285,0.5429852023911051,3.5453855340319635,0.4971799489464852,-0.24409556215854147,0.20681636179140384,-0.5882362268650111,13.469893969882586,3.2867032519493664,82.56,0
874,-0.30556379464283706,-3.2385848004830486,-0.9281318938497849,-2.442091150209862,0.3560404439880864,-1.0080826383001942,-0.7697693162959881,-0.592063672282482,2.2809993380748588,-2.1506807026778163,1.7978131074498291,-2.903320935839956,1.5510997991969353,-2.626750176712137,-0.5713621759117792,1.5808149062932333,0.02476248041761475,-2.499009444650222,0.7841359701714832,-1.4267950328241767,0.7870398818250388,1.0673547099161793,-0.3932182840320642,-1.5477073432429043,-1.4138312917103495,0.7999035915011512,-0.44977766538615505,-3.8271501199735307,-0.12997665922167656,152.03,0
875,1.4695913674337262,0.6297843677931146,1.7519208102733048,0.5428179256279716,0.13318577249500724,1.144047880816605,2.120679496503241,0.4310621293964528,0.024047769119065886,2.283166468593274,-0.9576964128391298,0.8987866390631101,0.9503156578186444,-1.4166887693822332,0.8223609391148812,0.09165007760114174,0.03065063232775167,-3.2026852715981744,2.084334750503373,1.34729690018783,0.8292679120046871,-0.7756183088639343,-1.7065148515149597,1.7304062104543638,-0.3784015279620916,-0.07256206525627357,-2.075633652606881,0.8059835711720759,0.7467130482495458,160.03,0
876,0.4260250117929784,-2.9492659840720865,-1.1950705635150563,0.7503667488302901,0.5605292848705127,-1.2372555564415304,-0.762750868547428,0.6830625815082649,-0.14726982751294532,-0.2315984487394397,0.8292140801785716,0.19659609221085797,0.053514274313560234,-0.8247615611739751,-0.28948326918784945,1.7107757776943866,0.6926380543165279,-1.4130620378417555,-2.0582633731025446,0.06410256495022532,0.2814169445843683,0.39452360516187573,-0.9706437317109262,-1.6428079990935458,-0.9544040505751428,1.970678391466491,-1.0952525193029357,-2.9362821275848066,1.317380008940516,73.52,0
877,-1.2224792253175578,-1.7609588064721349,-0.6980315046409635,-1.5461089138213566,0.18909955676685122,0.6627164937398567,0.7753860922749963,-0.8653223260478031,-1.214556642322691,0.3582046452740889,1.162589031273905,-1.0184943744812962,0.6209215568891648,0.5341459291010507,-1.9478237331009474,1.8818018326401498,-1.8835520668688628,-0.370353284922303,-0.07575061329430743,0.21197093564998332,1.534881328430282,0.9322783548263736,3.176227780936232,2.1216540490160822,-0.5681449052554144,0.5276965033001229,0.46548694683914393,-2.0979177653814616,1.4329713684469083,48.48,0
878,0.8638273441557671,1.4236437737691776,0.9076118110467684,2.1765459258746347,0.140293425700544,1.1009618887355177,-3.919173348545669,1.5912152908822934,-0.8725112766056362,-0.6764264276180262,-1.5731648793486896,-0.6122559673342552,-0.824222439367453,-0.6930641718920275,-0.6445077018756719,0.7582823861179211,1.686736026497553,-2.013725254653331,-3.9669509627581148,0.7936392943301029,0.6958341113326779,0.5427746739125621,0.07236195203359491,-2.185015986588485,-0.6565769633469216,0.5974729338967611,-0.8392729643744875,3.742599859335736,0.9009111884135949,62.59,0
879,1.3789112430016826,-1.314586319171927,-0.7181376587627298,-1.6375867436757394,-0.5242284481045876,0.03778233884682343,-0.3883123402614659,-1.3191719578321237,0.14820296862789786,-0.26622227400033005,-0.33765407808846704,1.7048439339881865,-0.6153923257548771,-2.2050930297667315,-0.7027270654272929,0.017641808735019672,1.2940429358406471,1.1362670516861204,1.4436735484196999,1.0530697175949124,-1.950314971388015,-0.15717849993016805,2.120436119318134,0.03911938513439564,0.3363218096216861,0.29378668827472265,-0.16920598623876237,-3.7644898266475852,0.3911599832559932,71.64,0
880,1.476753729848928,1.237466000870621,0.16685938989267557,1.079728441708236,-2.3380087167915513,4.585157044125087,-2.186791366643236,1.8418780020912402,0.7860963201043751,2.150067036588946,-0.46341318814632954,0.32434579036479816,-0.7324538759713198,-2.789327021476542,-0.9466099102115474,-0.3013318614033824,2.6872831919615305,-3.4246916410055386,-3.5707507173907493,0.39726633562149777,-2.032167004162748,-0.39075176990461724,1.255835340898615,-5.2591569080831,0.48107036951077237,-0.7216221912293651,1.931109236519882,-7.63638813438654,1.2805314012752427,102.07,0
881,-1.4747960267817681,0.8891930506741547,0.48145410581314085,-1.6014969131390127,-0.5706986705310843,-3.3187615230433263,2.4536306779025097,-0.23886439117963779,-2.562767861861198,3.43839576856051,-2.119966551028232,0.9498537206557849,1.568146705571757,-1.3433944747284159,-1.564183402338887,0.2979615561644564,-2.987280685491386,-1.776082318420881,1.789642459030386,-0.21177712926787717,0.8171829916140186,1.2534428230776133,0.792501266576194,3.2132300108122185,-0.4908839576607589,-0.8655628263964125,-1.6333423782507457,0.24965426475587857,-2.5963968424348334,188.72,0
882,-1.5703491315448055,-1.2698389773886445,-0.05175323929271306,-2.357690985831655,0.5540455708397536,3.630116128309174,3.0837989928798266,-1.0686280306465419,0.6336370719826828,-2.0716775688267663,1.4886888845530772,-3.6690832201377463,-1.705493443844894,-0.3182866266486244,-1.8418395745742793,-0.5354062587449706,0.9866131324353579,1.521566800320795,0.3296888772057831,-0.033602797261205374,4.171263807495234,-1.3780473227538503,4.886125593736314,-2.806440186335937,-0.11557084180660139,-0.42028207472988716,1.6474760987382027,-1.1688896704640908,2.377702577341192,58.33,0
883,-0.13244471969957244,-0.8279333284659679,-0.18488498309868595,0.9055235430905977,-0.34039515671586396,-4.995382445958363,-0.35449739523167023,0.746394873522203,0.08543868521990976,2.2188892462444345,0.07142049232804348,0.31969079506113396,-0.8169012518275693,-0.965342467291791,0.26170728347633937,1.7662424096718539,-0.9934144096572816,-3.899757439901972,-4.002078143022698,0.058438694883587584,-2.7246139162502447,0.26532805499989953,-4.636156273880432,-4.267655625740227,-0.7120406554180231,1.0045978671244824,1.5530514848234467,-9.17303765761816,-2.569831153226865,65.64,0
884,-0.08013706787980918,2.0231711231302567,0.5177207640270725,-0.3880695890605098,1.087726751338853,2.8898947787857487,-1.3613830500715922,0.9565494617872686,1.4619928308683203,0.4253388948045919,-1.2204545205326165,3.373692230711429,-0.2567338034800533,0.09285047462156182,-0.24673728055347494,-0.41093507657386175,1.5067840125817094,0.7496623116424806,1.656965976669,-0.6298248042464099,-5.2079825941500175,-1.0110371300457306,1.680737247126273,1.3811807125364493,0.33429996375100834,0.19302213271794288,4.021670700457658,-5.754925299261344,0.5006899916084135,56.2,0
885,-0.32904429524238493,0.16996533010482462,-0.1592956025618743,0.3207391835401122,-0.7637695011880145,5.282572690653749,1.6158491109755149,-1.4889875026379256,-0.8528881258303576,0.5151677039591271,0.546583686414106,-0.07912698126963388,-0.60663456622261,-0.13675123653369436,-0.8161364900510906,-1.225307673514962,2.340981025784441,-0.37387641310021125,1.5057121170069452,-1.7049150807289657,1.0948154274286377,-0.020731528015692665,1.2116742547509523,-0.015561388730722011,0.3453095561647705,-1.1472519911746517,-0.3049976554767613,-0.4563804339220084,2.976335479139245,109.67,0
886,-1.2642339818443877,-0.5179341337227178,-0.07274859845178454,-0.19605283667415985,0.11529226957019256,4.815110624005753,-0.8137542539789128,-1.2981501756374367,-1.6859492010692505,2.924882963332431,2.7592413893672485,-1.8530428754116184,-1.1101279409822966,-0.772892756266976,-1.4832689904484448,-0.1069827719544813,-2.570921642931803,-4.772435581025759,3.684045313178494,1.1333479936032922,1.2640530083496524,-1.1204589824384634,-1.6561704131979482,4.120833924640415,0.20415956024204565,1.2226252762759253,-2.3365103260124145,0.8390593552516302,-0.6135535295103746,224.39,0
887,0.35855445988982093,3.9540204934752214,-0.5472184402659728,4.6801418669025106,-1.5214329809143075,10.160624625774965,0.4064591774817575,1.1140824361354387,0.16025928664166553,3.0266240381815184,-1.0991561445672644,1.0651735456310365,1.7897907703084006,-1.3661793345812032,-0.36924389161575705,1.5908353339269714,2.0622325303876003,-2.7316791379203575,-3.927049381986572,0.29618455398846355,1.8445201911778528,-0.5916458153424456,2.580733096007068,-5.450827537192703,0.5325964876140653,-0.40849951815620644,2.1685352395845614,0.8363370347985245,4.296320381121614,23.24,0
888,1.7564932816753192,-4.847654194473967,0.9821153121650608,2.6537916347435337,-0.6933299046018816,-7.960066084333691,2.106228706769876,-0.1847259119794835,-2.2071865179343146,1.422587854047682,0.19854729471276678,4.950564058157447,0.9758146536025304,1.2674352214030677,0.7508321093468155,-1.968682138083387,0.5840328919145779,0.12046115550325232,-1.0670619972602606,2.5036366422883325,-3.2892344277070227,0.5388387035370963,-7.009041692338603,-1.993397509812283,-2.244181542168122,0.48786683369600947,0.033749154384848934,-8.501471059466754,-1.8221793656301082,225.2,0
889,1.7606280346244925,-0.3506511364090682,0.03949676120218946,0.9979327937016187,0.12443759790694424,-4.535872962687329,-1.220944218000989,1.378357221422549,-0.18010260135135786,2.7699944906866265,-4.388445396449916,4.815949085756376,-0.652398460462478,-1.6714720967126784,-0.007564659674649148,0.9435168181527083,-1.6299603300249186,-6.322156817592707,-2.8831369538582163,-0.13729106791036658,-3.561530016759678,-0.36611968937534733,0.026874910503954103,1.1031614850237046,0.09669070288681957,-0.8404347626697068,3.7040501020178773,-9.364739461178022,-0.367053929133928,129.48,0
890,-0.896775244507152,0.9953748592881214,0.6385846660585501,0.2754209163605691,0.9242969323081122,-2.228575030347571,2.315618231633032,0.634252876471426,0.9073429460610174,0.5832133858446789,-0.1565778857542507,1.4175042547021783,-0.6482735541726626,-4.6340037609335685,0.15342119550391872,-1.19962095164068,-2.795543210687423,-0.15546992417170225,0.5871744533592407,0.4765841469833932,-0.3787100165374512,-1.264647272286512,-2.000034739334639,-1.7909942875954936,-1.3007118005919829,-0.7286591410337823,-2.5613924867040754,3.112269621018754,0.1150709702994166,24.96,0
891,-0.29359595441326725,2.0695075790148367,-0.9897750078695615,-0.0773309781606818,-1.5103297694143012,7.382912409567345,0.39140796098326347,-0.29603568924435214,-1.988131814191667,-1.1691455607646306,-0.7460338518922377,-1.0262920811798437,-1.7963163648254954,-3.442374000114433,0.3431106634313661,0.8116833947552199,2.0515962997513317,-0.03507245531001901,1.7807336872425283,1.0849397741874804,2.9674014705695777,0.534113408211786,4.169871157620092,-1.3941166563245453,-1.088517221534,-0.668367624731245,-1.325210989934524,6.299506665794798,3.3779666055501325,8.07,0
892,-0.499356832154739,-2.782216693260188,-0.5891604389306629,-1.6860437090600713,-0.6319317183544417,1.1291279089178774,1.3818563678461728,-0.9144164021122101,-0.0004192039456929153,-1.4714209289205016,4.087658626255331,-3.963750711004145,-0.0727075627362879,-1.5757959292665487,0.0619370215176507,-0.2248603638828204,0.30477077511781403,-0.1723003762045725,-0.9429816476541902,0.7846279129583488,1.6536819335566473,0.15729907216019046,-0.5954804988166151,-3.4574803871119553,-0.7096502051768208,0.8942408713199297,-1.5497836264793512,-3.378437750298845,2.2993150809565104,25.99,0
893,-0.8842760363604175,0.7223248700501366,0.9363373808293303,3.902086354529341,2.7008664695495948,1.8037922160990039,1.5119550887681141,0.49260948681305256,0.9393198902324554,2.1374256334370214,-3.00213315372409,6.0341216567068825,-0.4709898102640032,-1.3652708372255877,0.3644260771353479,1.6692469423765,1.5477834597447289,-1.1575433653598015,-0.8465952311394993,0.7906415838876719,-1.7171065448491467,0.45276258784806556,-0.2506007512951976,-2.1201269669457066,-0.07618566995191904,-0.4872209416682221,2.075966895992081,-2.5273928080875536,2.039584244852082,79.63,0
894,-0.6259847935034367,-0.3407286592438089,1.8559359135339641,1.9119241260338282,-0.3113031075103353,1.0820683364416728,0.8007110525418164,-1.345413674383331,0.553489663557822,6.557914034476623,0.0016503247991563885,5.055660180837743,-1.2541866343186818,-0.4768253088475338,3.3545733891663776,-1.0771308202318859,-5.121840341233161,-0.18127893443430676,-1.5292379769470537,0.5947981962610709,-0.13348230194822508,0.6588277771404029,3.5607294225724018,5.800538745252042,-0.17076626915436685,0.815922285832554,-3.4450363110232383,0.9537555001588475,2.6103111174626132,37.59,0
895,1.8220728655385423,-3.006009029104842,-1.1189242769760182,-0.015943572281420737,-0.09261882518714008,-1.296010638630558,2.2089890104965186,0.3275691768512657,-1.3054620222731739,1.5140366212051628,0.518835935522715,1.6225411898347148,0.016526414134551155,-0.12192493493310796,0.8076608876780496,-0.3092842933129496,0.38983864129300694,-0.8765329771743955,0.18428781368694214,-1.854609310898411,-0.5190764516620302,-1.4899361498525714,-0.6263847416832659,-1.0392372892945339,1.0301178500904633,0.4324431104243127,0.897149646582701,-7.39072240396711,0.08544555687143396,200.92,0
896,2.5111325476900084,3.5792090578684053,-0.7532324766646197,1.0978104507484059,0.37671684786935855,3.6573872408433554,-0.7667898864980753,-1.292429162600113,1.161908619628045,0.08226310908673373,-1.4442808262496976,0.4555091071695286,-0.440791696011914,-0.7033733171664758,0.20845721705236636,-2.2366451532207154,-0.9027024879856599,2.7880371512630817,0.25897694989277553,1.4605566355835455,2.198993106214075,-0.4136007143252674,3.7683389992305463,1.2111354641026146,0.6912624910088047,-0.019931561657245033,-1.8712154890967594,10.984080197940743,0.8134884313824895,6.12,0
897,-2.933770647229477,1.145720216559572,-1.5234420581356198,3.3937201004881037,-0.5649515266552204,8.979185626606034,-3.4470178739529964,0.47781415292065516,-1.4481247752768684,-1.1539587052109832,1.6756618142453612,0.7713098516513902,0.180321249177299,3.9289865559001798,-0.20388346897985454,0.7159171404855652,4.704647222389357,1.0482598553357159,-0.35840755377697964,0.6685626163371267,-1.8793930400457417,1.4769220222146995,-0.35051214685767196,0.2969612978748701,0.6291352982577835,1.3354530617017426,2.2462882553500974,0.329203597803225,3.9928897752423413,28.48,0
898,-2.075146966167788,-0.80733960801359,0.14944115261371754,2.4407262675563866,-1.2964383755849946,3.922381053162304,0.36131961448823713,-0.5436677438753278,0.4898407647378922,3.7693336463700815,0.10138196070256322,3.724330806150546,-0.49445460282045284,-1.8110211141266317,-0.0822500866533239,-1.5675503716910393,1.1368297106811904,-0.09457375133927004,-1.4282964527456188,-1.0445997893784182,-0.16153392831667113,0.03004136452128492,1.7070157448764385,0.28194033156551074,-0.9691193442983064,-0.5700114985742541,-3.5599072410772195,-0.5692872465281521,4.007711905500485,132.47,0
899,0.9969574815226198,0.22359136610245145,-3.856375329240597,-0.9020684568583238,0.10321625976591761,10.518757596337874,-3.121309414358914,-1.482118370434013,0.589228284886637,0.29276636119802313,1.466916272037197,1.1083600826636288,1.0742732974201217,-1.3362152784463608,0.031214589669564773,2.1173728164203425,4.81709108677292,3.0495127317949753,4.787234026271742,-1.6840937293474054,-1.4902220781079456,-0.9370446851917625,4.824943944170435,2.1585360510038627,-0.7122010248506275,-0.5046045954849743,-1.9885803964786337,1.0137273059494312,2.233340941759023,109.28,0
900,0.5752465321140376,1.1316690818339121,0.04030259949858179,0.35987015051811955,-0.02229512125372992,-1.1213903628057527,3.8770892747652357,-0.43067512849503575,-0.881710192150132,3.294615134542417,-0.12230973081555974,-1.2135142047854885,-0.7813488015707639,-5.244170551602959,-0.5277355708678508,-1.155645109293048,-1.0854767671371142,-4.537745089347032,1.0639055607755765,-3.0093411426831738,2.2402590691165005,1.1429597369182798,-4.876674054442177,-2.8323077848241445,-1.1656700856318827,-0.7774477573287817,-5.4787759645528915,2.353162905084409,-0.9331497043186322,121.76,1
901,-0.3277876896242152,0.2357420106161311,0.07332992825063586,-2.3419719495408793,-0.845690819764949,1.8840801929479687,1.623450677683826,-1.048646146094058,-0.7259519002992479,-2.0941495147813263,1.0403859302059357,-2.098109731527366,0.8686572407355625,-0.4582672626872164,0.03207432755718716,-0.012993678683590195,0.18603048711633619,0.8233761460667853,1.545449000131184,1.002802734320083,1.1724923541533943,-1.0688700877382575,2.078272394383486,2.0186783647392716,0.7519209996279153,-0.5348428545247115,-0.94667365144431,1.8746028282483385,3.557898197519016,87.31,0
902,-0.5284509979003907,0.10069973601196403,0.30596002443783654,3.8933132969325244,-0.5374063789038138,2.688769222413346,1.4977321271184683,0.3587361439966162,-1.0084814272863163,2.749391829075595,-3.00402124421554,4.077423846155592,1.2959976706397898,-1.1506886587550031,-1.7230460292912313,0.31126169966750483,-1.374421642513016,-5.605798086790353,-3.352017653979864,0.576228719595626,1.4051987403030184,1.7804527512924062,2.071348545041097,-0.4609767376553948,0.7746256352751506,-0.9803137459505973,2.99714063507696,-2.7133046064972848,4.394073537167674,57.31,0
903,-0.8704095350531359,0.40345049338308436,-1.1038641902121418,-3.2765651551378605,0.12991167267204817,0.44686568894957257,2.1222608913620684,0.012943980145232497,0.09728872853929155,-0.15179377605487276,1.068533522862253,-3.8762209110763233,-0.15221095100560478,2.9168880395970893,0.9537502593951385,0.6200865894994544,-0.8404742425395085,-0.6874486735983307,2.0238193948214236,0.2649486011968721,1.887735133357625,0.06178182319352129,1.3557355141762744,4.225771153405322,0.06024203134370657,-0.16662710805439485,0.5605953598199777,-0.8824500181099229,0.3140744830154193,265.59,0
904,0.0858070999233881,-4.1284745667224,-1.3018738518727866,-0.2187738571571779,0.6134432666501503,-0.38156852785999557,0.7315501614911236,0.4293496704920289,0.2519788109060436,2.4459050461668155,2.6277606316822717,0.9126094507099918,0.9540434114633092,0.4887236269852181,-0.5483756196343702,-1.557717116529638,-1.4374340735387177,-0.49683893776863547,-0.7294450728790111,1.161742300505766,-0.4735675806053764,0.36683486883214705,0.45102667100472377,0.20166538740569642,-0.38553909741226045,-1.3489503447179714,0.14718559359572503,-7.992218764280194,0.23319163903152196,0.34,0
905,0.17078414760020774,-1.0436384957465035,0.41069531377752816,-0.8641962837542569,-0.9130597380603075,-5.9909079517034804,0.23209927552527243,1.236848707354141,1.1025269564560145,4.948796042875891,-1.385426376240693,3.1814574906801303,-1.1872204097428893,-1.5125994283130284,0.7376067644769629,1.9801963416895896,-6.3900400250577505,-1.8438802564812429,-0.12286564303029712,-0.49260287110232015,-0.818509439570953,1.5500788239610925,1.2187364143171453,4.887116028876796,-0.9135998256030627,-0.6108380022781855,-1.9346581222019639,-1.6167743198480087,-3.362138196608625,322.24,0
906,-0.5076678492097068,3.880590631572011,-0.2265991640145975,0.40325809919286826,1.14820478465649,5.522013905930957,-2.322019909235867,0.003063637440674221,-0.4143867161090352,-0.7303406064311019,-2.786050842408405,1.394392439246683,0.10933690359734571,-0.6665009858677385,0.5104399780009937,0.3548565402577775,-0.4502783739117996,0.023520813556687226,-0.06621273528576743,-1.508848683629496,0.1607624079872073,-1.0434994950947576,6.22461794543532,2.6393644817438755,1.684383328181538,-0.27424350847644696,2.4008268129844703,5.434852521994401,2.768442535451778,47.95,0
907,1.3057765782875206,-1.815154131101496,2.484144080745336,3.497991523712203,1.041107816524563,-0.21914219504509921,-0.3309948983890064,-0.8343763117547379,0.6771499741332931,-0.061964572724029,-1.0796528155759606,5.546276818181389,1.1924774025075715,2.668777546353929,-0.2024431741833357,-1.1275042470864962,0.09685488952356669,1.9277976139284094,0.4181317739784668,0.20400038107769147,-1.0127583788037848,-0.06251376817721002,-0.2572788192784488,3.6619745000594985,0.6530079383099038,1.008991476931648,0.38666388781311045,2.4147321189603175,2.3374722412791726,78.24,0
908,-0.6172845692552189,-1.0988935331735825,1.1907286489798454,1.3520005969256637,-1.370256589207886,0.9787641711569613,-2.921070883441884,0.03627929263833515,0.04168120721690878,1.495487744830314,-0.9650688547174323,0.02580508951835382,1.761501893492003,-1.003038480694998,2.211333028601533,1.1349242815991982,1.3940765645027389,-5.4884402324726755,-3.286599525657514,-0.13001397325513103,-0.17833365629964903,0.4576097419403723,-0.28407012747301874,-1.4426963122761467,-0.006616244153488004,-0.6189834508861229,0.48437097592021316,-5.0546853479182605,0.8132684331578073,83.39,0
909,0.2978971754604735,-1.371787040836792,-0.03025137031157171,-1.114802073120435,0.33723891250097726,2.714207615469783,-0.2902815990650872,-0.18597834708330468,0.03340386820833625,1.5231948765680787,1.3760303287290339,-1.8546311985157362,-0.792644994180641,0.8128991717436126,-1.4408363787709808,-2.135294750079688,-0.14079291621687207,-1.4756460819416195,0.3800176908251601,0.7605704570265487,1.6436355772638995,-0.24857666735111172,2.199766831705972,1.2916443880872839,0.6418034518425058,-0.8294737988777039,-0.0540137158998617,-2.8058476383290003,0.0291483490362352,54.15,0
910,1.5383949844382783,3.283748843733244,-0.11718903406453861,-3.814007916592875,1.2594018029921237,6.109808058183755,-3.433450229639139,0.7188634195406998,-0.5921663299833791,0.6705272373379678,-0.3610847641593684,-2.722122753941173,-2.025036314509744,-5.635861485783052,0.34616582105478094,0.06839386063666252,0.4658934717044995,-2.813809829626998,-0.12049824309669221,0.953594950662517,-1.6693980534354598,-1.3354652934481188,6.093425480263368,-1.7441292887598927,0.7240022550000158,-0.12536698599750856,1.0179219992032544,-3.9652678519242155,0.4855568067416454,15.21,0
911,0.20132596762161362,-3.007502389488504,-0.16405332308881104,-1.3710201539236708,0.15174914097550044,1.5785554097276935,-1.9353751705210072,0.2553570313168375,-0.06568047280698833,0.8698606394171368,-0.12545055951358786,1.2785235391122447,0.03163401617891492,-1.9478068542400089,0.7295904209844546,0.0933869701509424,-4.060074460979498,-0.5847218053812603,-0.2716846543982133,0.1953603967588828,1.9910695659155282,0.22926684109541284,8.072938399470658,2.7625819077967266,-0.6418442618734426,-0.3826523483115173,1.2533714591644927,-1.2198372622724378,0.6223343091104337,122.64,0
912,0.6682481239413528,2.0626008018574584,-0.803409459792437,-2.6384199621015925,-1.4089039044254048,-0.3357662095174391,-2.5625823058212873,-1.1326072905212539,-0.16713608416283599,0.34788402432672705,-2.1480173721661746,0.5404412632182356,0.5036366361778611,-0.09091729584482433,0.14623527902236097,0.5912895892934729,-1.519442707511041,-0.15409542154750955,4.17696838105113,0.033015876934859634,-1.3280052501294666,1.2757718207583224,2.656559925831502,6.830016303871728,-1.0471843552482283,1.094166835615131,-0.4952979781910657,3.753235356053883,-2.79174882340461,141.67,0
913,-0.2694106183326679,0.35152838511195783,0.08983412212845515,0.7079826892699875,0.49558614250970723,4.4910946969784264,4.366656872367608,-0.11796758416868414,0.2972916277054057,3.3625518856025867,-0.37057425262855104,-0.41965666667408547,-0.8083888372292681,-1.1859844267495088,0.23471773284215555,-0.4170221825783604,-0.28033439111256686,-2.2189084835602384,1.9936890201078632,-0.5997542381588126,3.9741200866950783,-0.5411690967855018,1.5216879130127827,-2.507281866646454,-0.8853275610043386,-1.453606445109524,1.0160539121963237,-1.1102006961975037,-1.0312462992421714,0.34,0
914,0.637931960055289,-0.11582115653239977,-0.6041382867516175,-1.7907699879968049,-0.46283052343037057,-3.791782304068871,-2.2258515599904434,0.7442291195615972,-0.15818937982219936,0.09568282348963186,-1.0749589807204103,1.0507867668166913,-0.9904263620394158,-1.224645358723626,0.5185128336026553,0.41092099388177106,-0.3019879313194461,-1.739653526383854,1.011323475823549,1.1644646925122124,-3.92533765169041,0.8559972903065459,-1.5571016577885881,1.679775606845656,0.672452775386156,-1.5565369342016249,0.6212230667718583,-4.770382477936064,-2.56928683312573,193.49,0
915,0.29203572173090797,4.313804909532285,-0.39284389076720727,-1.630458561928032,-0.4472451047873071,3.9899985797877107,-2.607888684503222,-1.5733469496057397,0.999991005059611,0.9987972844255831,-1.481886080596265,-1.7084166494702175,1.1072729720038041,-1.5910993066598604,2.0603415438368318,-1.0680471383662404,1.6102616700490513,-2.000534177547575,-0.2911184475270784,-0.5142094443630262,-2.0500568788878986,0.15201577783777934,2.4165026251158603,-1.372442646356935,1.218665210788921,2.748782415910065,2.272724261306988,-2.673258578656095,-1.41771678865399,213.9,0
916,0.8601203919849665,-0.2964140747522831,-0.1738135128917204,6.276282435848351,1.0054953203063783,1.5417284044601298,-1.6011868072698534,-0.0012250383082545331,-0.3101449950106793,0.5261945565732311,-3.3015108391182273,7.30417907567473,-0.478366716587938,2.383732745111148,-1.4002452287511766,-0.9596073122118406,-0.8250838733095621,0.010014750959691954,-0.5848101177152004,-0.5793574933451994,0.7716315868914657,-0.9052561597764432,0.6072976003292434,5.433069190506318,0.8340275687263308,0.3018124860758687,-0.4689992157246502,9.27099626833425,3.923531409907355,247.36,0
917,-0.16868866077056033,-2.1309680328505283,-0.1687954115899974,-3.078134826625317,1.5060127211756882,-2.26663363916479,2.2225648855422877,-0.1767541819348135,-1.6745488892453049,-2.069280267285833,2.326487140764025,-2.5675360742266475,-0.21868061522051468,-0.5479782548920518,-0.29112587869322787,1.714941887549245,-2.438745135938979,1.5230963028382494,0.27299672992426594,-0.0799110976714992,1.063027576258613,-0.8979520518666041,1.617648532876165,-0.5538987784047852,1.8903829028674712,-1.0400345278722052,0.9034805161890215,-2.639957512479525,0.5467661676118735,138.53,0
918,-1.1603368561001515,-0.7061786159334477,-0.7722530708831956,2.846415679717534,0.2828281601187029,-0.7101142227797476,-0.3704139199811476,0.8810133471652023,0.7316723266209116,1.2357934798412638,-1.8595917082331932,6.094593547287402,-0.391178163635721,-0.041813628128098634,0.34678255459419616,0.6967578627143014,0.5534071319084981,1.5134608379555736,-0.9404604250849948,-0.5236855326768944,-2.862964657711467,1.0859184115067195,0.3156779370574045,0.28433635875464885,-0.15864102604310112,1.431749484241079,0.9729733006177884,-1.8446868977462598,1.288191788624637,238.61,0
919,1.519019572530981,-2.764516567683673,0.3066197869819221,5.467661779982521,-0.7360652185406498,-5.12681195868924,0.8729648743116373,-0.8959470035887789,-0.6729872191652566,2.5559020820004017,-6.358523311473078,8.648905966992302,0.1484636815468889,-0.1821904339166721,-0.7795444753593765,0.4014668584815456,-2.70469940874154,-3.495736094846911,-2.6143469136675983,0.5177578157088407,2.7047520077911162,0.2710342528612446,1.615329533694664,4.226972757772928,-2.123378538398228,0.011168009506327682,-0.7691073606404663,4.733981483293678,2.3396354196726943,150.7,0
920,0.2501889199803346,-0.1954779049638764,0.9021171633115351,-1.6097427189713298,-0.4701660795618385,8.194621775101048,1.1236705079050573,0.10376824967199864,-0.15172325290401972,-1.1232872804565392,1.953495591936763,-5.2241921703646135,-0.9636702924475558,-3.0492270788990563,2.862077893122814,-0.6931154268296172,1.8551424177974036,-3.6693138886989694,5.091894815406419,1.614772635562226,4.398107957243386,0.0973078174433081,0.6520050203241534,-3.7906844971983498,-0.5037721465760562,-0.3518492702484191,1.0818894587726295,0.3750609301320573,-1.4752635076417997,36.85,0
921,1.4006565745681998,-0.9127585823482015,-0.6666113122075713,-1.4862829402420288,-0.9653244697473485,5.093516759050367,-0.6405204874887923,-0.5761897071061968,-0.6192761692867904,-1.0713152497875433,0.49431892353728296,-0.5282200806375826,-0.4420809858037619,-0.0984742703987943,-0.6932108275328333,-0.8711235646338105,-0.05304724572821551,1.7857309844549856,1.0647317370769203,-0.3124135638311119,1.9781272337077587,-1.340554294540665,7.033270248931219,1.2919210132088865,1.0556337568398246,0.6801006833429298,1.7703706391807392,0.44183063662173433,2.131982712208867,29.04,0
922,0.8021917826831093,0.979706143767546,-0.19116852856723568,-0.5860471244586585,-1.1740537802982656,-0.0532614039399402,-0.15279987685254837,-2.502608890607422,1.0381744766942347,1.9916115815529074,0.25844503710844147,0.8465664314639532,-0.6283005441665047,2.8670721972881617,1.0558721413560592,2.2022151446821727,-0.10220591051811567,-2.4006239909112685,2.0030912656989375,2.6429104826243037,-2.3378438114227933,-0.43547404803817114,-2.7158125173276284,9.308874444060292,0.4935343113115024,-0.7709540094728657,-3.474832003497511,0.5543246109897343,3.2451546816755195,89.31,0
923,-0.3430759307413982,-0.3329914954166163,-1.4885446390319514,0.13441434709333178,1.5169053533358814,0.00868661151341469,0.3357380449528342,-1.687741408124364,2.140308779836561,3.146745904973182,-0.5935901831191842,2.455298276811025,-0.6074092476761354,-2.797956236611638,1.6656790805138957,0.730935434101578,-0.686500307476284,-1.1926254122870983,1.3745498817818391,-0.6306923256775757,-0.9266975451022604,-0.24113494438790298,-0.11213891154351241,1.0564048256244565,-0.17995554918037482,1.200629660979723,-2.7526998628493433,-0.9512552227395761,-0.6916592009004171,6.43,0
924,-0.7414847254600336,-2.2838367663839754,-1.0595975050106248,-1.8177562425767948,0.30028689158750516,-2.304784272417934,-0.484382515153425,0.7995188490735968,-1.0862891736035514,2.8791012480439573,0.834846770667173,-0.3429318985563917,-0.23862971487182286,0.8534228631102977,1.2056366088694095,-0.42008600493421644,-3.5537262497756488,-2.613662396576495,-0.3665971620326761,-1.0224559007493514,0.369618571343991,-0.03146222449536458,1.6517477121014974,5.219902553319173,-0.2830155277044124,1.6179596843809054,-1.2956553050205715,-3.8075253542911627,-0.3889978721884023,55.06,0
925,-1.214043872573394,-2.4069426423607254,-1.6270019227815473,0.8869899579898685,1.221834906005519,9.03233558477379,3.5472446242524787,0.006536847735195777,-1.5472415974532183,-1.238987376315046,5.408456346070606,-2.9079841635167925,1.2626258523490483,-1.0546739592089895,0.05575310349277308,1.0348261138558552,4.2807314597003625,1.535874639488786,1.511081893786474,0.44952508816021125,2.0975121034357422,-0.40969388995269546,-1.1637521438880472,-8.011398783722074,0.7271137633387429,1.377577335845417,0.9471373128860129,-4.853696847984359,3.286226331076696,300.86,0
926,-0.6546254142120443,2.230170780897086,2.211730350396213,-2.0263896541240487,-0.15229887329644648,-2.6585782705251995,1.2240559210337945,-0.5267888714236231,0.6993098735163596,0.9801637297185296,-2.8363913756675583,-0.27107532136973667,1.0281617392661913,-1.5767838918518775,0.015071219282212108,-1.8359983639750426,-2.01574966612701,-1.9690315160913503,1.2556714807791158,0.09455095522257738,1.0886235250274932,1.0828767945519953,1.4409713235090096,3.933628754946197,1.3543400469918383,-0.9515915956532172,-1.9592555380095482,3.8700249773198983,-0.43192846957163156,54.63,0
927,0.5931053993577392,-1.6480059573742079,2.1648925891014574,-3.059798050501608,0.49673775677571846,-7.614061019048719,-1.2078723367738298,0.04884839320948488,-1.3904290057898094,0.5386694119453679,1.0298156909489578,-1.9291753650042214,1.3173513046520113,-3.720168567979208,0.20541327045775085,1.2090863980140045,-0.7260034464189759,-1.5702709676302198,-1.1903152083098347,0.9842964451970457,-3.1029362144628525,-0.6666451929579779,-4.095002415435545,-3.619248841903995,-1.158001806522232,-1.002109104633775,-2.1931101727643694,-7.314196667779688,-4.834807940035856,124.66,0
928,-0.7669412623830628,1.943976613271143,-0.3846301320712339,1.9011224206259159,0.8253075172403137,4.029881171693449,0.4978077843579115,-0.2874302082262078,-0.6714975139474861,2.0161882867207024,-2.4721222017049893,4.447671208037689,-1.3491721041435163,-2.750595674554342,-1.0870303280012752,0.21309057486897096,0.13220996294421938,2.2401846586328116,0.1286110848740195,1.0243462019858247,0.21938130890231278,-0.2891204271668269,4.819863108436897,-0.7224123470369038,-0.2652238654505343,-0.5259527397942941,-0.4217758168413547,3.879016124648379,1.648781358175624,47.13,0
929,0.11316001139278317,1.149307905028183,1.1974231998049074,2.462788482940273,-0.2811940121974293,5.936440071405311,-1.977769733737834,-0.39130310394045986,-0.0029454113325951153,1.1235865503289473,-0.8925301499477082,1.6205658756499186,0.6952927266643856,-0.6760594031118801,-1.0588580088579944,-2.1811752376656774,2.9124785432752214,-1.1000554817683583,-0.7957699491889186,0.2632654875753966,-0.12680161982943983,-0.9667345298767035,1.450725860541534,-1.24425911276118,-0.25908405908063087,0.7946412035736589,0.05689561493036044,0.7330781753329646,2.1499756023088703,84.09,0
930,-0.7367309875168898,-2.6980898702314664,0.010051572234199141,0.4862470529271742,-0.3592000877666557,0.7169421325152984,2.6235280716305183,0.38082469583790973,-1.2425321147227057,1.9767069507058577,2.352782975666598,0.5292107300674459,-0.01254894461614478,-1.7088646315777627,-0.33685834928947517,-0.3919479071942671,-0.860834469733157,1.663248102041885,-2.4408231645010368,-0.6720310766470772,1.2454563362522766,0.698001587510532,1.702537185949539,-4.351532171341181,0.15191886375680877,0.8520537818100243,-0.8188270778032081,-4.576244665806256,1.5007338555365335,75.72,0
931,0.3066926996134137,-0.7003036160873229,-0.2804382811661415,-0.8549241676375001,-0.852888043886751,2.9330390972642073,-0.08866363204638461,-0.05105441276005814,-1.3301003827998792,0.46631844170321013,0.2680477152917796,0.43393097521729623,0.7892224990604728,-1.7467398522759765,0.2289274027027541,-1.4636872101675165,-0.3510193319030068,-0.9742510287932967,2.0481404515801365,-0.9271429855355432,0.6621408504782139,1.8991853208368699,2.392320713757917,2.3810903901589744,-1.7316575239726546,-0.3406230512281771,-1.2911961595190506,0.6519478666844063,1.8148880907624705,128.8,0
932,-0.04426012027857669,3.769670847542169,1.2922937468847076,-1.8844721827664426,-0.49548368109930824,7.100395419038757,-3.945029842071957,-0.7048515107240569,0.818908306347284,1.4887986052904996,-2.271907744074846,1.3410734231591905,-1.395890234463619,-0.16576004194861482,1.5535948104498276,0.3851080321263795,2.2007254360074247,0.27846510710469297,5.318558182816489,1.0062407473116368,-2.2990238951789532,-0.601652428889124,5.108914930575544,6.187035731570703,1.1653255992232814,1.1452166865716589,0.30542418225518564,2.567927113529162,-1.2874014421833455,214.84,0
933,-0.2442994052640153,-2.859017165565901,0.4462535099572446,-0.5072382884712787,-0.44815761878521787,3.056756327421228,2.5868236101817956,-0.8849676272928135,-2.4535555716504254,2.358478794516128,1.6737154538209509,-0.8676488696033035,1.1499408306090857,0.8419949378594197,-1.114989502397014,0.04744853063620506,-0.9007875994537982,-4.595085819051061,4.2444294548312635,0.5368721626398448,2.0206451567560464,0.7103424813524852,-1.132461712502731,2.1733535360101315,-1.1525966012178852,-0.32727515393919654,1.531927162606297,-5.755943570901988,-1.0410644452086175,272.69,0
934,1.0755949081983303,0.8763944271179747,-0.38771686649156756,0.8260274388628883,-0.43921776482181274,3.0843124859437268,-2.618972622554089,-0.4269803715067624,-0.1486203834314553,0.039927650702383466,0.5863162329218715,-1.0304360387289098,-0.32509647147092546,-0.4267751950359315,-0.7814760658012543,0.1432130832061304,1.7095933233290925,0.18358600799169722,-1.5371072121878298,-0.1921046806296761,0.020725969215663498,-1.1000166420746627,0.5960042149671912,-1.864508910770173,2.483765992587508,0.3142893154787071,-0.9345440255536644,1.4648254885115009,0.33473567411875116,112.15,0
935,-0.16596173147292473,3.778744728154621,-1.3205962897466004,-3.404132811831779,0.7206105486789331,6.944023300874717,-4.767202999750581,0.9287675350757748,-1.8622133264488476,-1.7532453278130502,3.182232829140444,-5.7222791449765555,1.292408930468729,-0.5882103503475866,-0.6988661804419937,-0.9234004725250807,3.866628728013789,1.086442057000724,-0.7343578465785336,-0.22366927419791616,-4.121635061743745,-0.43807864810353686,1.526135769661312,-4.626542215547226,-2.2850844946693503,-0.37075098380764737,3.069283650017167,-6.36093647006247,-1.0703652939367898,145.75,0
936,-0.3494712379173766,0.14239131083966372,0.04365273430296112,-0.7781343299537259,-0.2517790741426178,-3.681848060819855,-1.0048177745547975,0.2230380248264751,0.07759838974533693,0.014587859619087706,-2.635639327499543,3.5136849545032276,-0.13280630207669494,-1.0201173791665146,0.222043548146072,-0.9891420800806211,-0.6553937829713877,2.932830191335673,2.9626561777667595,-0.35641653402274304,-1.105491977853802,0.06893105230847263,1.3436187613370645,4.755508135288297,0.47781184626938444,-1.0551859446311727,-3.2398314198465807,6.028109078644792,-1.798945210348061,63.1,0
937,1.1984823523838992,1.328847199428484,-2.0198498527638407,-1.7710551923487028,0.6337159007251949,1.761866049799609,-1.6144060257403434,0.735468509281689,-0.8160641884917624,-0.4864398957953401,-1.0005992740067744,-1.4171493275659497,-1.1400826010234435,-5.430205569806285,-0.42035532657652597,0.9991495946171859,1.1961618622935786,-2.713032490008277,-1.55460698200468,-1.0206250405038206,-0.6852516395313523,0.029621141956916314,2.3858276711218527,-3.7867958838597695,0.6131224992291844,-0.29289083020299683,-0.3132172462709849,-2.593587733884634,1.1550236752077045,64.45,0
938,0.23378429633655878,-4.114786124898347,-1.4903110221541578,0.810940891357646,1.4699477561908403,7.677640578819735,1.9716189608920027,-0.5783633869874201,1.2234601395161457,-2.0919991193650773,2.9003624099696377,-0.5692544439735108,0.8641571122840536,-3.781055043955597,0.3223950951269395,-0.006717666038303616,2.8358569487680065,0.2234425129417844,1.9277099882781128,0.18766667514193755,2.7505947548378282,2.2664896549816915,2.303329550488823,-8.101800550998805,1.0630474839828306,-1.8056332916225448,2.761299082786144,-4.887881010187987,2.0973394919088886,187.83,0
939,0.404962197591166,3.4258394345195238,-2.216877677335556,3.372756706637307,0.6549797939138383,4.138934841643406,4.459674992068559,-0.07090810708075847,-1.4904659940538516,3.4884110665907766,-1.6076868228206909,3.8112605877331798,-0.07750118878771532,-7.485638812810413,-1.129975870784416,0.3796728556844046,-0.053415238950885735,-1.2535539241214086,2.2329407688472855,-0.9703483494136004,1.0341675284574883,-0.8045426146940825,-2.5242828347182806,-4.272519119325739,1.67818537889891,1.4602877611748,-4.98509485991701,7.146564597358527,1.8282996738566264,178.92,0
940,-0.30565009508908053,1.1097914326266571,-0.6073269104176972,-1.1442484948921292,0.6844930246968961,-3.632089873568708,0.0053080156413707336,-0.9508453344590697,0.5282607606644375,1.9057022132297812,0.059890766477609936,-4.372362886247144,-0.592743729411948,-4.550728323244728,0.90371836104992,1.3386779742330543,-1.9471057751815257,-6.02023524106293,-7.4427336737284175,0.9417488553643707,0.35189770369841844,-0.32326225938749004,-1.202517938983411,-8.782209523755755,-1.2600078976522555,-1.1874061548536818,1.2329295205043336,-8.601478860446251,-1.6201242800054554,100.39,0
941,-0.12178294301056877,-2.426029040711716,1.2192301375920387,-1.5635303303008534,-0.000708643832986225,4.616281629727267,1.4473692423183953,1.4814842468851672,-0.31326143774403825,-1.6035713545939738,2.7784399163503566,-3.7030411917184405,-1.3492552598045449,-0.4262693504266177,3.1589417845886634,-0.2614685625409319,1.7602074614145775,-0.2151854511674891,0.9110528091696015,-1.1180117080355982,2.8773243157406885,0.033137462190111384,2.2164965669282064,-3.671322334757014,0.6705599911926691,0.6183519298079181,1.8052664443467634,-4.107982907753876,1.1815627672007982,181.37,0
942,0.40480136393978533,-2.361850904556637,0.868723256173968,-1.0358164337700688,-1.3177700445462432,-3.666118349818331,-1.3247120444781237,0.4443729644177974,1.6434361512918918,2.2722284148922736,1.3973209616643878,0.617243684259385,-0.6382147727792733,-1.9020528463829462,-0.764971209212442,0.24146979713515487,-3.4608687668697806,-2.4947043907841895,0.16676533362291113,0.5995038480519815,-1.6259355317837487,1.9425575890353923,-1.8030755853391143,2.5092273817585666,0.8649821850662238,0.53417885495355,-2.592477113811427,-3.3456022917912533,-1.7101875355432958,133.89,0
943,-0.2336732917249238,3.2695058832768136,0.9085910951875514,0.621389532888174,-1.688592200627407,8.031717168178327,-1.855583203900062,0.25026173764547277,-1.2663586548464094,1.9379489118897006,0.46830845624713857,0.28032019320156315,0.4572126362119861,-4.731766611911319,-1.1613468707172474,-0.9692799797387972,3.6931037066839294,-3.083703175893222,-3.8091187609689876,-0.182967040566501,-4.880179519357346,-0.9379224926030842,1.5486909264672064,-8.917310494601425,0.7845362375298336,1.0761787336049151,4.618759464473159,-12.425950233610276,2.4057217484926117,219.04,0
944,0.8566918703252376,-0.12127280159578324,-0.48633387724302024,-1.9607271711828487,-0.3050755391022553,-0.4071017464491071,1.449780816867165,-0.7312129895363679,-0.7446649024149137,0.5322162653077696,2.0883908572219725,-2.3663807510987684,-1.0524259602426724,0.9658905264343774,-0.8402517646186641,-0.5726082756051067,-1.6501971107368074,-1.2104088335919045,1.277285294382015,-0.7957550770614096,0.22883096007913517,0.8403421802267712,-1.4006878991129252,3.695331952541865,1.2168597091290014,1.7960442082661843,-1.9041986396957253,-0.47730462612974,1.2769212891775914,109.72,0
945,0.9477301127341075,-2.442587367240997,0.5842302068737311,-2.3047403961181985,0.9762270859965708,3.201641749749704,-1.2603587844825581,-0.492053012010198,1.0512522102742219,0.883739302559495,2.9655943103837323,-2.867846591739199,-1.1836787845202303,2.487745083873869,0.5170285631908718,-1.1643117743972096,-0.7525823476089182,-2.2386017343128155,1.7989195044700668,2.886548061715323,1.094971435481419,-0.16122346584612657,1.8177073177279508,5.79590902344209,0.6707057653991766,-0.5011285102993281,-0.8288024901057179,-3.1457870127946532,1.5181812563163817,32.32,0
946,0.15497201855647263,-1.3016053903582132,0.2797677077282163,0.8855902206498398,-0.11915926995123403,-7.170006484354559,0.9282990303076527,0.22958739697570169,0.6542973934742754,0.5139733982166985,-2.6949013142141216,5.208202757683413,-0.9593207652189699,-1.1355683435873514,0.8981238325812592,0.7456358328028029,-1.7352746422628527,3.706592881561335,2.3044408557026035,-1.465340383444967,-0.5330167751211415,-0.23824430189845403,-1.221287768326015,3.1471359141033943,-0.0588264091680503,0.7672246274532887,-4.14187379948269,6.773421308687245,-2.6936177380802,115.3,0
947,1.180317839177625,-0.9042468366285686,1.7839141981831486,0.8676672508091765,-1.8929710769218067,-3.579474618030894,1.7380058027600187,-0.43540897061808626,-1.183617663196396,1.8797520111716994,-1.1249114172962482,2.1967114054495265,-0.8959699672367043,-1.3516080611792685,0.6121619263953538,1.2031973581423765,-0.730612259521194,-1.4696801670828354,-2.3195319854893897,-0.5834935934697638,-1.0969863816641485,-0.2070239606860313,-1.299630536716377,-2.611775503822121,-0.18142386111809947,-1.2480105888936601,0.7939554213381564,-5.435074468885107,-0.44660870985356016,276.67,0
948,-0.2736065565341689,1.1653167417993444,0.031368416099708474,3.155691516073442,-0.017517362895748446,7.7069893289125,-0.09058294636972619,0.08164470901825371,-0.593729193685742,-0.8136064171045262,-0.019481833117806602,2.4230212481647073,0.063537955156817,0.15882472246985613,-1.195469716665512,0.624606644894278,2.6762358958684715,3.272727256685472,-0.8590044926652606,0.2425959371534602,0.8270690995278275,0.39454403431667434,3.6792864161192633,-2.267970247213195,-1.604121012470325,0.17124404768499576,1.1707747021649362,3.8922343019957637,4.694833943547606,120.95,0
949,0.8155082241370877,-3.2409481024615836,1.7108486562463705,0.7919646868721212,-0.2537860757491678,8.080839189941088,-1.614902898725957,0.726823960180868,1.6939572264403355,1.7080857595347982,3.7948695568059247,-0.6836425743090281,-0.19478336911460775,-0.6179768576286411,-0.35358481302821,-0.654027609344866,0.4113985786081188,-3.375948924559584,3.3384182237366256,-0.06576872355725968,0.7440764489205937,1.434445169634489,-0.002017837501366214,0.3757323940651668,-0.5465506818544583,-0.7118561543791159,0.5335865829018024,-4.5578547158699,0.3494011595971578,362.81,0
950,0.7607447616353589,-2.913071445374887,0.20143654391728583,0.30365919977693456,0.8564135060057914,0.2680675251973483,0.7749440848624406,-0.49337592749735265,0.09280454605642857,1.234545854055359,2.9744200746050207,0.8958324227638724,0.16377687119285475,-2.682740691796596,-0.3054172200310214,1.418396868514863,-2.394600834590811,1.5749233505847813,-0.799760215678513,0.05472642511002143,-0.0978773163035308,-0.9823938111016954,0.6659943486876074,-3.5586375592592483,-0.18245000287426927,0.018382032771019827,-0.5868549552614899,-3.4970846965767413,-0.3263949033748338,131.82,0
951,1.0823787113234427,-0.08177993977350717,0.6645524143941822,6.6377278893945295,0.20792969196167435,3.656076084570318,1.703691837887784,0.5648641321559589,-0.4803596724913551,1.5793821266778978,-3.5206198749039186,8.382046517846176,0.7747733900743572,3.1134136712468394,-1.5941763252676036,0.5232190111769367,0.6224794489565504,1.454812011169789,1.3098759766932386,-0.36833271003917634,1.3814429852393086,-0.48879979835093157,1.074307970127509,4.29323257677267,0.650489639988436,1.6159816799179296,0.8009868993010145,7.562839664694239,3.957573436703963,129.21,0
952,-2.429755297682545,3.3863282607929404,-0.5456553943625845,2.308123744930058,0.19807861703159935,7.776376478918121,0.28958930441484665,-0.8562881236602804,0.04323168964489037,1.2887091999484368,-1.6194276048769822,2.455856983976721,0.7786827457257895,0.47168279086174436,-0.9024147207441254,-0.4818643154847231,1.041452613792429,-0.9560700010978844,1.2979813803443037,0.46538407681917565,-0.29177836338724705,-1.1669178013714432,2.644724292459993,1.0137578161974103,0.4793542588185019,0.23578706419803366,3.1758479794489882,1.5485866528668584,2.716027609785885,132.3,0
953,-1.1218288004125843,3.314292866040408,-1.0836658334280935,-1.0402919803487478,-1.0525230549973785,2.9987201236744716,0.5208875861289227,0.1436308339881977,-0.18013560440985132,1.975298775816309,0.19587348270241878,-3.7773480080680164,0.06882365770464906,-4.973697918522231,0.49271541946140096,-0.304065258065758,0.9341763155827887,-3.571990293681289,-5.437747628935486,-0.5596541808251622,-0.27485548045407426,-1.1587930664246047,1.4530703177960191,-10.049030510478515,-2.0868485293159376,-0.05323366756343213,2.3315377573474603,-8.10983857876292,-0.053913916359415004,64.49,0
954,0.9126023140297436,-0.729943634500784,0.435946323899337,1.834409230082557,0.06404884501770187,-1.325407490996046,-1.3138582927599207,1.733441339384263,0.5446125041840371,1.190131476605383,-1.852495660211393,3.736388449662813,0.6673831031405686,-0.41886986251925457,-0.2925161935493418,0.6709926520889239,-0.06193521148170589,-2.1621839408919654,-1.1308246264230255,-0.1923031842816272,-2.1208078524066467,0.23419415149820536,-0.6615659685058247,1.06414064466649,-0.9067289653500941,0.8986278667304854,0.8720580697800278,-2.84765823409101,0.6614281092626951,10.45,0
955,0.18809956615274828,-1.0051020260369121,1.1561146166453071,1.0079570711838026,-1.1351601296858251,0.6975897150694204,-2.0338915805602893,-0.14996202289627097,-1.5742096456021195,-1.8568357597349152,1.374126782714371,-2.040747979932899,-0.7181956337876233,-0.15856525151915835,2.005768294509637,1.2630280698169032,1.4506392981890248,0.7242656011307548,-2.268750883792854,-0.12805117872967775,1.8892899562715568,0.6791921419241791,-0.65568061376995,-1.7789365061207578,-0.31083914827499803,0.5075128720823281,-3.026145982965193,4.6092820075154455,1.706572359463153,239.46,0
956,0.5965433865230575,-0.8968582256172801,-0.11621337715559991,-2.9242804799315354,-0.3848004198303633,-4.99486408926156,2.0731223123110607,1.316545772622688,-0.12989461095120813,-1.1006300733765242,2.5756852909019847,-4.4690974877775265,0.2549438414237493,0.33097728911816005,0.44866470504401545,-0.844999909091625,0.02796668407464742,-3.066146505181915,0.8052590785349176,0.17544034458033667,-0.8251533254776876,0.2016662474867759,-6.871402033273632,1.6834036547687232,2.4432025238474013,-1.7583540283924297,-3.4386251211766705,-3.0389828641263263,0.6281380042827238,16.92,0
957,0.11802771394381888,2.23749430981591,-0.3361500027177518,-1.203023731325005,-0.71438655970402,6.686114609065112,-0.7153817227818681,-0.6594268872163145,0.9163788273633305,1.1976114547269616,-1.4369207594800981,0.65495234247928,-0.11942316073584242,-2.6062297583662875,-0.4984640825408434,0.1968519264748205,0.264717638717925,0.39061327600493934,0.5746243038054885,0.03522530634781082,0.8326225839174447,0.004001260236595398,7.792775210550343,0.6391056946395616,-0.7803766047308504,-0.6086282874660651,0.9401400288380163,0.9224728675981123,2.2871592969293153,344.15,0
958,1.4000998118278138,2.56915168633948,-0.7726733906604571,1.6968689458638684,-1.4456102007765625,6.218344739150465,-2.7639279451400647,-0.8139717958905116,1.6881570529027907,0.2828115021624755,-3.3886865413527887,2.2380194219162366,0.7862982309002783,-1.4082694422117865,0.3663274835410772,0.5206777670800737,1.1392090942787545,-2.065891361028629,-1.0184022452102355,0.6400560810329173,0.8600071965205617,-0.6099027069492022,5.747646075704503,1.691055547310617,0.04042893983346719,-0.6276626960266963,1.311832749409394,4.046414593630576,3.6254140698882753,74.77,0
959,1.6884071842444588,-2.2681830391960474,1.1278855326474513,-2.4648651110373825,-1.1653600998434215,-3.7813606762756486,0.36270420315473806,0.3584701300934629,-1.13439053537121,0.460565895994791,1.7741766168892197,-0.9730690129851274,-0.7256843148505718,2.793230674550369,-1.2160665189264068,-0.7691649970287228,-0.9802243133135786,-0.6782958852291463,0.8151950776403388,-0.4103623197483505,-1.9083697645355255,-0.30770162053393685,-1.804070382100759,4.615110674735958,-0.9961331556859193,0.6580373911924291,-0.3381528055579769,-5.992821503932198,-0.20876027806662145,123.96,0
960,-0.5301796831757359,1.5412935424574266,-0.5305678296877865,-3.4275084362534525,-0.5478080535254268,0.19421083556970126,-0.4738940521811855,-0.7374197400154134,0.5766763115393011,-1.0977766945490144,-0.3551212818869901,-3.3035548067808747,-0.38775191452612895,1.191417301162042,0.9858992329492445,-0.9061128730223914,-0.34641875418155255,1.559009106643935,-0.4897177476997153,1.6161774731748255,1.5903819170939975,-0.43986896240881934,4.879076047009061,2.9563974883806043,1.9332925138120347,-1.0397183576789604,-0.44702053462265595,2.4141708462645397,0.8924495066430559,269.02,0
961,0.3073093537363383,0.6352246212343652,-1.1467830986265493,-0.13628818295982736,0.9203961612544849,-0.4347207005478027,-0.1191477641750538,-0.6068253417863988,1.0452075820322506,1.5569357719914838,-1.660497437321752,1.2479060529616428,-1.5309276325126464,-0.8506583066702263,1.2148840301830344,-0.9247118804011716,-0.3922770574120017,-2.8741883809105535,-1.0679336733860878,-0.7268893832047121,-1.3820175469735871,-0.2610034893516796,0.7755341448187574,0.1492025230231741,1.0678566772943998,1.8344313331400877,1.9323289312897511,-4.758376770976726,0.10153825934490401,90.72,0
962,0.27607900554815457,3.1582237143737415,0.528777158908762,1.5548943710646892,0.671850307175194,-0.058793766322754286,2.0315579333426528,0.3910815094167172,0.574722941075262,6.916184658708104,-2.112834458818058,2.9762441552153867,-0.1258793273940902,-2.5728745566118065,-0.39791257361803495,-1.2338365862541953,-3.828064944828172,-3.210000829660999,0.16484388139487605,0.2167019911095406,0.7238745586324005,-0.20995278364111966,-0.4750562678785153,4.267206460848153,-0.0956041465655053,1.1893913786129298,-5.4690058591838175,4.994159203458641,0.03473823338885318,45.28,0
963,-0.9876583295984417,-0.7550045495222418,0.5195028141934261,2.7156875980336626,1.8338247289999745,-0.2952285394653115,3.7402575888312612,0.7803955945851848,0.5064103413791373,2.780921542484308,-2.5857916739342506,6.188223041038949,-1.662027378010535,-4.94809586459959,1.624191327722064,-0.3112652143043535,1.3737856743591745,-1.2653016550028362,-3.4694628224151285,0.794544798213313,-2.141340821623724,-1.0254698443982604,0.8413606894510045,-6.829084220313363,0.4995007969689037,-0.6822389947743331,1.8485811685216085,-8.89735320299423,3.3113937618979543,61.83,0
964,-0.7942818471350348,0.3008883803163108,-0.9261858764240133,-1.5971377654093106,1.1208186488307958,-2.8668830025799483,1.25593813608574,0.14342318753458425,-1.0090102310848599,-0.25630638861004773,0.5995900387922418,-1.8125641074659191,0.6611380133380368,-1.8679745160027557,-2.0228761572290894,0.31643568342645223,-0.94315389252498,-0.7810924051286012,-0.413574245665406,0.11151422425388119,0.26436792905378126,-1.861819259521721,-1.776055102736731,0.2618300562097799,0.684269955660775,1.0949695696960795,-3.290267721427473,1.3096162850981135,0.881257129128657,70.73,0
965,0.5892834329575966,-3.978449795831593,-0.11382032618358325,-1.169896232876551,0.11122091548342763,-6.52628065557088,3.3986794807200034,-0.4644686327775655,2.1939251518044447,2.1271194001959044,2.3698666336684577,-0.9853039466216799,0.07153318204094465,-1.7382882284588899,1.5603668175048813,0.87713461937785,-4.170401569378831,-3.829971913728039,0.42811840816699337,1.2254210614586665,0.1684702132204685,1.5703918403378156,-5.255817920841934,-1.4836976580858416,1.229781526972715,-0.506948690259626,-0.6797877039472675,-7.725506251628259,-3.208981962599817,88.77,0
966,0.3365175664517029,0.8728590248892288,1.0237608101373041,-2.1844459512117353,1.7444739253854884,1.179799024006319,-1.682463606906249,-0.837488906941947,0.5589005237417732,2.0287942779563126,1.455413257866601,-2.0604172432752446,0.6797067966320869,3.3834619592864397,0.07280612886260611,0.09109400991372943,-2.6527456129305507,-1.983317562924897,0.815937873861729,-1.4892442510989088,-0.04524066272255334,0.14196217740917633,1.4188585022476492,10.07549393235545,-1.1945896470218709,-0.35036584441580504,-2.964054738819342,2.025233617267307,2.3602660970949985,44.3,0
967,-0.8033419752904754,2.214458140739618,-0.02794777127829265,2.288002195325445,1.1647107852399101,-1.129147117199035,4.338137312595052,-0.4070318269460593,-0.9547098336929226,4.0673007644767525,-4.326004110194258,5.515162085490391,0.8293439252262819,-3.7046495430055297,-0.2665722849289853,-0.4918794548144672,-2.118542950509809,-2.7207576908537097,-1.7571765891521096,-0.8561008274372305,-0.7092286196839988,0.6072550177549216,1.2720613113935828,-2.8464615098643624,0.24023062577044763,1.8304684749987743,2.5744685340282545,-3.693866024847913,0.7340466717214674,14.06,0
968,0.48700896780815517,0.1540984773925832,0.8153168852079051,-3.00747982023986,0.15068585788386077,-6.675149951702704,-0.8534685542777692,1.12952342945363,-0.056661542413238425,1.5961483283715148,-0.06457283787106127,-0.8276823430183322,0.2066596984944911,1.2243380588456954,0.6290826192412396,0.5515735388198252,-2.8501648842443608,-1.3507536489513174,-1.0923094371687148,-0.7554833935369165,-1.9886899697482718,0.4736497774134741,-1.1707883677250723,7.733355737654907,-0.6975165706361199,0.0925313917410772,-4.537974412628335,-0.20738682275000211,0.6601892751279972,185.92,0
969,0.04868388490154364,1.7175322818530487,0.8221564326571629,3.034853826883313,-0.27199997230813616,7.417755384465526,2.9687367550220354,-0.50189411499767,0.6745050331548218,2.810570121076043,-0.829084792212633,4.427599226493635,0.2672106551450557,-2.5858704424753833,-0.275182437386346,-0.3280703703646766,2.9873406606600565,-0.546659188757241,-0.7197372860271241,-0.49122441461711286,-1.9527062813097165,-0.5446233893382973,1.4622005066555006,-5.035514378909939,-0.6220648349449548,0.4634603556662172,2.8821093717142,-6.257544197963648,4.2643132509349195,79.15,0
970,-0.19646922455152543,-2.1087407099179356,0.8734248199473259,1.0923537625081527,-0.5377765558045478,2.4996071448176194,2.378729394083926,0.8978052814453255,-0.464062530128656,3.4091752121705574,1.4521001253408667,2.9968509111039094,-1.3687545355960296,1.0733826284394596,-0.32443258174848666,2.001575745129749,0.811443565758922,-0.8781647259508473,2.1660541461304743,0.5053546309917457,-1.5229432059493315,-0.6046197205172072,-1.514019741776485,2.131927347932651,0.023432127147405314,0.7546937503085799,-0.369960043771424,-6.31237753395734,1.6245649441910701,41.06,0
971,-0.6183968529606526,-0.06328875710903414,1.7301167692088393,1.7958223861543297,-0.3778694539613512,-1.413960908261741,-1.6288038616873575,2.231496335202466,2.0872721617936274,-0.13963300525348588,-2.025653431996553,4.180456317745754,-1.6797453265189957,1.8813845558639168,0.12872868073964833,-1.2353339793034797,-0.47875266322253573,-0.23875477250555022,1.0637726039312874,0.2759858494205397,-2.3173264361098647,-0.3524789455866479,-0.8025208674730238,4.6551442696736105,0.15983535190809744,0.2068825297567905,1.1246919554414891,1.3912673381760905,0.4319202487733189,62.26,0
972,0.8513421221731372,0.8312477414758119,-1.4317296965247415,1.3905886595766472,-1.1941586560913167,-0.050590483231081125,-0.6297521940969284,-1.1046683561021067,0.009813740396404322,0.8599042018673705,-0.3381965083799958,0.9513549126917896,2.8241670094027294,-0.9358653970503639,1.1433042743300137,1.0363859085870253,-0.275763915166359,-1.0094546841947283,-3.2432352898270804,-1.6539595596163144,-1.4071642529195776,0.5356402250166092,-0.33758395484322645,-3.0141293446254136,-0.3190080304728533,-0.31722838822147553,1.450851385637073,-2.958700088842964,0.624869939336421,101.77,0
973,-1.464706681617567,1.83479992282561,-0.1341533269924053,3.488200708582474,0.721921252408372,1.0254860365201384,0.9446662599437238,-0.7502588076917368,0.26621526015290703,1.5825462261864316,-3.0307875081143845,2.804895060100947,-0.8725945264061531,-2.5406403350039697,-0.5016466787964576,-0.24421504017566917,0.23431917510276612,-2.5590294235804056,-5.628269572964335,-0.5483967878111827,0.3045205385218147,0.5882367945150587,1.4968181609237192,-6.021937358136946,-0.6517041482182336,1.1329561648061375,2.829979030731686,-2.38648138805464,2.523740373259857,149.02,0
974,1.5681996905274862,2.253311991083281,0.042249604426835,-2.8714313604837822,-0.029954646126529826,0.17241107593301244,-1.8463718402279965,-0.26693968713962596,-1.9619668506783159,-0.4868076856853002,-0.32775079607094293,-2.9243173906777584,-0.4041539057073227,-3.120688934000994,-1.5477064012411874,0.34963054166962754,1.2570341555900568,-0.21274768701691082,-0.690843376627811,0.03650622238552014,-1.1427691652491212,1.6760214587599298,1.4338783514970972,-2.9142221877597727,0.3316739616352778,0.34822110414416885,-0.6386544345986228,-1.38647357780244,-1.7557117040402153,44.97,0
975,-0.5500932918560765,-1.9942868650717913,-0.6926796792795997,-3.0699176956267964,0.4276363255523683,2.4355572570222193,-3.486374603425577,0.8149850354042416,0.07549800899940326,1.9837171478550095,1.3701386292284048,-2.8982449410221522,0.47469122448500445,3.5871523783148453,1.0213632348996715,0.9112131037953766,0.5390439794509571,-5.152432113380234,2.720310256807914,-0.32430188532020293,-0.02020925244960181,-0.3715092255018381,1.0617365175243203,9.811119757482757,-0.23578831826070276,0.48603160228708603,-1.7677222894702287,-4.232786995585086,0.5034801877812328,49.99,0
976,0.00721714608789781,-1.2549064600761655,-1.3889405190630546,0.43896774206907463,0.1116108572446605,-3.6487265067969608,2.3914746251862047,0.5991016330776804,-0.38336882422806395,2.147162771944463,-1.1722435909339706,3.272778510253325,0.41095333070803153,-2.5233891562965547,-0.21201289233454176,-1.1381506450830399,-2.2115216769509716,-0.637044038259032,0.22324618678337116,1.1581495556595445,-0.7271869396932028,-1.2321580247480433,-0.6747257075148048,-0.8841146712629896,-0.928763000450845,0.7600761123884141,-0.29290315293839697,-2.8536942205103064,-1.2453550790619858,207.56,0
977,2.426085613853053,-0.25204365482962177,0.47373166076865714,-2.0146289097613534,-0.44928534793580827,-2.594900618697459,-1.8440377928711353,-0.28146007988829563,0.41046022190207787,0.8160920949248923,-0.12179424787068605,-1.456727829241216,-0.6031200882261201,-1.8968168418062352,-0.5868127156030817,-1.203885634372985,-0.04516978284015705,-1.1257363472548927,0.5070026910301392,0.16395148089481063,-0.7268307649098116,-0.0060618257735948035,-0.7530143459352141,-0.01248228237999931,-0.9680835891538281,-0.5277718759454261,-2.3061441082505114,-1.112518195425159,-3.2914055273877607,25.52,0
978,-1.5667979574849835,-1.7124302218615133,-0.2906110847249148,-1.225617342174731,1.0508170608367033,-3.712794311283315,1.253615785623574,-1.912748205851388,0.2894478146973825,1.4060987924454589,0.37989200813826285,0.33017422370027094,-0.046862811862824864,-4.501445402812551,-0.37321817937666424,-0.48545362138569287,-5.012914515628362,-2.524502563124069,0.4280565103201565,0.9082795597829884,1.0110415725092758,-1.6428105807866191,-0.09721179161962155,0.6174864153033252,1.920061679566557,0.23294177212022005,-2.5796844975213484,0.3139232032579412,-0.8743647163348108,95.02,0
979,-0.22118302784676622,-0.9734526513804886,-1.0708302602147548,-1.2009228689732119,-0.31334090934713393,-2.015771756181596,2.732788461363187,0.05559214655174745,0.6190189801473731,0.8534543519421277,-0.5752974012502116,-0.17282166689620762,0.6091429242105775,-0.616439686862954,-1.1116273304811475,-0.6652421577496426,-0.9123569441222072,-1.93457835939321,2.3764268989875807,-0.33780411896225443,0.7084177384483922,-0.3449620674936655,-1.1024448589540596,-0.1822916486334151,-0.664853987102495,-0.12786703681621076,1.3069568387982966,-3.5447491885752926,-2.410365106972087,128.26,0
980,-1.6141682645056854,-4.039772448912658,0.17732836314114375,-0.7360981098677599,-0.002981399838699799,2.677395479136807,1.6133675974945931,-0.3113366534471879,-0.8305905203372766,-0.18244615211602555,2.551942497601459,-4.0357844914221195,1.2305450052085505,-4.293483177637839,-0.46728062016821964,0.6037890707317585,1.1409155545818108,-4.5129343564750295,0.8756427629421089,0.24100313766236015,3.9713579257531806,-0.004348486627184031,-1.1660766371563687,-7.742104025471834,0.6115216692398487,-1.3458804147600452,0.44075971539413106,-6.095155473662891,-1.8029432499368876,130.6,0
981,0.0100670085225806,0.6448724218254206,-0.08244595914915345,4.622867717058656,1.1609526907425614,6.557812917017496,0.35213108643780544,-0.32641762614809505,1.607404549823429,1.0378754845114926,0.1824340480142791,2.0944763447723878,0.6871403060029787,-0.1447964926894757,-0.8791360931076848,-1.918589423559303,2.9695067238457717,-1.924033343200859,-5.272372740983947,-1.1258708271451243,-0.5154053107518757,0.4293507136612708,0.408498115492191,-6.241764508980878,-0.14522864583891965,1.698458702375565,3.509124176434039,-5.326281149042265,5.624505495995972,108.69,0
982,1.4007772761956514,1.1277245247606913,1.8286252624418249,1.4477702822266596,-1.3578232070654421,3.0738399226638777,-0.4817062539520533,0.48708655911559395,-0.5363460269565219,1.8682865271501967,-0.1152651256428171,-0.5260676737713003,-0.8515918325016023,-1.4018892790580815,-0.55404438408808,0.17823974390505556,0.9810481019133551,-3.743679835473235,-3.6354345489583606,-0.20822270961275288,-0.31873436386302234,-1.5081692093721777,-0.01562495848769542,-4.12279829688817,-0.36971668475929287,0.45596839988058907,1.70090973165587,-5.122830606655555,1.565748053402484,102.54,0
983,-0.034381930295863034,-1.2826023368221715,0.13582683457382178,-2.0025239381600652,0.8794915112857101,1.8904185497862542,-0.5473703958921486,2.206012461671015,0.5222025446714093,-2.8115838041934738,1.987335331031915,-2.1382233753281543,-0.9021809633681757,-0.8069047127621897,0.4052905451344006,1.1446494442190644,0.23385498521007608,0.4265627006470062,0.489776248587102,-1.2393041812736587,0.4147818099775367,-1.0531725944877557,1.9089573515553213,1.0330642247108057,-0.7693141008546045,2.2203517941264916,-0.5234439294643444,0.04439371312346071,3.4671812868950065,163.27,0
984,-0.1720313621156695,5.452660314709732,-0.686880234788128,1.7639433142462204,0.2769943311191006,8.669051354639363,-1.7666797133431347,-0.6825400461535457,1.0317389805140589,1.2588372741738076,-2.2926078128384626,-0.6461506112621254,-1.0260352475552401,-0.7594865311579388,-1.4468829667607033,1.4536341508749477,1.3264862475647035,-2.7312847389539585,-2.465866495187853,-0.1085864768279433,0.9611343842493373,-0.5167675675462897,4.585001044453043,-2.032919672853965,1.7037271546972377,-0.7343200023133737,3.3815329980788587,2.099704601657816,2.5304320278683488,119.93,0
985,-0.011767837823633949,-0.8212956240180301,0.9513326061105448,1.7134015015863224,1.177570414149464,2.597689407660414,-2.9670843550868384,0.5408282103844916,-0.5887048335567698,-0.5933999045735833,-0.8355061798191636,3.520072772701715,-1.910978378545258,1.6605970946375308,-0.8411213675603924,1.7419225318939382,0.6017619860097436,2.054652150261332,1.7050144185473788,-0.6629899612710476,-0.4480982825969666,-2.352786469885359,2.461210285597631,5.340858573878771,0.9127268131198087,-0.03656094262917065,-1.126982581342673,5.496724278990873,1.9804661648596378,150.84,0
986,-1.1778363550763036,1.8965057230533973,-0.47241214410834226,-1.1275979431526713,0.5924210073873067,2.0403277147951244,-1.346554594958568,-0.9769318210905635,-1.043277594110717,0.06960793662421372,-0.23824589649680106,-2.7607771715556164,0.48878647378239914,-2.652125012971775,-1.1157847113854849,0.02462598855679703,2.406623166054913,-2.766083470119214,-3.4451767854418685,-0.9330279708412645,-1.1259507692366142,0.1281076019934963,0.827324395347056,-5.780895997508859,0.7038073822515748,-0.42474438987100777,1.8233891873089965,-6.273577504304769,0.37872507603009686,93.51,0
987,1.3060987127657413,-3.8031011263313523,-0.9802092620721439,0.051167873812807074,-0.10218777971711089,4.902953869900614,-1.4189771857846085,1.8561337994051366,0.37430906618985604,2.3088639064994374,2.4575162437596996,-0.04702010707661295,0.4865899812466025,-1.5725251981967916,-0.10799925152565303,-2.050531225566304,-2.12727322273153,-2.9431157557763146,1.3281087256406297,-0.3998104945533078,1.9339112144544983,-1.1990753176375482,3.1700567144578624,0.8080768333284606,0.3386012463207343,2.0704583153540717,0.3083571740500196,-3.919021088086724,-0.05459132488682239,114.72,0
988,-0.04899596864054441,-3.167076842893898,-0.43562157875265417,-1.176527513755682,-0.18752470290034973,5.689716776957289,-0.0032528326085887738,0.4662712597732377,-2.678142385853146,-1.4930520207702571,1.3131309994696616,-1.6906795234444039,1.514144474772275,-1.56419243324297,0.6404855636689628,1.2662546961783114,3.4762115797577375,0.08428473544078208,0.44373632831562587,0.05503581903054495,2.8276892633092423,-1.4322855919331132,4.875495800811426,-2.7056834850125533,2.1567544886236876,1.2330510044854137,0.3502699344701913,-3.2816553760707814,3.0942823218137594,38.69,0
989,1.2092795388889936,0.2741830046309053,-0.47164257863515857,3.056673215849858,0.5096631077101231,2.219810913871074,0.890835390547334,0.49979173049695996,0.32820896842876396,1.5910162940347785,-1.2348582573585185,3.1729824571496557,0.22010982379366362,1.4115667883787846,-1.2482747560297265,-0.4560416742859714,0.8404718133873423,-1.152671927098997,-2.0705371125974095,1.2363181797064053,-0.7192173845693451,1.4337500342142357,0.30241399691881143,-1.1814061393524868,0.4784096833437766,0.32474332035109527,3.1563355999602205,-3.574214053298873,2.168646005875935,17.07,0
990,-0.8097605415999324,1.5042145809632816,0.008537615179168945,-2.671470356796551,1.0158565189929774,1.0904472045242042,-1.4577778627184688,-0.18841684690872626,0.9310118548691044,-0.5779282846315011,0.7660950118485507,-3.564613617678896,1.6095416570383692,-1.2203115821937054,0.4931175272160051,0.95586060652498,0.9400612897570642,1.7774344291665076,-0.8260554058005343,-0.2402088710025202,0.3235314222787259,0.41566337253860625,2.6852314317738633,-2.5093636582940393,-1.4670339514387187,-0.8054016700655807,-0.5540337333876547,0.00016032729893477538,-1.673065310222145,179.47,0
991,0.9467504391358753,-6.539257687565618,0.9047559080654916,-0.11840767112805073,0.5779517823440512,2.7914661676560093,1.210677580547421,1.1837769864841015,-1.1202671506469604,-2.317476235104907,3.992197282509039,-0.023794126345911777,-1.1207947374921003,-0.20766763824978662,-1.1029144697652733,0.3680649377469412,-0.22668351115209395,1.0017716119520141,0.9774732933952125,0.032928366756948886,0.8306425844643922,1.0362281268530658,2.0077958798769795,-5.234121284981363,0.48950260404066837,-0.193849134422538,5.858416959858391,-10.304042055921613,0.19076941730928976,252.51,0
992,-2.6710619653697556,-0.5605286582326465,-1.9038038674812663,0.43718278475573247,-0.8559684519638542,5.066735748899714,2.3857374758588947,-0.47321118845039606,-0.6862784056181018,1.5249859658924538,-0.0989300698796094,-0.005589306981323099,1.5127960688147262,-2.154405266102766,0.22175774643338916,-0.8354803936420617,3.6469809208931943,0.774352464113436,0.44970288002299763,0.21101703022228158,2.284510784859386,-1.280987923737443,2.6959158623469284,-5.59127746653122,-0.8857480618759175,2.9566916332265496,0.14548333716922734,-2.873373886256872,0.3234228002003575,290.32,0
993,-0.6758804361079083,-3.449740891853029,1.2323792000172902,-0.6556941664712018,0.22857208632752485,5.600698534818721,-0.99258647992005,-1.032675529017987,-1.0057392388170292,-1.5344693050195497,0.3493991408883267,-0.9635861049812053,-1.4623857318673907,-3.195285758853302,-0.8204484667720836,0.5391120652520308,0.8595826637199614,-1.1916516146796245,1.3683871600308015,0.4863532058246964,3.662411971724082,-1.253766331991023,6.121553619165938,-4.241954726554501,-0.7758714994462428,-0.5157840675199,3.2464893682481697,-2.787678675475316,-0.3254801416854828,232.78,0
994,1.5763575462909234,-3.148374741182224,1.0048312570109361,-1.0626494435837954,0.8291267716215981,4.540208048461112,0.9365836220932955,-0.8809494099975556,0.05687195028576429,0.7465893476279911,2.32957103607511,-2.302970462502454,0.24460917181047706,-0.80033065191188,0.0017474602741839962,0.6352284787912039,0.08475761705780316,-1.238270372785008,0.36652630774397255,1.2863008855219549,3.4060458868982324,2.012030027571847,3.7544266338026344,-1.87702888583272,0.5527197446498667,1.5120486152893071,0.7799709200522708,-4.225950065111503,0.9267101111966042,61.83,0
995,0.48114589076518677,0.14227895361010656,0.36752904756141197,-3.312770406778887,0.5356540513524742,-3.365673929433472,-2.425142791373473,0.5921029832024916,-0.7256174565632872,-0.08437747352596092,-0.2050196896052986,-3.1206037784613536,-1.324861303850239,-2.9960995663800927,0.35747018584872403,0.33412624733823465,-0.49643189720054004,-3.4740627097382073,-1.9647440063346697,-0.17436283641253425,-1.529284335749048,0.6230110292977487,0.013256280203887083,-1.6431540790920713,-1.1020845647760653,0.28729657274908715,-0.24995783848718822,-5.545533827276044,-2.1113680767316048,117.33,0
996,0.6743677856483871,-3.227123920827844,0.8100513967250161,-0.5167372776603967,-0.761418967877422,4.875971898671813,-0.06053975942883405,0.5188806757053354,-0.2811437260145332,0.19116804182952207,3.0573323541989907,-0.4137439091992088,-1.5018265189141187,-0.11909743109957316,-0.8186059044078899,-1.0987241767814673,-0.8714427935077541,0.6670506852965635,1.1219155158673406,1.1058073034127964,1.0948303526034966,0.02808461703859529,3.683248000243739,-0.9425971966602533,-0.4785053803239208,-0.014641353803318163,2.3582894974796584,-4.758117427148566,0.7905412727339415,167.02,0
997,2.4075914215475587,0.13594186353599824,1.691650408397664,-1.0522134722087861,1.2614608039888047,-2.580455557517414,1.4176746850020367,-0.36634332058951224,-0.022785634837776975,0.28174627842326594,0.17771206649785865,-0.3366266840709051,-1.1969379266681042,-1.6267434139028456,-0.08555983423369973,0.06953332989622589,-4.416702426958419,1.0129020429011062,-1.4426292685316011,-0.40843760127265955,1.1970761553729756,0.9308201250373191,2.4575813122231587,-0.6467060049538874,2.4393342787192664,-1.0820515457923974,0.3928979111899712,1.2056225913005576,-0.5796737999109788,89.54,0
998,0.13035720265710996,-1.107880843235891,-2.5280045890204903,-1.2371994009308316,1.081580728364782,-3.3229005558922506,-4.3280484505982955,-0.6794195609428907,0.46032781838148307,-0.3116876377050998,1.7562222971856047,-1.0738570691669767,-0.8341940938737827,1.623441345723355,-1.6503545041545293,-0.9820924068002156,1.6887517208695626,-1.2191702199337664,0.08209695119039717,-0.30308607711201396,-5.220248311493877,0.2905803478745374,-5.2034805985990555,0.6941718430951814,1.589446936104708,0.08488824152666716,0.20296695498077022,-7.174294458355672,-3.5356645272582035,90.69,0
999,0.3224589578050008,-1.102723404355438,0.5444263724854894,-1.2294704412852195,0.541385370590273,6.491312764066612,0.8344402147646507,1.917886325593504,-1.6873561751777122,-0.6083753977695044,2.077814202589501,-3.06124173112516,0.4372432175985437,-0.680098477107852,-1.390095413249477,2.382367358761519,2.197773887739083,0.7255326774192058,-0.8662962413689975,-0.5240694027760878,3.7274618787752574,0.2371750000196554,5.130282389186132,-0.8667886366420529,1.0607088663165192,-0.24568348139133167,-1.8871777309463162,0.7250332492434773,5.171866755092411,173.85,0
1000,0.5397907333710997,-3.879739297347185,0.6045329441009561,0.0915156071204265,-0.015538158736520495,-1.7990703918075763,1.8554985453306239,0.04180145008551258,1.0959361476075746,2.094962745737724,1.5008328858660374,0.11230686890864856,1.0925008042559785,-4.369776092599822,0.639020475468985,-1.4995960965593678,-1.1619849601381538,-3.9786391909036465,0.7727628649729283,-0.918694360920061,0.7482512798242273,-0.40946805857805557,-3.205076392652449,-4.39769523663873,1.7631521146499791,-0.5132741367946773,-1.1991103907122094,-6.584096413803222,-2.3056018061055097,67.89,0
1001,0.7777947517214098,-3.1152470499889717,-0.362334458274863,-0.9747788779332046,-1.6738979283487876,1.1509440573908005,-2.0010037179637985,-1.626430758916577,0.0124049831465862,0.32776714966615506,2.6364110536181165,1.6904567900686276,1.5439506047611449,2.1222264011739327,0.579976576957259,1.4840605532206974,-2.9660899441481057,3.731619257780071,-2.039278465247405,-1.0728901157149175,-1.0930120091376945,0.41567197409657614,6.276758917266994,4.4256541029718015,-0.9883710624141014,1.0939069516324653,0.6537796722663897,-3.0170611978446336,3.4590721246809046,12.51,0
1002,0.43052961167703435,-1.5139744134322242,-1.3730475446650445,0.39160758339130874,0.41762151637174566,-0.2543541444637365,3.045893153610326,-0.44705443596606326,-1.4867184699052318,1.4423278972033367,0.9185806962052407,-0.31876894467825223,0.6597747586417776,-5.036707711808048,-0.18115087673127475,-1.064517973083039,-1.5850889578992726,-1.9628434242962665,1.4712661548043129,1.1267236367786344,1.7828877032346822,-0.11882084272908042,-2.163169089805481,-6.892523894094274,1.4999400925363118,-0.35835093235555227,0.18197805143068313,-2.7659515872855236,-3.5696721490583037,25.26,0
1003,0.8782055654366451,-0.2599404214208475,-0.7037369567249628,1.397044268067818,-0.4884460913386509,1.2095618214356096,0.7439895211820681,-1.6686294265007857,0.07069702166483936,0.40143972601468214,-1.0439360320955715,1.0633091020136496,0.013835723222394625,-1.5098097818506986,-0.38046853611733444,0.1676501553866558,0.4435759003851833,-1.7796686357925968,-2.6406103735202993,-0.7201629036798193,0.7999334276386149,-0.4451405126313417,1.4287219781433798,-2.919703689068731,-0.8784004773393012,0.8392478453905953,1.3676295930981186,-2.309145422950475,2.3662315612827944,151.07,0
1004,-0.5938559901174687,-1.4097534135710232,0.20541269721866062,1.0378396195601391,0.6686297581325897,-0.10187796810015719,3.1467745620065637,0.3939632237346047,-0.7649603531086354,4.7225526065796215,-1.1488475427373928,3.907500343114189,-0.03982057611509975,-4.669415913658837,-0.09684566095178475,-1.2845888314176803,-3.6337329725668517,-0.3994488813677388,-0.9609314482280334,-0.43445019964844644,2.21624390708282,0.044948957020710126,4.028287180675912,-1.2221678656744883,0.6967929604960715,1.1068536244725686,-2.4561105184424807,-0.23948981095956673,0.6415515131668894,75.36,0
1005,-0.6428078002379078,-1.7773753028992343,-1.531460426522707,-1.0627931582740158,1.4935711625578796,1.5085726885731343,-0.7362791899591167,-0.18501087749855402,1.2225441529329892,-0.48517723217389686,0.2741702831957482,2.0688332244831513,0.3752015749164665,-0.7246453724445654,-0.3096887692908779,0.011996068938586246,-1.446408278687189,3.968507963973019,-0.7672098646773388,0.34447844084702445,-0.03601261586619198,-2.364515369855838,7.197333884907052,0.486637444719903,0.1767988850112951,0.5979486139927381,1.6708726623331045,-1.4221696756303253,1.6586452915154661,115.83,0
1006,0.9166276887228414,-0.5465500966942355,-1.5974542183291225,3.5109366207314143,0.25094319323665915,2.9886663809411753,-0.661332298090731,0.6503111974963428,0.2813565375383702,0.9394525974584963,-0.20708322215530905,3.1745504167488976,-0.07393236525691027,2.884555177018187,-0.0596098453885342,1.9468219623461143,0.951801266119141,-0.3823157580990352,-0.7369021746966897,-0.8811530623462598,-0.786797590525587,0.8584588426390306,-0.5394855022050934,1.1585657570774563,0.36605591546079125,0.2845119825216449,2.1629541849929703,-1.0406376274692588,2.016370988449979,155.41,0
1007,1.516744797533817,3.124745746571649,0.3622968036465537,0.45228877096700637,-2.419129138075756,4.453072592220244,-3.568722726312382,1.2462627809986806,0.15916526032138825,-1.4757582816338686,0.8826643677551699,-3.555194419327897,-0.38269514108280356,-2.7621310533701466,-0.9422611938939608,1.8724486608087239,3.8848362685682813,-1.4507714237906528,-4.564781600125918,-0.8507239905465955,-1.661184936163647,-0.24809704963181028,-0.6574914742981737,-8.06821543457345,0.08164273442115923,0.657912631592761,1.0308577116770048,-2.497006575950089,1.1593303309109282,30.02,0
1008,-0.31048356431258967,-3.5055396300169184,-1.5834894011131166,-1.501175870211152,-0.06033272242006658,0.19399891848173517,1.0583634445485077,-1.0703024157146448,-0.08322157940302932,0.6293077589255056,4.318643467364595,-1.934386708732202,-0.5638034643043767,0.014149716986271432,-1.3013252840248468,-0.2175327783733332,-3.411212489243894,0.24493847697583837,-0.07322930954399709,-0.40267255994220236,0.8175541774170018,-0.5274490329254542,0.7682364226224768,-0.35935567055800827,0.6884945499820935,-1.0375918714896566,0.47231283257923884,-5.077064164591785,-0.03761147289178879,165.75,0
1009,0.8137867449220965,-1.8862820636819004,1.2161272476716014,1.0125862287890524,1.0447112417646005,-0.7415440908986243,1.7489728692336701,0.04801781715807684,0.44885083134150466,4.806039375587224,-0.6706665116434091,2.403187060088874,0.5034142435493226,-0.7879218525799749,-1.0229678848680677,1.6064583679786404,0.6734940935766415,-5.186545288697895,1.559483582775954,-1.0409018644728891,-0.5310045795383115,1.087318378658628,-3.622985741012249,2.4659812978239173,-0.967940214272983,-0.07114856219103526,-2.8789012485418923,-5.394761208353629,-0.19591348099831285,120.46,0
1010,-0.745763744110666,2.5962254175791237,-0.5389121666106078,-1.5716201435889612,0.6687245052724784,3.14862018800588,-1.5815682632138182,0.3627295665659698,0.6488475406246502,1.584713226437827,0.5891807898996151,-1.8886871519239434,-1.3305688495201482,1.1449741794629023,0.3386251576366002,-1.0859363204038428,-0.5136674879927047,0.4139595290782391,-0.8463815640142321,0.4346107155489233,0.5808702276352138,-0.7606817398859019,3.3967805444963575,6.058955763841891,-1.3312199885071314,0.2343139886115539,-4.265512421619099,5.10585150516735,3.598722639360311,73.18,0
1011,-1.799155824032461,-2.1375511835383896,-0.33464715863394856,0.3586978008084306,-0.17083802561648,5.967181047655725,3.177861825143465,-0.3496791047863926,0.33724146150320805,2.0846512177195335,2.5858553138404052,-1.939608079228626,-0.4504644998728542,-2.484097299904432,-1.9244545968629527,0.031079518237261926,-0.4485970369518522,-3.592267148265705,3.3996860893659933,-1.6127403690511788,3.6632483658667025,-1.2998849149720821,-0.5506857566081852,-3.7394048835914617,0.1501179673598229,0.050504890486286605,0.8255637342690535,-3.456951217796579,-1.1408380546724222,248.08,0
1012,-0.9367674325830104,-0.1380426958307236,-0.1204428626411764,-0.22947459082853527,-1.2127150757988507,5.443614905642099,0.6008752841315715,-0.6463676703459691,0.5864285016590159,1.2931763462864068,1.0458980945528755,-1.9903946814295328,0.357821062519898,-1.6086093358433406,0.3974339738557521,-0.9946514299712064,2.9367748036821983,-1.8924897461942884,0.26692666011562294,-0.31336863128507375,2.354002558468319,0.05798294658884979,1.1190996249064031,-0.5214349760149594,0.9008644405489943,-0.027768730341351775,-3.6003475607561914,0.5666433273009497,3.353005589975172,14.91,0
1013,-0.5950527062908985,-2.1128447929310457,-0.7135564909387535,-1.0569273291420533,-0.03931393849983351,3.6760575432733296,-0.08147209921135679,-0.6069316273554748,-0.016226208704295298,-0.9887641862126354,3.415441760253676,-2.4250183062458537,0.24467034907095767,1.7766870151296916,0.38172664678788615,1.7635375024423534,0.8925855697455752,0.4175813992041232,0.5666644832728185,0.19802280057807073,0.43765087653403023,2.5345325686061364,0.8795541361013162,0.007717129723439988,-0.16177138463883597,0.04308374220212008,1.276553867578249,-4.112110269233765,1.797337044870909,123.61,0
1014,0.5404568047891768,1.2587127514615473,0.9702485146681558,-2.70831717298682,-0.44629511151431916,1.2805101810334327,0.13613017987967035,0.5202348958254609,0.7230958871534814,-2.254975463413591,1.6223692668663252,-4.23401893929298,0.9510703517389086,0.186947406288705,0.6503836913958424,-1.1138088850141943,2.593761613866743,-0.323541039211081,1.180609282521647,-1.0770127008487727,0.006012148396999262,0.2769131957997032,-1.5747277793361298,2.013569482834272,-0.6617404082330068,-1.0495464594818074,-3.2992038916207798,1.991739802639745,3.0906896165007653,50.41,0
1015,0.9066483858092831,-2.928080079606834,-0.01474771801684241,0.343468880285963,-0.6715106053010765,-3.427991839483347,-1.4254029126680008,-0.18848685975882942,2.1157708095629846,0.8226371946467014,0.43133311973514255,4.002107334782658,-1.2855655937111106,1.2584413136375376,-0.5093450963307086,0.19477400562806724,-0.3610957229909034,2.109401613209837,3.4720984674910587,-0.034171881534327396,-3.0131985584833814,-0.4112799243305384,-2.5351514847255903,4.933336260177725,-1.8414947093364584,0.28029129196590696,-2.3432395333693825,-0.2790043625047446,-2.220305449358924,47.53,0
1016,0.05624533757317886,0.9699570413509858,-1.8960018949178892,0.46717229802703614,0.5919119062445883,6.275801000216448,-0.7702837720810338,0.1437374378208569,0.09011042923108632,0.6191073707931392,-0.9831636877209262,-0.13803190779828453,-0.9670858727995406,-3.776449366528267,-1.4056768077040018,-1.5364597035461218,1.7835901203256725,0.9093862340891462,-1.309962232451356,0.005785114826653559,3.1716852909670767,-0.4178235188093812,6.3451516741841765,-3.2974651142087246,-0.019153090401341374,-1.4036673060505274,-1.8112352047556457,4.187029032338995,2.4684894069819285,81.26,0
1017,0.7814289194655282,0.5707426531610063,0.7104245340914495,3.8133781986254065,-2.217283710253568,2.969013289153784,1.6651665616570352,1.8672312871808086,0.9510213361781547,2.5351506085439155,-2.2512790486743848,6.054629862712385,-1.0558446374338408,-0.1827724863269955,0.46254792279774964,0.37706090962839983,1.9707780629700151,1.3617687110700514,1.67376599556227,-0.9809709185260753,-0.716070906882432,-1.563929264900654,-0.1057044589760806,0.38879990152717253,-0.7308348996976709,-0.4251929532728843,-0.5726821509774421,2.10821244654657,1.3386929111914814,42.14,0
1018,-1.7298254799301076,0.25683536636044824,0.9550134901120593,1.3067400893924912,1.1129553382106698,3.915073825475275,3.1231032954519415,-0.339605503191841,-0.33193319023006784,-0.08225361624757377,2.04900640537387,-1.8957080670860222,0.5546910484898788,-5.835004168234984,1.0209058835248865,-0.3561704093020027,1.558088592559825,-2.984144627606728,2.023824420490544,0.5483030008957587,1.8314916625998778,-0.25277165965789977,-5.107812696699461,-7.088581466481895,0.14004307171189206,-0.2147871684668929,-2.896239131363085,1.4223210353763462,0.8699636606202733,34.58,0
1019,-0.29566561208542824,-0.035634138636299384,-1.2257917407817274,-1.3578817382454307,-0.9614444439743789,1.024154550952101,3.3895326897081035,2.0429448611350307,-0.16417161895364407,-1.2039838216063061,-0.5232432318782613,-1.3914447105496823,1.7199845303294035,-2.419343864908089,-0.8972931814242199,-0.4257698727753605,-0.825822067514472,-1.8476532646884523,3.7251797021887345,1.403619668528335,2.5165897404840556,-0.3475876229448206,0.229878149562652,-1.7467902610729642,0.38200720545276307,0.38356713170706486,1.9318981322301823,0.29565829407284544,-1.1905728580484634,149.36,0
1020,-0.47083037650378173,2.486442839533515,-0.9692791983443653,-0.3982400584575777,-0.46379726964987933,6.3696381621540334,-0.02071468667683718,0.7861205475982457,2.3970239182011865,2.046115391334745,0.4055524097508699,0.90638683910283,0.8439892521191966,0.3820146942061894,0.4820397972196492,0.7240942025060932,1.674489791538202,0.6377350624539307,1.7352079520108146,0.8990415328371245,-2.7490737695689282,1.7975448446859867,2.2901321215565202,-0.539219817841947,0.405029604444193,0.5413793726352385,3.468413674458342,-5.477114285969313,-0.05897915323121339,115.79,0
1021,0.27046350873055675,3.8240789232052745,1.3162472971612738,-0.45381767476928647,0.9852201728091007,2.7576993355577657,-0.9358156000940807,0.13074385901824978,-1.0380485814246605,1.4295663592047454,-1.236873780169989,0.9130890497294774,1.6953634941799354,-0.698056354564373,-0.32810928836024106,-0.047597245118507034,0.8471414864019982,0.050409515801521865,1.0905142182677583,0.41015156771359396,-3.0469018578354556,0.5410509840616632,0.7353074371334711,-0.005005156955655333,-1.3983570744602225,0.02198155264360243,1.7942582662071194,-1.5399155315250421,-1.228095810539814,112.93,0
1022,-1.339270315485301,0.32290447828096835,0.802949926519495,-1.1286696073645954,-0.23154949394529548,-3.702131078097191,2.3196143407925685,-1.9990878128978078,-1.04635003568742,0.7465865131248587,-0.7979770986118881,1.3071398782311128,0.44809821335102445,-1.5780673421453262,0.5229715738969453,-0.07151400927298215,-1.6554915152953176,2.1097542245627197,0.3622443831664971,-0.5862276942809993,-0.7278628963906246,1.5586265169628146,0.4048696247902327,-0.9640205961250584,2.1668840348163116,-1.5168584165083185,-0.3142479444700882,-0.6895719477325789,-1.7196270246701153,124.18,0
1023,-0.9567460765772849,-0.6364725677079943,-0.08215585949035527,-1.6212386028860717,-1.5109457673400708,0.5250293867712191,-0.23336262720579992,0.7591366223425597,-0.6251126178710411,-1.3118619170241002,3.291048825418077,-1.3965295081020355,-0.0010219022026946231,1.638953540465803,1.128446660369111,0.4410856150007483,-0.8517597609819807,-0.31054655083990934,2.1047699976225926,-0.7646446176627878,-2.2758385546035895,-0.8178087971443538,-2.7416458309509792,5.352636869178828,0.07613355383977831,-1.9506968944201075,-1.6954264852874785,-0.7009317238071614,3.21874087990714,148.94,0
1024,-0.16340723073131225,-4.008029059568761,-0.10875102283361787,-0.34901294294584473,0.12476386287738533,1.911412997584689,-2.5747536541998084,-0.4705391395294173,1.2223452564679749,-0.8463806534377262,2.871850595660311,-0.255582157309838,-1.950095160018759,-0.9337396819136615,-0.383943622063459,-0.13513000707570208,4.590893054140428,1.726650042217909,2.116115688337774,0.6176206650846504,-1.1147883926498448,-1.4126911524926313,-1.888458382834742,-1.011149285375642,-1.2026910288948676,0.18091067522502524,-4.19604258421008,-2.0498406702485163,0.01751693849733238,177.95,0
1025,0.8305051886334915,-1.0432002190818541,-0.8837232981868416,-1.8009287970879073,0.38497098131969715,-3.2249832045268874,1.5602960435014226,-0.11111271407271618,-0.022813694047922984,3.134912833868123,0.12288853065670136,0.4239560737756977,0.4378721449493555,0.5582991312346847,0.5036707734621725,0.7580800102973402,-2.8405765573999604,-3.1278091727498927,2.295627836638611,1.3420353309757287,-0.6977819978171221,-0.31515830631527364,-1.6655910989792675,5.8614108576929755,-1.007030864852526,-0.9535247258366385,-1.843523438537658,-3.2657526483908614,-1.1721675805398428,31.27,0
1026,-0.21796838496072934,-1.0261978289406435,1.9046798820816377,2.7779681511982277,-0.5668034520958176,-2.9612870352540592,2.1680764437415,-0.943940643332437,1.4881346272402018,2.5063115322787706,-0.8601891471987013,3.3094205021577685,-0.006461594079039767,-0.4844894910157546,-0.4507065591772589,-2.0092153440255616,-1.068377814864356,-0.40723437556727843,-3.1222214412587563,1.9553262161497902,-0.3217020747474676,0.3234523642603904,-1.7242406354112667,-2.9466269374519505,2.0725985407625185,-0.644622131078473,0.2175368119199027,-3.037146715093539,0.14906967585079078,186.63,0
1027,1.3365551717522342,-2.5603528114712146,0.035058417871113794,1.274556797992659,0.8479975339628499,12.043562410058454,0.033592826998613545,-0.3746623090721766,-0.8574763465429882,0.5921435518850339,1.8181081320534815,-0.843493783850122,0.05096771759968127,-4.098599137487932,0.4259831217850366,-0.9205909444695907,5.194924160514008,0.22106701153457287,-0.3137042664180475,0.6799398728347459,4.407536932869922,1.1248063066978762,6.519405222457334,-7.215959728237314,0.17609548823084945,0.5321285715752346,-0.7200610265139458,-1.9600852750391613,4.191356149341913,79.33,0
1028,-1.3679353860913424,2.22855186588804,-1.2318685541566103,-2.928269361328321,0.027999545194562925,-0.07330243032160935,1.8739614558228508,-1.365054443070417,-0.006392320059787118,-0.4024616200872789,-0.9831829093255336,-3.4012600770634447,-1.2776048240560596,0.8502409944335342,-1.235922173509193,-0.356455786555902,1.0974575885130666,0.10857544984217304,-0.6034120693069082,0.1403629067208431,2.26226824288434,1.9472567386642823,2.6970587064985714,2.7767393220463163,-1.0608842556995841,0.5893018059441726,-2.389418093495847,2.9215698776120678,2.7785866370960726,74.44,0
1029,-0.7328131611036991,0.03811378095946094,-0.2574305241108466,-2.6057535151027738,0.06265614493579669,-1.316677753909372,-2.1483275508079727,-1.5613429830998886,-0.6535992851816712,-1.1646785154445873,2.6604446934551165,-6.101056240126526,-1.0115702757043907,-1.6649172217407118,-0.5577753625187629,-1.1349741648992573,1.7544040779352963,-2.1864544984316487,-3.1588789055362825,-1.0949806181122828,-0.8784443093561076,-0.28124290633667054,-2.761322492508795,-5.4165743427958,0.4489675555702139,0.6594585244393549,-0.890089507905467,-5.6668426043808235,-1.5322289489566585,200.46,0
1030,1.0816551817696805,-2.08413088952843,0.7650271951545173,1.8072799957615948,-0.8085121927496709,3.016213566641869,0.9034887335322613,0.9382808984597072,2.0439587625081876,2.5484575550498083,1.2696153697058978,1.819229429173056,0.6908415698573351,-4.828707797547994,0.6899137665548859,0.5651972058375297,0.8743777018604005,-1.8011773972795346,0.1126692773219099,2.2493267919788082,0.4298494171915767,0.7353608266420265,-1.1285631646343595,-4.2890026630017966,1.1325913089218718,-0.5839537696703713,-3.0287479628547658,-2.399031856591314,1.0689786218631019,217.52,0
1031,1.4773725606308605,-3.5230963941391944,0.2258418340373073,0.6957793103010792,-0.10734682245096279,-7.0546078353055215,-1.737457550320699,-2.239791630366121,1.6729897028449527,-0.15104572857531406,0.2953103121642039,0.7513650555099862,-1.3515474542642338,0.428226825470884,-0.6211347987962408,-0.942963372449764,0.3281690755248995,-1.12862906429076,-2.070654314099963,-1.1971665926902302,-1.417802095034538,-1.4431152891778112,-4.821758799901311,-0.2700047903899797,1.5513777210094932,1.0110970055869908,-2.558017117526989,-2.776687679330336,-1.8078452048906515,99.33,0
1032,-0.9454683399946582,1.930908764537906,-0.5669763910042788,2.6253971274835903,0.28326995014659845,3.274056733437345,0.9028676620530399,1.5327838847681055,-1.4749506797103382,1.1304036150611092,-0.4491104159923608,1.8235187142501872,0.954164514190924,-1.7691381447216186,-0.9977562791069342,0.5670218329032266,1.5750919340481555,0.8173517723351461,-3.0718845970668007,-0.3767754697378553,-0.8162674346866977,0.36471177320848547,0.4528997828373897,-5.744374758986102,1.0066246315965148,1.6100761231896492,1.3005582450938822,-1.4473814734710728,1.9867178258378408,14.96,0
1033,0.1847586468536697,-0.16736133792398977,-0.45118531519813054,-3.3014085874289134,-0.4691712569993284,-1.7224121403537243,1.3294557088510899,-3.0557089491442007,-1.0000904614700603,-2.058822931050499,2.105842391704719,-5.363213977619594,1.0989699958191375,0.4075594850421639,-0.14037333561142493,-0.7755334442754006,2.4344027017040752,-0.9821224385231951,0.6706779686336222,0.5580993724067077,0.2697883476875944,-0.2823463723772995,-3.439958201906507,-0.5250664992463325,0.7952491673672779,-0.7814908672351211,-2.2718799070560958,-2.1852831196236986,0.6109847057118393,133.22,0
1034,0.8372094867286812,2.2911131392228614,0.8158535100785161,0.2207779468523281,0.6394280421925499,8.574528840542486,-5.066321523018512,-0.17059266479006882,-1.0907537158222465,-0.10708435101735658,0.20659681460096146,-2.357432717589948,0.25292720421312587,-2.6822731829697624,-0.7510268068190222,0.8954602236748322,4.036436583786116,-2.2177039056699397,-2.1215346329578524,0.4159226590575908,-0.15309179715682864,0.40741803465197535,3.4785709851444615,-3.186070041789706,0.8928405543192964,0.7237994164444209,-0.4075563352860435,0.0013506800206876297,2.3645500902703542,11.65,0
1035,0.99109287659804,1.9211201433820437,-0.4147278813463268,-0.8793470439134551,-1.2881107300675272,-5.4732137433351085,3.9802056309084533,-0.0545932661127137,0.7920601020793422,2.5058894063329,-0.6591936886652717,0.37327377608969925,0.31772670120959673,-1.046115610714964,-0.48457654350506235,-1.8604115021964944,-1.3286976846682186,-2.0267421749683385,1.83853099465327,0.16701797811696062,-1.6124467068843975,-0.37840250591744795,-6.36318330299487,2.603868726078368,-0.3001556002227654,-0.9360325130481806,-4.291943595170056,0.5761348857998322,-0.8457250808851361,74.83,0
1036,0.6847283586362458,-0.5649154355651593,2.5189502068882135,-0.23781300033770436,0.19023153425669853,4.967400688940194,-2.1937612307079752,0.1355242975292022,0.10113178536150971,1.8721848211473375,-1.4075047439649295,4.106896493390885,0.1267384339908734,-1.6278394672791028,1.0199550425103299,-0.04962838937746495,-2.3396067195359884,1.6775801262646,1.4002762794439096,-0.3790796494872758,0.6171597199479276,-0.12767504441391503,9.291651754451408,5.4532210690213505,-0.045043534333108835,0.39604596440221623,-0.28316332748449136,3.029387987937662,2.4437926890909827,193.34,0
1037,-0.7656532852453778,-0.5836633679005064,-1.3776256560635605,0.7621759122677951,0.12625587271393265,1.35359130998557,0.2532007071483834,0.7839731429926151,0.6690447424705321,1.3518421740167712,-1.2309300305521051,4.0393950731688975,-1.55037687093124,-0.9205166231921469,-2.4902817083763287,-0.6664799269634811,1.9204758229039882,-0.0051476406623649495,2.0824756702854703,-1.5370679870688635,-2.620987500027558,-0.28900121860121725,0.06450052881833443,0.8031360591346355,-0.6128579946744069,-0.2821595359874645,0.5733151173642612,-3.8121034832569665,0.5045594729345058,8.07,0
1038,-0.15189722504775438,-2.770789219471723,0.02802090072679107,-0.5650476731467917,0.3538500015883804,-1.7261870137645143,-1.0549164824258712,-2.0404108651483606,-0.2786408421585792,-0.8887291480990748,0.4389598481215539,3.9581529072786705,0.8787723785828048,-2.049402682010884,0.07903644461383194,-1.2198146791693427,-4.1287406403758675,4.682927794370899,-2.1155268550035866,-0.4588055765275088,-1.161121413474381,0.17626381517049736,6.8503438090232756,0.8304356384037483,-0.17938480631704773,-0.06374331733420606,1.028721491308072,-0.7180126099808062,2.3137753787026374,171.68,0
1039,-0.5249019628689985,-2.5116154744837202,-0.6645854879485937,3.73734164449638,1.0112954479729197,-3.8356627991492838,2.1645305775300434,-1.785025839069702,1.3422567828601808,3.273866969830923,-4.807225037538384,7.861535219190108,-1.5885031364081725,-0.807985082133649,-0.6622380786656235,-0.8033128584071165,-1.1140290986041603,-0.8833306952571288,-0.937205430487905,0.5094948616555286,1.3873956081938328,-0.22821753443453083,1.7399148974484915,2.3026753594779823,0.7466848560946794,0.5716087108071156,-1.2165173560871896,1.3975193810105406,1.0766102445092036,156.29,0
1040,0.17020282461353894,1.3800135694848699,0.33635673747061456,2.42820360208174,0.22622628142460888,2.88919184317392,-1.515221575541938,-1.0491287298878536,0.9072736847917083,-1.2863817824938253,0.648059218475728,-1.5741562093946837,-1.7615824272546483,0.6519593349158416,0.5047813609150709,-0.6758783643523114,-0.180823684455936,1.4029909127772657,-2.4880381639882714,1.0234334555645097,3.1839640671717597,-0.5514328123964021,0.7188513325501836,-1.0937893494678013,-1.6661892380266072,-0.5133774875146491,-2.127887740558185,9.572080837205734,2.0851950854623045,39.58,0
1041,-0.4055326917624579,0.9612203591294225,-0.31627654319091747,-0.08188862760555915,0.20149232313327434,4.586314238863552,-1.2681048674632893,0.6365983775086668,1.0561640438100357,-0.6294350832786849,0.38431250954643004,0.7887575160262079,-0.2903032687351907,-2.1219733402843364,-0.07692575577915453,2.9336057061712726,-0.7554411995898367,1.2987620853314228,0.4658916301643016,-1.9055733529725303,0.1174303797861288,0.5747469291255051,4.11366021936294,1.0283050547444126,1.2867988527259013,0.08857812941673526,-0.557635339134716,3.6506102297799194,3.028160227451582,191.87,0
1042,-1.7772134575808027,-1.1842863867351119,0.3453161945753811,2.2263242312599325,-0.22040938321600484,6.202835607909157,-1.3839207714552453,0.7609345774136242,0.14882672903163416,2.1729564999999273,-0.8911088632091261,4.677707096949542,-0.9609790608472337,-5.257078921592471,0.9074579023876276,1.6394205485064035,0.7857340691739386,-0.1059539504251299,0.9823798913188859,-0.9892113838093803,0.09177297067620915,0.353958139978882,4.410372028666426,-2.239114268370658,0.9294685612995917,0.025659849098721006,-1.087925910706278,0.35965311667500965,1.6733477774548629,158.83,0
1043,0.28945107285065863,0.7685422759174585,-0.8363384996646277,3.4997543234800785,0.22884920809590747,3.8504159617910685,0.8889541075723372,1.3686234226985106,-0.03951654223156102,2.3391224805493267,-2.604671136312057,6.846482926483894,0.8292235856371121,-0.7297634178460781,-0.9934335991331157,-0.7244397601032758,2.4028336460880135,-1.6622882656900835,-0.07480426431414788,0.5205607958438698,-3.8622747152822505,-0.6945031613848099,0.24006628914050482,-0.7334778765528177,1.3519573053984584,-1.4233367948813866,3.731947787890914,-6.555837533087196,3.251693382809327,87.23,0
1044,0.03355159681824261,0.8634989655009384,-2.01149132546182,-0.5765451271181671,0.8741140818178601,-4.5238839876665,-0.3295640705162466,-0.09844531417674846,-0.44392649443489174,-0.100721276048929,-3.672658989519577,3.8875944134085825,0.9291895615477108,-2.4309558547364505,-1.4829130411779132,-0.005587133968183114,-0.6619746328214205,0.9571744750264873,0.2595626238597327,-0.12750797890915333,-2.4788659858849655,1.3430080837361311,1.41531625626749,0.8092715029930806,0.7354432862041588,-1.3030019218148046,0.33546685980492796,0.13220407254177444,-1.2824972154743972,16.48,0
1045,-1.1363893507323315,1.4204837603475982,0.8378900949962763,-0.05686681628913348,-0.00023548491478317415,-1.7699212022725783,2.227938424585378,0.7507417926638422,-0.5337147600446945,2.5398157613526724,-0.14114820092413372,2.925541163674114,-0.799269724580413,-0.529364817236563,-0.16409725111239673,-0.43332221935663384,-4.133051008628956,0.01840829973460567,1.7817862708337344,1.039090421976736,-1.646583401493824,-2.5343361918071157,-0.9605627792031658,5.9787564420607655,0.631217377651321,1.5697195874208587,-2.6989188619998,2.900203249841506,1.6962142238192626,28.1,0
1046,0.6614328493832516,-1.656757930696719,-0.3180199060056156,-3.7153508400924853,1.008045292732851,2.2012211924501277,-1.6908930392351187,0.023792845819362987,0.21285831522610402,1.1485618916474811,-0.39486573627298205,-1.0556841198518594,-1.5206963873771369,2.927350579560734,-0.7377677306541011,-1.1299202649946272,-2.2933936399916988,-0.43866973832283823,2.7583542127151803,0.7324135476142503,1.6830899391461238,1.163853902342624,8.068867116177984,7.288541074806244,0.3543764471488165,-1.601236321616965,3.068995134253784,-3.1100941199373056,-1.6481325780493727,10.48,0
1047,1.3283318063843528,-1.9847568088411451,0.48342823064746115,0.21833868016943148,1.1754406449558652,-0.1720825335658515,1.6105056100549011,-2.0556997739562166,0.15864745121227877,2.478904064788966,0.3477121946722913,1.398760904339323,-0.6110143517605632,-3.5203499976956296,0.40470411266044076,0.06482389875544045,-1.3221077284392435,-0.589953837819857,0.09801814231651673,0.8025011536933694,0.8271846459862994,0.14500631736136646,0.9145390888898474,-3.6048699350655666,-1.4247459093461803,0.34741047769510236,-0.5046653055025052,-3.6044089380968876,-1.783539760335631,140.11,0
1048,-0.1431663336355322,3.0122379673433337,-1.0923362979510105,-1.5398859874022746,-2.220256314839614,5.4374140054629665,-2.3369236967161435,0.8804711054283936,0.7694573108029035,1.719078111820506,0.7567870626277969,-1.5252410098973512,0.1318177325967188,-1.7116148246841116,1.5366558287399776,-0.5615120214444915,1.8794495364763755,-0.34939256752138004,0.5723996050889052,1.5511470813980186,-2.602524317303903,-0.4326944606082731,1.7949121227107487,-1.9583744280644586,-0.031403016924503806,-1.0444361968077795,0.9966192887609827,-3.982612130856463,-1.3520582691551453,39.68,0
1049,0.1396819652852321,-0.38603423528191383,2.317353765614861,1.2150871280348716,-1.8206594931993039,5.923492565414627,-2.8732249849685076,-0.4700451851548686,0.05465612091269875,-0.23548555952586991,-4.428753774098468,5.8973748802794015,-1.086109686325625,0.08624322912272087,-0.6029578088814181,-1.3206416595298065,0.1624899415008778,-1.3875215148227735,3.3638537615108386,1.2855004964844134,0.9852700234324007,0.3205064125986378,8.309554675712908,9.704446846471566,-0.22909010338315364,1.4533971058146764,0.7528455329622982,6.039122224287575,5.1865707354247546,127.5,0
1050,-0.2637053055765539,1.5490094280700133,-1.5189951632572025,1.6563667372322473,0.4334636741935265,3.7304486888256108,2.3882136882783347,-0.1618292630143563,-0.06086956993105802,1.0066385645701939,1.3503919082107179,1.3041958818601709,-1.077388963898937,0.06689045075259503,-0.4240765933669789,-0.2634994729260388,1.663177298056624,3.460595675009263,0.2758344020668134,1.1073105339393423,-1.1180576215226588,0.05553874089166623,-0.786889127524193,-3.9110015862818552,0.667394438057835,0.5579377815243737,0.771840637216644,-0.815253084120761,0.7336236868406651,74.01,0
1051,0.25159280726173744,3.6704375529629107,0.4105067914863815,-2.5785921778784107,-1.3510744584514975,4.265820391124125,-1.24033017407059,-0.3481073452012972,-0.9114274375379638,1.6925911443820962,-1.631476441697908,-0.8774293101985944,0.009511839940994225,-2.692696472697126,1.576849825589217,-0.8379792146793185,-0.5151315006767888,-1.9019558131926066,0.33697594080095994,-0.308761791193383,-1.1142621186959998,-0.21556946135976882,5.4360009620784995,0.4675968417715221,-0.8384482508975749,-0.48786908807379537,2.152846253649465,-2.66299287959031,-0.12016840741391188,50.51,0
1052,-0.725887583831994,0.6157775661476363,0.7843671357705463,3.58917503420422,2.0850296762606915,2.9837145681918553,0.47743215560811836,0.5304234639752379,0.176212705638623,2.2840771543717935,-1.8080249336412728,4.422917000682505,0.7128048049548621,-1.0897790248986752,0.5506793226250375,0.8681754795558938,-0.24119013172550463,-0.9652983335373557,-1.9875946328888205,0.5415829319994119,0.0699123191358958,-0.3983386226887527,1.7464438026657056,-0.5420231997564655,-2.289227264184065,0.2991956221800896,0.48544835470936104,0.7888118814088245,3.1799203547928916,88.16,0
1053,-1.335322538755505,-1.1096391820115015,-0.13242558494333675,-3.807617928681639,-0.3027745451255383,-3.795712507828277,-2.989523373432572,1.3676513039359723,0.016707384737974892,1.1774033016844812,0.792805037269985,-1.3933678055333083,0.08479772902614344,-1.044363728402754,-1.82719593747126,-1.2209505709988706,-0.15305306025781473,-3.8035850980821966,0.03323776279159507,-2.520438470619065,-5.194286044214395,-0.26043058649511314,-1.8739383639355713,0.9441108674055795,0.6604889823456973,-1.0425831535338261,1.5102722528299601,-12.499428037588658,-3.387364315525162,368.42,0
1054,-0.27384163031262815,-1.404337026898775,1.596106515312923,-1.7345975262197124,0.21209304417609687,0.734003131299902,-2.5606378650777004,0.3446389394715425,-0.2384908570507993,-1.900497146425356,2.8787036206991283,-0.8645570900742511,0.24543762257878912,0.24478708067587085,0.843184219245011,0.7079133390535047,-1.7589344160132425,1.5291602769758592,0.2932472315873971,-0.001612672394508496,-1.7709808714527506,-0.20699687048461748,1.4708667515718037,3.3730288862084876,-0.017860700974917706,-1.1556415146228087,-0.6778615347339921,-0.1333998599779113,2.2533069584016743,90.28,0
1055,0.9183631149338709,-2.180710118226663,-0.6994895050506996,-1.679490039370314,-0.2592759743787534,-6.572667846901419,-0.4163927934555659,-0.2540205661706743,-0.2815065614207691,1.2091287744863022,-1.6662442850228842,0.8829576469696164,0.48052966252196005,-2.740461187885206,-0.41205565476057665,0.7386080660934153,-2.664842174498835,-1.9968780863250108,-1.3838990760905587,-0.48870197023212386,0.08806414691274,0.5992628254007983,0.9253492034759299,0.7772796128671415,1.5640140182118132,0.557738828932371,-1.7723624739054782,-2.4461999126411516,-2.095692439585646,251.64,0
1056,1.7041296295328423,-1.5121417123862135,2.064494389843675,0.5641039055146503,-1.7373280625641925,4.3523651935187555,1.0016017515054783,-1.4434130630185737,0.6981236054063564,-0.1724021303703992,1.4221011148446323,2.1455260790949593,0.663803578706365,-2.779290579174445,-0.5215431781275682,-0.8006777428791878,-0.2825488337314538,4.860725435272764,-2.6273789319580296,-0.20979816035453064,1.3003458440564666,-0.14312639747134004,7.040187106352643,-2.8356108123213497,-0.3694171712863648,-1.1422746539202735,-1.05217056967595,0.9318354047433398,5.501542979631916,92.98,0
1057,0.15385422887349898,2.8249906918628294,0.5340629563169517,0.6117823908866846,-0.41271927919476437,5.913531885121231,-0.8367533264422692,0.35367937589104814,1.0876069851989536,2.5251284497295603,-2.1134140841010374,1.6405787189298129,-0.08259032541651207,-2.1221389117439364,0.762063873862598,1.9212374170896127,0.7951468387480446,-1.6931395100754427,-0.4036613485514622,0.03211545543232061,-0.23809345398569837,0.7167276477173428,4.612634801281087,-0.5017944667478181,-1.7227224815653555,-0.6912124377911172,1.5177347763754265,-0.9043360583492555,1.3612648686581554,124.34,0
1058,1.2651988879529492,-0.7571184593592827,-0.6400996517169069,5.763952860190438,0.06916979303598314,0.6986436904768507,4.76239862704235,0.1015559856102445,1.2671821317388838,2.587229574121564,-3.403026631668066,8.48134740132897,-1.2187111007693654,-0.021877580744687486,0.49636624363496584,0.3625110113441724,-2.164032627253416,-0.7769563315284989,-2.9177977219083333,-2.050139042555353,0.7355012021169441,-0.26812703062785004,2.1263287596481133,-0.47053139496894125,0.2089192734777545,-1.255468009692417,3.5512271520183867,-1.152003967264292,5.630596799548103,89.2,0
1059,1.2910522327024336,0.32345132415114985,1.4120963746775894,-2.3289071594414885,0.07857322096112584,-1.5357193728271714,-1.6412579634115028,-0.8035309614270922,-0.8706427909666666,-0.6204942521766658,1.3611264084086554,-3.5753668491983555,-0.4690706179438185,-2.1450160572996375,1.4300303889213692,0.20104766428169443,1.4940733461952629,-1.5033182461866692,-2.2338918249091573,1.6629136549874428,-2.053730674558939,2.753229510803207,-1.7445319755661095,-4.7048245612727815,-0.5772209563821133,1.9017657087015443,0.17086774232449475,-6.444982725601824,-1.6897254614906534,128.37,0
1060,-0.40294306860950446,3.3081806881349958,0.9903862366113527,-0.3010096077889558,-2.8485270886516063,1.82486403538167,-0.6644538037984947,-2.6005359274290236,0.8305502903301341,0.5622784053154889,-0.4121539483176101,-0.40410338578530075,0.10550074979627926,-0.2369893533375631,1.702147323502177,1.1602107681070948,1.0468051088060604,-0.046450297592267265,-0.9964802691563269,1.3919956981126695,-2.6638965398432073,-1.2357060240221238,-0.09582549587829571,-2.051946550966424,-0.07530442074083482,0.06672645623483983,2.2637089578143654,-2.91074767629643,-0.45793918446975923,56.56,0
1061,-0.21032777286549081,2.5752771655533517,0.13945246602919717,2.1823271194518843,-1.3184013824734664,8.459217961555414,-1.673128869625509,-0.940977261282717,-0.42093356458376585,-1.2385912752992527,1.6930258502944144,-2.5678579870527387,0.7824660218746737,-0.12804082363501568,-0.07047357387745573,-0.5114375287825396,4.243477359285458,0.5077843275039399,-3.5692893928459517,0.6690752544963648,0.5279863709777496,-1.3882924314848524,1.0002827400492742,-6.525104053335496,0.6009137824153344,-0.967254737981066,1.5415589059018062,0.31504535486805124,3.7077886200061716,249.49,0
1062,0.16061130215516814,-2.5206456535547934,-0.16596840779492483,-5.398135561480406,0.7310375253855356,-1.8716094716938187,-3.3797444987675505,-0.08194248239183136,0.7775497655241282,-1.0807007628291063,0.5917593994019058,-1.2950243675448776,0.22014519035127497,-1.3270309722827975,-0.11039990409904346,0.2223777489305565,-0.1138822617770473,0.04194794151786352,3.098449333546368,-0.4310999895256928,-2.224762531547074,1.9373842411793845,3.5966653418078307,4.917071457929702,0.8524412648213425,-0.018166881405454506,-1.0118307069439605,-4.723433562921289,-1.7026567680815736,20.22,0
1063,-1.215543212051057,1.3399748464236783,1.4554982920789432,3.0772132482507373,-1.422633469214404,4.704109072944002,0.47765470114448527,-1.4882582128230326,0.5505735937015979,1.6479443996033427,-0.471047986627032,0.5871506016013275,2.1639763333015805,-0.7546147935179677,-0.45947543195264406,0.882924805586752,0.8166886335568854,-0.677274536158716,-3.389824809982691,0.062446976663129296,2.233253169465486,0.2000940591283936,1.9086581931460989,-3.846105055444593,2.45393867292539,-2.543093189474779,0.28353076635185614,1.7811326403912844,2.6016890517559355,210.87,0
1064,1.1093715694592854,2.0564382593037,-0.7172639058443472,1.401005774329314,0.6952675002522368,6.489917950223846,-0.9907404568483834,0.29658383715080283,-0.052611873356375655,1.5198731331335482,0.9982550041090449,-0.8329345038039865,-0.11417026776048074,-0.6968389016000046,0.6984327820629752,-1.6540355002607023,2.16514556223701,-0.7317624421124151,-1.940741417526434,-0.6101497455801451,-0.5013301727511652,0.4265679117836776,1.0450040185744707,-4.193960111412253,1.1272811234320694,-1.1391821242637497,1.4749043671497695,-2.703448988084261,1.2628432754827619,2.32,0
1065,-0.553646484550792,2.920413892803832,-0.06086837742020141,-1.6158572166891405,-0.13841785233997445,7.190100621010808,-2.4112035966373075,0.22489579488632003,0.1802847729902364,-0.04088179437787676,1.052334116128793,-3.22640412986455,0.24126737526553343,-3.108868096257749,-0.2329550134485338,-0.0570799031958977,4.535740386198904,-0.5509299538316095,-2.6945176515100373,0.402164556572795,-2.148036252915396,0.0584770684681394,3.1397373997793387,-7.2069517930633324,-0.9117978816606773,0.3132239910065639,2.2856686091344347,-7.175861447832994,1.2835717100948287,67.77,0
1066,0.4361230887697904,-3.1748674516332747,0.5063825384880583,-0.21471578945759373,-0.04693432583560569,1.7033757073529256,2.959968684266556,-1.3929326375886175,-1.0804177358283704,1.0215529018774805,2.6108760286000767,-2.006685838030375,-0.9637610409115323,-1.5631668217519574,2.1759541618354867,-1.9780641418688398,0.9127636297820984,-3.163556525621297,0.9658440693236097,-1.4517209580135524,2.1398284194710855,-0.5954904068068536,-2.4559203060903934,-2.913864421756709,-1.5511170585991298,-0.7516362710192865,-1.1732613047638787,-5.297444513355854,0.9794382168548424,53.64,0
1067,-2.0437687015264965,5.093355277917541,0.729843035114983,-4.824021234158166,0.44504269989418677,6.827034502456171,-3.7709297046192103,0.3670467929299679,-0.397740284245532,1.2798341487294793,0.6093735929881104,-6.376434166735642,-0.17932802787303154,-3.845992197343083,-0.5844992156219503,1.3382496307620757,2.8376394169668755,-5.744865645317169,-0.9076891279161278,0.2017851073709533,-3.3646185193896683,0.27981185430235533,2.438548544060119,-4.125349783686638,0.27892309716744346,0.8767599891542641,3.258930842449358,-10.646672100990868,-1.4581670476453374,129.6,0
1068,0.05107630446507834,-0.04908088606513272,-0.4172348352383145,3.3380639947386572,-0.30031814256547273,6.873966197809693,-1.0786484248677035,-0.03193389005081067,1.9306582590562598,2.3162002008513825,0.13246797000114252,2.1933953289830597,1.3707918338057774,-1.0752446132404798,0.7379349262621552,-0.6448089363934834,3.0879776214083123,-4.0910233054848835,-3.952506479277118,0.07086499705513648,-1.9213737330860883,1.4320786039045634,0.6881628383450974,-4.8750199472400535,-1.1784367129306756,-0.8532181181418795,3.656018588611876,-9.513215419256126,4.191524714670634,248.42,0
1069,0.38622537374498683,1.3315287217153915,0.6421217888674178,-1.6582156557332381,2.00778171781302,-6.525269407313808,1.3662812101959876,-0.982756692840834,-0.06210339980928747,-0.007240849865552734,1.15600916553851,1.182743003737822,0.0062511735838089956,-2.124574315565238,-1.1204458590744322,-1.5144894580342476,-4.7867180276417995,4.514288702096311,-3.717357307864883,0.046348698637989585,-2.175569313316651,-1.4055840830774398,0.5635000488038986,3.5850077369801827,0.027110953138911875,0.1878424072711665,-6.434946060911283,5.607770874000261,4.7386150758883385,65.72,0
1070,0.547706193163144,-1.962032895686495,-0.5077894908066064,-2.0907234188284813,1.0109095653427445,-1.2780347405707724,-0.8767243370656103,1.039632329301116,-1.0595884837020841,0.6285327131383872,0.6076331360376814,0.24996562074923462,-1.0867118956770103,-0.27961622118769625,1.023680849162606,-1.1238827721322047,-3.6153803439106866,1.6625201649138908,-1.0713537557831132,0.11623271729256779,0.5781826999834864,-1.03651263075859,5.715851667657071,2.1018485321722475,0.617685612811298,-0.0806163648150821,0.8028311309366684,-1.9703293673108933,-0.3172825471805004,51.37,0
1071,-0.28748416990487213,-1.5540381454857335,-0.3347014679763642,0.06826254389030062,-0.7885857119279899,-2.598662752887612,1.1016177443731126,1.77088220766044,-0.9816907161570776,3.339833878008824,0.8935250762021948,2.2679884753370705,-0.8135425727055355,-2.4988273845098545,0.5261488251233458,-0.6056683817585125,-4.095760085047532,-4.2903608237711595,2.848551980231864,-0.1897867459048128,-1.5328778527992344,0.17405603934302077,-4.198657855781046,4.5937151655682,2.076796585329547,0.9677788616649623,-3.481153299159015,-1.3611404895300478,-0.5399788906163178,58.75,0
1072,-0.19845643954403597,1.5543703339546586,-1.5722757797245785,-1.795396662041767,1.010370850190332,7.3677972952522905,-4.9896041922946734,-0.3892111451967638,-0.03694118646749832,0.4506086023101627,3.1465122473017737,-2.0959422565506953,0.09888721585518365,1.8276801428678695,-2.741489429477377,0.388214991591073,5.001689643488452,2.074716573669571,2.3474120671134187,1.5122349106655983,-4.929189216212524,-0.08096142473677351,0.20268889703645082,-0.21978943498689804,0.34087079134628084,-1.8290944139212169,1.2324182128811005,-6.255667355804936,-1.9098313527171733,47.48,0
1073,0.7676665568502836,0.1799040279345575,0.5171048387074789,-1.3597223340954292,-0.045560756575410574,1.823940801433753,1.8338471794583548,-0.15233754654020037,-0.13156218590924293,0.7697785026873976,-0.9503178024343518,-0.41691025341050036,0.44315998584792593,-2.0000243824259267,-1.5058193993407651,0.6355772034557065,-2.211219494658702,-1.823967784753036,2.632535512123789,-1.5717629732272154,2.7052938418386616,0.0026228173150997704,3.247951750229482,1.625349454303749,-0.20913110473164398,-0.6107788976416961,0.42432128591562235,1.7230084991636005,-0.27217245809064317,116.14,0
1074,-1.556135180473943,-3.1536419662793413,0.46002750110360247,1.580005693246802,0.5831082674131879,5.618949989573527,0.39226196470370245,1.2633272591179092,-0.822871073139642,2.8189564033472454,1.595408617911886,2.539173709283833,-0.3364098692938567,-1.8255430736079035,-0.7838842022602973,-0.002970312322155687,1.0472395548082973,-0.07351875823100207,0.6425150095727477,-0.9646943072903804,0.7162726240342376,-0.7494579728618296,2.740280010716585,-2.1231183988754383,0.07719203356003806,-1.2474286150220928,-0.1715959045681804,-4.770863513957654,1.3807835217948576,34.55,0
1075,-0.29688598269229904,-2.9700870799876795,-0.30368818967683764,0.3145782691278284,0.3585477138792277,11.054546495606806,-0.29556260581093186,0.5465049536084137,0.27490211308222157,-1.4525629022985074,4.786848037245377,-3.080483484098395,1.1726039587430066,-2.3023315891179994,1.4546642913850458,-0.7066217559562984,4.45693358180759,2.5856029183660567,-1.483206033435382,-0.9037487179106557,3.3895517726345092,-1.101899972988713,5.222249477505173,-7.179156473344933,0.03466143205718531,2.3453045634718284,-0.7538984585538171,-2.283737908699482,5.394428263765866,102.21,0
1076,-0.42491353860859626,1.0734983632080537,-0.18358228949315925,-1.4438442780338192,1.365058321512224,-2.8958620096730523,2.4437203420299465,2.6688827582232557,-1.6121823506586768,2.1090287348763104,-1.284216094885661,-0.1893032855726171,0.36842980843476897,-0.9311882027653615,-1.5519730122481623,0.04884846690427288,-2.5123605544339935,-3.760377225203984,3.4874694520674936,0.1024784820330321,0.12507288630000823,-0.19620166007908182,-2.823588640919104,3.46407648334506,1.6839933375190708,1.89158033839359,-0.9094240932744724,-0.052277601422950654,-2.700743903396347,233.28,0
1077,-0.1830028796239041,0.8199878863407538,1.4507099241344232,5.396325841654309,0.6982655364920956,0.7573244050367324,1.6814594165530568,-1.0308152774500663,-1.608926549445604,0.7878411670611924,-2.6359882337721525,6.291738344112927,0.7657805394802747,2.157341874747461,-0.28515853015527837,-1.0643724104341996,-1.8112965106564736,2.7842939942838005,-0.3657266394906751,0.6586908139056186,1.6087786711557688,-0.3387430117714108,0.9377236236159979,2.7058092655500734,0.043814192831760926,-0.6932761239231569,0.136167512248353,9.463399391008966,2.632717783574084,412.11,0
1078,-1.1401971977561183,0.8302814901463422,-0.21752938383354903,-0.6119058932059215,-1.039327298878074,3.2043927817013897,-2.423190114615021,2.013320946097442,0.21635653459128767,-0.7431507407220225,0.5308294770218597,-2.7535483238483685,-1.0034720886430621,-4.109221266174343,0.9717263097605029,-0.2986653905796983,3.1553943333520675,-2.7014046970556134,-4.742082268714281,1.6740194274372373,-1.0999178131727756,-0.5235537426274511,1.3584640991195682,-7.843396294262199,-1.1341944231152694,-1.3093939454332773,1.2980182937716003,-6.7593647538243,1.876352637113365,4.61,0
1079,-0.5093326504848509,-1.427670884872839,0.32822033198098743,-1.6558367523101194,1.0138411610681415,-2.9779060932796733,2.8358583604724092,-0.15295072936620885,-1.7007569365345856,-1.2294102081783551,1.0736947120443718,-1.5582667234457837,-0.7000202929355765,-0.5267182392226581,0.47584037684396674,-1.2772576684399324,0.70477016903061,-0.70215568629131,0.20562432884513737,1.5976993259609156,-0.14963410942632727,-0.8259323545912736,-2.6650583243906762,-0.9409032137150055,-0.5497084021567107,0.2061867036845048,-0.8780561378269689,-3.613692409181267,1.4073633235328482,247.24,0
1080,1.0397622896047818,2.4643211873304733,-0.20315636633378117,-0.2449512254846843,0.7287415864657592,-2.7401865618195633,-0.18547705563725714,-1.00920315243739,-0.89961865754579,0.22077232913278866,-0.07906602101255156,-1.5078590235684033,0.310186516828704,-1.8405379517716443,-0.6141904181254927,-1.6529345623729599,-0.8124690124816752,-0.22188250373407414,-3.809173894166083,0.5438066538881178,-1.7352244432378934,2.2187433575308493,-1.7276561891417037,-5.304547259151147,-0.8480669268854175,-0.3416184667703161,1.0145176936934241,-2.466036535402586,-1.7114382470488905,104.25,0
1081,0.4220143594106939,0.6509309239755594,-0.6172990697580455,1.3300366897408105,-0.3067726846636304,2.267536409203437,-1.9878132278087377,-0.6903370624483454,-0.06442219957718869,0.5708095483079475,-1.9642202683464531,4.133264962215362,0.6985754808620198,2.3566795942881402,-1.3599682136722742,0.40317016663438976,0.36884098141978283,1.15480079268746,2.6326463221232266,0.8488054577314491,-1.668884428329208,0.44108266186040374,2.078692273690638,5.918054698116327,-0.30699635716260354,-0.2167150113864274,1.0479851068343176,2.7740055047037426,0.49047473818069465,56.85,0
1082,0.23743765731826044,-0.25721097004049387,0.08919151030857912,-1.9297322957930176,3.6916245011978046,9.129704236832719,0.9252329098319184,-0.3379053263622292,-0.09194895767303232,-1.0788259111253549,4.261653597252382,-5.040827935031843,-1.541409971997032,1.7495759634328993,0.33617133231164,0.7021141391767522,-0.6844860719868988,0.4111220997199404,3.2882063466521783,-1.4645692659616119,3.6929551414886417,-2.7105666215792708,3.9532704601506934,1.0143797436750401,0.14236329159092967,-1.1859422031681344,2.2058920573038856,0.7680997230536524,1.6360859527271874,126.91,0
1083,0.8468537431799008,-1.1528605384042985,-0.17667509270824255,2.5352663440158416,-0.5904407702032749,-4.250854532825873,0.48418987682614845,0.06627473734423478,-0.10965484911745936,1.3339226602974994,-2.075319360480268,4.720891119933293,0.7969359256585957,1.6200579901838101,1.5336228457329233,1.530047441561629,-2.3289824832821426,1.503405097357899,0.6738732711152117,1.2046759357569254,0.2428710443963581,0.7848886874941853,-0.9534956823636411,3.8634178571202353,0.019259309031212417,-0.5160265317217283,-1.3687625570553683,4.9331194222341495,-1.3060151562331037,82.43,0
1084,3.0966955137720533,0.7026489947226878,0.536824683955676,-0.0249384303107264,1.4166613082979562,-0.49588696510654134,1.7617326362164483,-0.244317038639649,-0.12907998804685242,1.05645883467849,0.6185151740189606,-0.6887760687754995,1.6546347484020885,-0.45790096824392645,-0.9694324432883201,-0.2702923176244952,-0.7087708699250242,-0.08581725481451152,-1.9300120751278107,1.9178480016066657,-0.12506890185634745,1.508336098057729,-0.4414140120931443,-2.7486157392672856,0.85093692777578,-1.5693563427251942,0.7359069786127224,-2.8607076001668887,0.1429628092389451,88.25,0
1085,1.4310197801252555,-0.21813405251280493,1.263189123018033,-0.2744785258432735,1.188599180534435,-2.558045634832217,1.6096705485068727,0.11906207824307634,-0.5001690973739038,1.472852339013512,0.3308910987751287,-0.22713305754449128,1.4425916214453727,-2.4325422961396503,-0.15634517349918595,0.0385732419762537,-0.18709673470473975,0.17960646941253733,-2.5684643547338264,-0.35870624076616664,-0.6469439600758662,-0.5540155332467,-0.9495133282081126,-5.483703764507782,1.662412597822257,1.1658867394684167,-0.11104838477679146,-4.877421267617201,-1.5281625096764593,26.0,0
1086,-1.490082675576618,0.951784794840318,1.7135297293402796,3.6685453578022758,1.3773665787811513,1.5143063379572272,2.797145399701288,0.9525905079520448,0.28332359253566647,2.2023577025995635,-1.7070778781284535,4.531392947714623,-1.6199198031884334,0.17774347058852402,-0.9365198458054912,0.5795842217637382,0.5982367328776157,0.6913314239960447,-0.08106790497077443,0.3482862476668184,-0.2687231737218504,0.3878273420089586,-0.9681428111397452,-1.6657322215125698,0.37835396935272786,-0.6541843257603286,1.1235239061667237,0.4252244538782453,0.9794064652596708,92.77,0
1087,0.6252895125420684,1.2856507876499965,1.370962760129293,-0.28763564997397995,0.1568987411985134,7.3764590912901795,-2.8868036579956144,-1.0496741157567948,-0.5095665028698317,1.8188138599677282,-0.8920264499190629,1.2411244826291263,-2.401946943950546,-0.1679998560659386,-2.8439436647717677,-1.3962291302361909,1.8926389943784931,-1.6848920813671313,1.7606379997308914,-0.7787395153691529,-1.1796515470391276,-0.44672686572282877,4.676947962581751,3.0982013672082522,-0.8492809619100916,0.030283636552963802,1.4334983544403315,-2.1730739890753124,1.4638110082654499,110.24,0
1088,0.38827425492643364,2.9061447186140685,-0.006603910483364725,-0.13926310752642335,0.3776395717866411,4.9036497752582,0.9503958698713034,0.4176751006519598,1.6318888483702207,1.0605024154510143,1.2930145332996474,-1.9302899547334444,-0.023843768136116463,-2.675995489628263,0.29629536550366764,0.09473847583290661,2.319145348488377,2.027130987858664,-1.2942834417468856,-0.519391322090543,-0.09664829927041196,1.4809924041174929,1.0547889289092944,-6.669855258368171,-0.21905858802460865,2.979854516737147,-0.4301409190520248,-0.8323154910071331,0.11419476978974807,153.39,0
1089,-0.8856523977532653,4.543319589558889,1.0681610348759842,2.2993371806094114,-0.02220022343532477,10.017538402177335,-1.7862789080977841,0.2454097417713399,-1.7562302344795768,0.36986458304760117,-1.2667401588081124,1.63171563840998,0.9613603598188132,2.569168432501756,0.9051191831693894,0.6015800454021792,0.28239897468699804,0.16462752811349757,0.669818618564694,1.5839364409634833,-0.04341658910288071,1.0553655467507066,5.1169732622332225,3.3998494409359235,-0.015547153643574597,0.25158791799884483,4.319414122777574,4.516348622829302,3.697030276953934,41.8,0
1090,0.3933783444697123,0.505363135110132,-0.1558090821819066,-0.08609177506250087,0.24477484111169842,4.069749837184825,-1.3608064105185211,-1.6865702430814355,-0.49309946097629387,1.7301182032617426,1.0299218832659123,0.5509459673304425,-0.3233536694387154,0.6625450351126426,-0.30683174438859473,0.005143140541849398,0.2582538497612369,-0.6467739548441753,0.7528593149087203,-0.8635983927318178,-1.901523709998747,-0.7683234936966282,1.2730861282590102,1.3080002465118155,-0.2491210034887189,-0.1805502908857391,1.549435554298455,-3.9784303147265643,0.2942967366370065,3.47,0
1091,-1.1353913238732314,1.5277300470958874,-1.284415026955091,-0.2880190173583951,0.46496164550609703,4.872839925442844,-1.5644182491098666,-0.2628824730353762,-0.5809770140746456,-1.4754981143611787,0.49557057006231864,-1.1191563944654384,0.31251516619556136,-0.619968146532247,0.03248205475324366,-0.9615226873292143,1.4692328863187691,2.2362120663588763,-0.287298934735137,-0.3741735848034373,0.6969878158746056,0.23140635127741563,3.6608809418918278,-0.7691977503056229,0.22794726206260926,-2.6154689600038497,-0.19500606209725946,3.687019082026633,2.2348994824176516,76.02,0
1092,-1.0597512148663621,-2.490593896328084,-0.9046513091101898,-2.3544149735029043,0.6105642983892529,2.429649877829391,-1.0132197873670918,0.7424020678441962,0.8097366865220711,-1.891952745148529,2.2872840460300665,-2.9704806562389976,0.9529452607116164,0.705050905560885,-0.7599139938926139,0.3491583837872805,1.3678114004631463,-0.7968751914793148,0.9808832640252658,-0.81498688431011,0.8398311080337364,2.04527991766605,1.7790435076834648,1.4758656638315513,-0.49841432180746315,0.7798853543320813,0.12487077385883094,-3.2476236635855167,2.0869544140035203,170.39,0
1093,0.6623463197532866,3.5488496425991856,1.577327297050473,1.7772388707585964,-1.2570530746434425,9.851411913481456,1.0431895175157235,-0.6641127146297134,0.6519334010300283,0.6201617198256366,-1.9830997230573364,3.3767717609174897,-0.5054495213555146,-2.556005104848348,0.17281227977128397,-2.1193013676882075,2.917372704177861,2.1167921017941107,-0.2664762489970852,-1.0898030441669337,-0.2106487861843357,-0.890668133245701,6.849880127632736,-2.779608920688036,-0.2753225280871538,2.1284677685016002,2.581499518955536,1.0699439540881175,5.4177385814034125,96.64,0
1094,0.04871667939380729,2.929020521098285,-1.1442548162646202,3.98176649911004,-0.5210889621309163,5.986988020161267,2.052155108012708,1.8200348127674395,-0.12412837481770417,2.7731424642351894,-2.816760103472668,4.057775541849829,-0.6787041321116114,-0.9009067718241108,-1.208192458358039,-1.4898030653651742,0.4070624316778984,-0.987381193086028,-1.5869371310219575,0.9993809463927898,1.1859564101853244,-0.021362372441476974,3.149967463346287,-1.8941494195793915,0.6135361291851883,1.1418965369680099,2.3397914526312085,1.7823659200129829,3.3447016290889025,3.73,0
1095,-1.3161199537199544,1.5463380752341633,-0.08399022332230492,-0.1953128961451459,-0.3002392599223624,1.2683358521539747,3.916008761722869,-0.15005440722114216,-1.386965475571848,5.582685802673551,2.128259496449354,-3.9082504538907874,0.4767776914387287,-1.7123737074560572,-0.2820747097433118,1.2274040173479215,-0.08050252817420511,-8.417256233912331,4.044715575447767,0.6448028191965103,1.5279722826462434,0.6035096361564014,-9.756654298128195,1.6751934936081567,-0.2333108518822189,0.07431289044895895,-6.563459938621815,-0.5777996332351611,-1.8077117945362642,222.16,0
1096,-0.2108453427258072,-1.2247137879263426,0.6602178051358282,1.1493830043473419,0.13342263450928954,-1.264332611092492,1.506106240554576,1.3841401240464637,-0.4905488454051715,1.7402688634662997,-0.35597724093004,3.7515628761761457,-0.4933103829559084,-3.4639148542599267,0.4390338346953026,-1.53537627357569,-3.1205972971893714,-0.171232394544941,-0.3278735026892986,-0.4477912090739742,-0.42947719583746113,0.30118695807776713,0.8248525919881251,-0.3053752017347066,-1.2003642056425943,0.9802789911093779,-1.1269856552116229,-0.18496998882483465,1.2015591647046033,264.5,0
1097,0.5259138012878014,0.20621049121092228,0.7689718918985177,-2.308270016383534,2.253935916294241,4.747877097473309,0.5013514912551309,-1.6128375260076357,-0.0016773171336001585,-1.6367357751930007,-0.3760656554863838,-2.2003084523320293,-0.6597246707344391,-1.8475500527313464,1.3143461137165238,0.4027827664450917,-0.5682625400807373,-0.4725406327266435,4.061860643964735,-0.23800619073045068,3.1164226338619176,-1.5453035409681082,5.092339559174716,-0.5358274950173305,1.2327842721366802,-0.16765493511749982,3.122942864345443,1.4418363504358283,-1.5456462829908024,134.35,0
1098,-0.2845041046514092,0.24428438421281917,0.4514238187962298,-0.9606675072091886,2.1417918242155274,-1.2884547961021835,1.3296029477908387,2.1059756741655367,-0.4223210581102033,2.7080484099809885,-2.804252359778684,3.2072538321342012,0.3282355661602549,-0.7844468245247487,0.8182867587615089,-1.230796606256427,-2.482827122730974,1.9595715157202904,-0.9284905565245537,1.2202997830050863,1.039054823023192,0.3828821225955647,6.958147057982296,3.0596445239506527,0.17043247688466234,-0.6367436229388083,-0.35171609355106537,0.731742845507253,0.6440048530668507,191.84,0
1099,1.0499435995250135,0.49946065165012593,1.684446339410836,-0.15742859036047274,0.6200931975868672,2.0233527258114323,-0.5418338196205843,0.12991890441127968,-0.01602499041361854,2.0405603524293747,0.3630518792010634,-1.1608843100493678,0.012963941471759196,-0.581880205128776,-0.31316152288011356,2.783235142247329,-0.048234435315818835,-2.0711043466254093,-1.9230553950952318,-1.087067512934918,0.1768486027324464,0.1793980391804458,1.2788317110140148,-1.8558830826035073,-0.8133599364488912,0.049661355708217385,0.931803590460757,-4.0564510625422345,-0.27355932858005916,224.04,0
1100,1.7540430503268643,-3.184508907655375,-0.3270076626519062,-0.286130231590467,0.47859110986974274,7.728124380392664,0.812103846981973,1.6443802857012446,-0.614981753410632,0.11568895818658642,1.081460706413045,-0.534743137952262,-0.49009446006628976,-3.0051184158553754,-0.21724932841809785,0.8124349008239216,1.5825515601082656,-0.5167739796641955,1.486903533958713,0.6678539132878224,4.002035188198588,-2.0172889772789793,6.400663081147351,-4.005828221428271,0.6176208143407019,0.5379842725420181,1.7937134699812867,-3.1773705716418155,1.523468360528311,210.61,0
1101,0.24970716122253878,-1.6650553016142813,-1.08475880151045,1.667664247004509,1.633584832409058,3.0747707341403263,-0.4832975333620465,1.017421669808901,1.5414683957782052,0.7807200851919923,-0.950342498467058,2.9675188696075128,-0.9056955910043086,0.6086490520505038,1.5930936181652504,-2.30996860043844,0.9442764678091676,0.8694706440568912,0.8537008891749526,0.1332955505143741,1.4685491677924731,0.11491272637148015,3.314533705211503,2.3681108379359626,-1.0413790885215242,-3.2129536105150227,-0.6543856748332811,2.239082265780716,2.0406569960190413,148.69,0
1102,1.0654156302032325,-1.3657170171711794,0.25404528295477813,-2.1800381779107005,-0.4850181730262778,-4.542054177266337,-0.4388097915634007,-1.2296400897708561,0.005586620867348287,1.1394337570034259,1.1135935483252115,0.5733216867329884,-1.3404191816041566,2.224766952617377,-0.45375611761150897,-0.08943685924333519,-3.956705441563067,-0.34727816397928857,-1.0395719958371097,-1.7446750241232056,-1.7960619225789198,1.7480412517110477,0.6971354751526456,8.924859831871844,0.3398853097518809,0.2249441505370227,-2.951982312483667,-0.9933660198673078,3.162924407003801,146.8,0
1103,0.30369259392119685,-0.9677397729032539,-1.2346454174818653,-0.8355369840348602,0.7265149187347837,-2.9238365351446105,-0.8555091240338827,0.9347481295413476,1.0654147782383516,0.19321581374253805,-1.5259973781218004,3.2176104994227814,-0.8862384333634628,0.016536184338934556,-0.7658840683206206,0.455902633167647,0.11604151004473418,0.17915433993089513,0.9587829065521875,-0.3211521871301564,-3.5474174472407083,0.22463231585607507,0.36534915456559425,2.1754847841093543,0.35706537446038417,1.5861972650791303,1.7318278009395467,-5.145957669902482,-0.894855350469142,137.36,0
1104,-1.9438048468928464,-2.6318134789099403,0.2556586540972739,-0.6257436554993228,-1.375940323415281,0.21228700601536118,3.1148418100169724,1.469344293316209,-0.20762913652587592,-0.3183300941026862,3.1325626289662014,-3.447719746034366,-0.6462482379073551,-3.4464786654868393,-1.0645334203617114,0.6351310389802319,0.7131102222427802,-3.682784190141019,1.8762423934667938,-1.0146606870945887,1.864148306493437,0.1228323195963367,-5.4931109512769485,-5.273401886577968,-0.3160629716374493,0.09042492796542237,-1.8229021835570207,-3.9139124197949435,-0.7176407505007537,56.68,0
1105,1.8208865915594061,-4.0365611518958024,1.139186313350772,-1.413371743734169,0.9279735374200438,-5.498085164486824,1.1379701287360307,-1.1334596390504585,0.9779650129999213,3.656026125271948,0.6315089759971055,1.8240967187620287,-0.4472211294638499,0.9211068657405689,-0.08524292913945923,0.6017806032986677,-4.878527740203227,-1.606137300784272,-0.4289915184746361,-1.2650855980982336,-0.4699304023480483,1.0765753152442592,1.0777466973355943,3.64152633539622,-0.15134573464928072,-0.7222540723962968,0.6266357235449164,-7.896290441966934,-2.461159125579008,159.09,0
1106,-1.0458838275177365,-2.2491208675716488,-0.5954899924892867,-1.3018873472589827,0.6514480508711067,0.3312505187265114,1.3586673594489334,1.4027643105807002,0.8899500960760867,0.8493814785567607,0.39806993300134863,-0.1825554206651312,-0.33454602892362273,-2.0489292515217494,1.4538844885481361,2.061934956003614,-0.35579483398552514,-1.056196312683494,0.30285726098879784,-1.9310614920340123,1.445425190856033,0.6874563978780281,2.3010161927524972,-0.5213912731528979,-1.5950322169562152,0.11732349683427376,-0.7578749797283229,-3.2380808408008783,0.8665345777192174,87.7,0
1107,-0.3854009764969582,2.0198735008538335,-0.3311642658558212,1.7932434239090722,0.5248649917251288,5.040744693015797,-1.7179969375112747,-1.2137121989732502,-0.7722350213415422,0.8573199755304799,-0.7394419256747324,0.5334412803230586,-0.2122343016155467,0.1990582372571389,-1.387753081001437,1.138698946694648,-1.2932013138493619,-0.6008235233410473,-2.1186755161234543,0.008274494342320363,1.4886828390283346,0.8636055068862878,4.27808106073242,0.629746682465019,-0.17091005347474328,0.16704310416914414,1.4160389270707907,3.7059360885005446,2.332972853448613,20.35,0
1108,0.13935120789892844,3.0518042847988225,0.45767161119358607,0.40084566759162304,1.3597392550370186,3.9120031275825795,0.006242267741212615,0.1789317289381608,-1.2618774433584852,2.3467166140900573,0.9691913016732584,-1.934807572531302,1.1651571238945218,-2.454474740699942,1.2069703246322492,0.13584174810811248,1.9266757758120798,-3.1540975554300967,-4.019852385495551,-0.38876875042958176,-2.706511766101968,-0.0694660516125747,-1.333135650039398,-8.24500360407678,0.4245485997196691,-0.6333299215302364,3.409942707714204,-9.989366261438404,-0.11779782782114145,231.43,0
1109,-0.6378040674775352,1.170041178175119,-1.2389659448048371,-2.515455343828456,1.379111403168567,5.912894692522079,-5.831702052941762,-0.5318436228112274,1.509979610415489,0.8753938317531124,0.7577655554028019,-1.940350128624552,-0.7254717093581022,2.8272357058783673,1.2576769778532042,0.5920318093946155,2.6372124855977574,-0.6952667097726906,5.357296085159206,-1.0783447924360212,-1.9832275952798448,-0.27005489814431205,1.7930207000065015,7.295845114597993,-2.3141639826724685,1.3350518667941367,-0.63795150342138,0.3961161672254447,-2.9825013373107594,175.83,0
1110,1.4350654120021116,-0.6629087216488164,0.6768376541110072,5.679534632868897,0.9491660702381609,0.08454129382423495,2.285574596023419,-0.6118288167399027,0.017219582730560564,-0.5507053796065543,-1.4973546187329387,3.532315263783919,-1.081109347824113,0.6476081416816467,1.3336385618598274,1.141454578321271,0.07305389105844251,1.0460633849192313,-2.6664393496678263,0.8235461198419735,3.617773383547919,-0.8123813546900387,-1.423728351371233,-1.6571585609232202,-1.2117682074893643,1.4608187182891128,-1.8321130149453144,8.90972905294487,4.085461768282469,253.49,0
1111,-0.26783943256831116,-0.2676862702472186,0.4925234462063564,2.2539454125047413,-0.40573650163225167,-1.3482614615919402,-0.023971517073891446,0.8530604560516108,-1.0280678124641107,1.2739535507001145,-1.494417781722664,1.370470469668803,0.3278187158159839,-0.1778962156424243,0.5020018890665597,-1.70686256219305,-1.4341483778600899,-3.2436768784634658,-3.1371541068633113,-0.47945941095045846,0.9848495317341456,1.1279249855168274,-0.48985491962544603,-0.45617869388001275,0.49941460793906933,-2.553631015648598,0.555568946579346,-0.2968845147074929,1.1539777164975953,42.4,0
1112,-0.5791861411469302,4.866504229196759,-1.8225343436866017,1.4025523630534398,-1.0280386590928636,10.39606605306086,-3.4559527950807833,-0.3518737962865159,-0.9906975095362324,-1.0261706719231234,1.4349882607445972,-1.6708084755770038,-1.0879334586290748,0.013613579454544555,-0.5445729318237916,0.4930864020479377,4.1416258560693,1.1530790528413193,-2.037280086873837,0.38213127589080353,-2.6810429829607587,0.9456890374971552,1.8187989621368155,-4.76633812022899,0.06875005676357226,0.8228420732163579,3.430717297822017,-0.906780155667929,2.88223553530087,63.27,0
1113,1.0355650677774098,-2.8047695548987677,0.617838218879222,2.329205351816882,2.3116093753006344,-0.36584973874098553,0.708713008117584,0.25846017431906904,-1.0869136949167124,0.4896230415245011,-0.214937525163593,4.735866981856765,-1.9416940474929452,0.48427843656734815,-0.9543797233026288,0.4155379938370026,0.4618919909913414,2.158130503500564,1.287073921597747,-0.8606491319147301,-0.630923622763319,-0.32648262377955634,-0.310063371453772,1.318403877094882,-0.07482854331919798,0.34463050463451084,-0.8109438596764585,0.3548573947417583,1.1387375431320068,46.15,0
1114,0.23053366721133914,-0.45001868619885543,0.17952330153746154,0.8030017834781652,-0.6651402992844123,1.5404590203025499,-3.371723855865784,-0.843596612531713,-2.412550817919811,-0.4386940684965789,2.0559000545123274,-0.21577708760937958,1.8489386185618586,1.4773495339445937,1.0560416064585545,-1.5095516224699548,2.8053197907899867,-0.4655481069473886,1.0702635957593771,0.4044081540714172,-3.6950334008656402,-0.22256507077141327,-4.591507478583645,-0.14876365883243264,1.2939335231057139,-0.7746840576638448,0.043735566153285776,-3.369315481486952,-1.2632568124709902,87.24,0
1115,-1.5814754280421814,-1.2718165619831252,0.05649634141848441,-2.1552753567365204,0.5001834215349241,1.8777943377429074,-0.6036487338147561,0.2682932189565357,0.162961670856347,-2.0223913643269205,0.9871471574176012,-0.9841599506139634,2.491248330007266,0.18337244738132485,-1.1743529623173146,0.87984592395689,-2.65971468230004,1.188954113386326,1.8528506673324798,-1.5637410876713795,0.9854328556484026,-0.5643098941401705,4.999431473988589,1.5063013317871616,0.8531668196841885,-1.3339215427176985,3.803086298141578,-0.8603594491935478,-0.37305987868813595,84.48,0
1116,-0.8464443748159226,-2.4200874005184385,-0.07914502627079792,-2.4460594279864485,-1.218061845439449,-6.058596010867254,2.6327152582598607,0.05816171170418151,0.22121252991724555,-1.4019725387179771,2.727276186712572,-1.4821466525679896,-0.07831368342943493,0.7553887710030706,-1.7392556459175217,0.8370230063709317,-2.2843160878632456,-0.035328098533980445,0.09143737892817394,0.09444332549865539,-1.744672298409983,-0.17282795567641546,-3.9653307734441934,1.8166453612173485,0.5638815529545973,-0.13803219746862735,-0.8790759390138354,-4.8053128305643655,1.2018631825980333,211.04,0
1117,-0.574752983207413,-2.0320236647178724,-0.3507271285678659,-2.598864723374197,-0.6651885407333455,-4.680404978073837,4.000816878127379,1.2084360009714399,1.6209327853331168,-1.9515759813967737,-0.6667359112484615,-2.1363210006789752,0.7328649768192781,-1.2709716436630052,0.7667182826202803,2.519332791243617,-0.07426368066209244,-0.5794160547683845,0.23163880293233374,1.2223934376505747,1.9548796811021325,2.611247308810287,0.1010305699029236,-4.222595385078621,-0.09687672718933386,-0.8345405524327041,2.7328040094696515,-5.38301794469029,-1.9168647272362183,31.65,0
1118,0.6893825429756253,-0.2871885225161316,0.8174849807703192,4.419070526540599,0.36058001588630156,2.955699497675003,-0.004747767105641509,0.1210338785027424,0.44337598210237517,2.7824753845614496,-1.5138674870856295,3.690324535031148,0.48923977541235625,1.2770747017109763,1.7226276607045492,-3.0105225163135167,1.6090093043619755,-4.11348883404623,-3.4393306924859988,-1.966048412967918,-1.0714172312033428,-0.20565191185338647,-0.9876728032133337,-2.122709789422487,1.3969434562328211,-0.15935857475646428,3.653281615211935,-6.639690740478875,2.5101254441709266,117.24,0
1119,0.915529791724743,0.7257524728148446,0.3548181181783934,-2.3370114719773296,-0.31556769253452216,1.1638285846908236,-2.862555138736195,-1.916300765997707,-0.9319911252835396,0.17811822472667405,0.6294319197220456,-1.910049884587191,0.5903622081149456,-2.686583274522708,1.211265496493013,0.7985049046156689,1.8547526114445536,-1.8634010824315377,-0.6596229475920048,0.34508618601508256,-3.1653075584215773,-0.034812314757952455,0.248213920997792,-3.0797726794515126,0.9465485277167823,1.2640501705071647,1.0947959281887742,-7.327719286300281,-1.6357121649319568,43.64,0
1120,1.303874145931379,-1.2922936751222842,-2.876032282046417,-1.5969783940659612,-0.11676412130630513,-3.181484521839586,-0.6324242318051153,1.7472373285098912,0.9421743035938688,2.080117977956504,-0.05467144283470027,-0.526028034605271,-0.7285288762214843,-2.1087519068521483,0.6422919936033016,0.15839195575246848,-0.5387984730599175,-3.538980522510178,-1.147392913236886,0.7158663371640762,-1.6837756783728555,0.5557313191030023,-1.2830356310707942,-1.2825253519213533,-0.6672232368866481,-0.32853722208854036,-0.1888757226197032,-7.810425514489204,-2.2424444741958816,129.04,0
1121,-2.4062781380301783,1.8172722282022677,0.03931935677783195,0.5737111334081598,1.4476799904711186,9.339700491512959,2.034216630884145,1.620111605006437,-0.24711824258786486,0.1896821176813276,2.971170294408653,-1.5133495664563084,0.4239440390706323,0.3672729910391862,1.3686769933567864,0.3658305570658767,1.749013324105412,0.18785118273109103,3.197150464633519,1.07015853441254,1.1129666983085817,0.8553512070010864,-0.14425418535786044,1.6939922746488825,0.3136227104842696,0.8834934271051945,-1.691918511669664,3.4834687748049693,5.146169614264157,75.37,0
1122,0.7698539577714733,-2.5018259896832116,0.6093508955780412,-0.48755061473284916,-0.8913596807520631,2.8740355495619756,0.08988210969461674,0.692499714304585,-0.7284967343664605,0.8753366486463261,2.4575829725168314,-0.8500385901668626,0.6320793835314138,0.10919984424261331,-0.9298477130152097,0.19520524435250644,-0.7303522832629054,-1.4795656070416858,1.4306312787990554,0.6683933705907869,0.660827132096744,0.10280328501992952,0.5786446103295381,0.49351768490043446,-0.4380673661304643,0.003184849504858575,0.7547948222567914,-4.171457077740005,0.19480089971648562,14.98,0
1123,-0.8776965135165605,-0.22138935752126698,-1.486162274606616,1.8037149293248023,-0.3350378920183519,5.211380034843985,-2.849693332103955,-1.5055713410196836,-1.167396980067612,1.9169594845374385,-0.3405909523766427,3.568067900681823,0.4927193465670251,2.418644387854399,-0.7458785064361894,1.1612222731541635,3.2428477716296156,-2.639228973398995,1.7200389199044221,0.32450432237081295,-4.491039208270254,-0.26216392012514006,-0.7934521734115629,2.8867599601628355,-1.1330751730921569,0.1707989039338024,3.5152064645736907,-7.939219639945951,0.9746549598369014,46.7,0
1124,-0.7246742116823047,2.9522722005053654,-0.4140052351384046,1.64781944890976,1.099073062553966,6.111640157737631,1.5718751603800167,1.0925254146784196,0.63936284348663,3.534089146517782,-2.8560719696958583,8.06964507165756,-0.9246922305235321,-0.1319128740693537,2.847009588957641,-0.46760953341722744,1.5792244871626235,2.2313693368428775,5.122197137433708,1.717580205044318,-5.068731066591983,0.5994410153062589,2.8648176131333654,3.004820696794328,-1.366246629397111,-0.14282663859515055,3.9789861468065637,-3.8070257533035115,0.448525404085259,52.9,0
1125,-0.13661869147757238,-1.740880403649526,-0.6746205243566907,-3.0069990822255033,2.123320513281019,-11.381263027699934,0.4337472039791334,-1.2928737322045296,-0.7937045795022385,2.1068848787561163,-0.39624185926922995,0.6563706412440161,0.17057558147702223,0.0012475919738651475,-0.48328339429758677,1.4320096713686254,-7.789873821361208,-4.102198632863078,0.6173249506934079,-0.4685199292600519,-2.098270597619909,-0.1697304872855214,-3.3674818585360686,8.670887521744701,-0.5043508539402574,-1.328075032754712,-2.4425958175768647,-2.257705995324691,-2.6664411650248447,42.58,0
1126,-0.7689599126747924,5.745677082376004,0.4209727825314667,0.23045123051136163,0.16937746994270692,8.426058836110505,0.36100742478540615,1.3939245305410728,1.188474966503524,1.4386468292631627,-1.281145564392755,0.25044051059338,-0.015949726976770034,-2.138728549467746,-0.6543418710551034,0.5865151576180001,0.8389722576020473,1.0021712693048621,-0.38310685264089983,-0.15506204469847845,-0.4701328167169319,-0.8184750861301682,5.363983700513561,-2.6240838274157468,-0.7757859893125999,0.11268520016037374,2.751029409407868,1.3962471617495336,2.047602202586519,287.56,0
1127,0.7459322245237815,-0.5268536390042684,0.7954044732409332,-0.20358084204032367,-0.6184311671945354,-1.2467153723339564,1.7249243235750482,0.791527736727773,-0.4261719075656856,2.037057628283457,-1.462513155852108,3.4909996933308247,0.8119989322167313,-0.6988006316514287,1.1672470934456998,-0.3599486648132468,-1.8755703203324305,-0.09263284696938112,0.7561205820166044,-0.1719949854318929,-0.5254208611136947,0.5451761756309323,2.190111779881207,4.2491751179212915,-0.6501290434271516,-0.13684317485809858,-1.2273925541677815,-0.3355511134034285,2.0868965460332025,63.19,0
1128,0.4854617229245677,-2.798120773065326,-0.07969130097889035,-1.5279217140565193,1.8100451036644505,-0.19176069238106838,2.4476168104197047,0.6905431309088294,0.35356586437516807,-0.07141622104079115,2.162768367447206,-2.473966031793567,-0.48904016494050445,-0.3613401774907071,-1.7272951786664925,1.239479443746453,0.027440885312074337,-2.9798988827627593,1.9110937802020094,0.960593150270853,1.1140773331914429,-0.3048659782235659,-2.386499034364863,-1.339803854020525,-1.5590963210815283,-1.0354918619629307,0.9107794674722528,-6.304299618500642,-0.6677321810250184,45.73,0
1129,-1.773354034607472,-0.43751132955504135,-0.3806974256166236,-0.8677599954625518,-1.1524444681088677,-3.11181810720147,0.8098494676761139,0.9207504681638696,0.6907823264806331,0.3115578227274516,-0.44615394083047877,0.8345904305667537,-0.07240514731789721,-1.4924646327666706,0.05139196897484001,-0.26064884989492215,0.8161581345090062,0.19930745969753672,-1.46097253139803,1.0063782748037806,-1.2174589467253005,0.5130633430135693,-0.7042474424369326,0.8496733054405405,-0.724221313830929,1.2919976261260564,-3.5242591676476915,-0.8853027643981228,2.5541975339286944,176.69,0
1130,-1.9808538474953072,-2.5805738056065692,-0.4197697123668127,-2.8601377607831866,-0.36888104296604934,-4.064692680245277,-0.14066210307992588,-0.7054237140024512,0.055789628616553615,-0.8645392899939303,1.387032405266433,-1.6506016626687718,-0.6768107355463147,0.22516503917265218,1.0639558450458475,-0.41495587913281295,-2.142065242535623,0.01620783852902008,-1.5783899914149195,0.19927221274844584,-0.07059996686992831,0.09871505232100361,1.5970548971958314,2.2151292596674548,0.16239990651958913,-0.3638707984633129,-0.7614737488066221,-3.5784632148108235,1.1133702767015328,32.3,0
1131,1.7949786361446092,0.41812662689057156,-0.40616226348356327,-3.9877420847998297,-1.298192015053023,-4.265465083191843,0.14249813613550122,1.040853540063158,-0.4728173955540838,0.8589830627596513,-2.259157496021729,-0.49501284090256414,-0.3165210140036845,0.382770905232826,1.4030334275268657,1.6624987657836672,-3.867788121606679,0.16698819426984335,0.6930787083410365,-0.6269406355510714,1.0038579932510123,-0.7375609741578123,5.525319129086782,6.146547051786879,0.8123211911459796,1.0901206211775125,-0.047857664800968314,0.8903087788643448,-1.615798129013009,43.43,0
1132,-1.312840273092726,2.4647826069136602,-0.18998142349707814,1.001699725282545,0.9987265700830984,4.3328705721062,-1.8474963705884422,0.4153114772403338,0.9163289534385712,0.4972082167151623,0.49835371115992333,-0.3087358024428299,0.0347544782918479,-2.510285168430217,0.4086847622754085,-2.936200943778115,4.195598543242362,-3.488753162581237,-4.951272826510562,0.10413338802134002,-5.510652359957922,1.4215032852330935,-1.7264790335174092,-9.023050212435793,-0.9101987062279108,-2.187380914976043,5.441897814917995,-13.749396515263793,1.9136091311246148,7.3,0
1133,0.2887323467136946,0.7237523174527957,0.9160944020171458,-0.39876769614518326,1.8159576962321944,1.7200081608105857,0.08527056679631262,0.8554618641914981,-2.32141825861615,1.1192970887538378,-0.6922429381478948,0.8778351473590542,-0.060237237691590756,-2.017475079753785,-0.38488237280071,0.8477612113436787,0.09088207061088815,0.7394128737722451,-0.1474512207850246,0.4921250509796739,0.4244169642251505,-2.39394106634408,2.9703748019377105,0.37705731811882787,-0.11253706419459349,-1.6368410927267576,-1.890475124664036,1.6784199071080441,1.442167699830545,240.8,0
1134,1.1113561841730932,-0.9833952373248043,-0.7190047772250318,-1.566801453692785,0.9799770403593283,4.994060858320267,-4.49009353697555,0.517806586977143,-0.23348290257461402,0.6769440871934657,-0.3226101863018357,1.0470878805811592,0.762733046131995,-2.269630650146634,1.74127205621912,-0.6078422064264841,-3.114987649641342,2.5134505527490036,-1.8176561493973136,-1.1442149551363905,2.2694550945295004,1.9278307729671322,12.562344637137908,3.752020405138907,1.391434325150649,1.015646732999715,-0.9412582551554528,4.194362590789245,2.785800859595129,55.21,0
1135,-1.571489187576273,3.166837552282621,0.7750894117456407,1.9827845671200972,1.1529341769747732,6.039601599822333,-0.028230856325585862,-0.36070450044957353,0.7370228555563136,0.7629018712633827,-1.314812913364479,2.621717247091813,1.511322799203203,-0.7101683209504496,-0.2418179125289801,0.924098128840789,0.7336501534447661,1.47154286930274,-0.707783927364207,-0.45566249801366066,-0.8279570780135574,-0.21968704502383987,3.728181885962308,-1.472122751576339,-0.6913348611627764,-1.6455122451253463,2.662942501253698,1.4050865263200654,2.565397808145572,229.61,0
1136,0.5667863905882048,-2.9241426286163223,-1.4237178187039348,0.33357386798664834,0.5248137030093496,3.3471094185456542,0.19779379680679077,-1.7632509319919358,1.6505209030879733,-0.45435407077898715,3.239144887917146,-0.7717186446258729,2.3819449834156243,-2.6880585037718765,-0.1722021645792605,-0.5248291214389753,1.8455001631820611,-2.253016895432262,2.339432649559691,-1.3592890514201645,-0.4739579049823047,-0.9121932712061199,-3.54875042792666,-2.7214654352440766,-1.274197480440803,1.3365940755444992,-1.4333188340256284,-4.004901057888139,1.172125156022645,82.4,0
1137,0.08450580575678937,-2.411098499289942,-0.09178984681279126,-2.0482254054061912,-1.9047312186239949,4.573266499840733,-0.5433180409996904,0.01248070548593954,0.5604542529498073,-1.6443463525721067,2.8553111183605306,-2.504813498178744,0.5141469076343045,0.6302768027161466,-1.0793725126406546,-1.5887503497280266,0.0378573085259003,0.41483198726818615,0.7484127363169215,0.1824993111126999,1.8474451654436428,0.3429843413591068,4.341379817358737,2.240520914358571,-1.0743279728617372,-1.2293532382141148,0.13119343205288658,-1.289760501461956,3.8395807125286647,79.47,0
1138,-0.34026967795417,-0.06201915293097138,-0.4154504830387495,-2.2123402471020324,-1.3055124375829716,-0.68957661440557,-0.3778842573990986,0.6942110429452255,-1.1354441943371232,-1.4219127352425676,1.7060516295566615,-0.003813567833219066,-1.336331889215445,-1.5641683723139543,0.6424744465726187,-1.2715440721267672,1.5862304807448648,4.058493278953885,2.411293831746549,-1.9387999093815778,-3.5694746262423362,-1.4485309420337003,-0.9929004247827417,-1.889259023005421,-1.0627002755278991,1.946698462365562,-0.469850965270758,-2.675639143170441,-1.841640044340099,64.34,0
1139,-0.883406160335368,0.2801788834517468,0.5224798230941273,-1.062256400136538,-1.5475310254889354,3.0404922128031746,-0.7965793476110151,1.1824765664496855,-0.9400674553918519,-0.17000062065877153,-1.2233213217045833,3.9313088808564967,0.4229286085112854,-2.206326114034813,1.3462127661126204,-0.1015795887228356,-4.430228072063703,2.908380275826538,3.1975792775436873,-0.14187672638301077,0.013382719077862815,0.6073125806682945,8.15428645549148,5.380369858295005,0.5303786918377881,0.45746868608800834,1.2489961299916086,4.953521169006246,1.4921181815716276,75.46,0
1140,-1.3080189744641566,1.643961627729496,-0.320490065038658,-1.3700591054006952,-0.599774369181513,1.5683013024821977,-0.9523916036838439,0.8012615460358158,0.773266214763601,1.1468246759823262,0.1334528536416284,0.21521258906392887,-1.5472239932781757,0.9585956032092701,-0.8754185044450941,0.09298186220498811,-2.2677359479586348,1.2093682660424192,-0.13615055381131402,-0.6738220777596537,0.05348352155249847,1.2252432077834436,4.077083108400511,7.30066867057206,-0.36424132290427624,-0.1440009111288678,-3.2045816289240867,5.092733144048049,3.76298142046066,281.26,0
1141,-1.2318319411277658,-1.0444576983623501,0.7549819441107466,-1.2999069932772884,0.3187412461572529,0.996894526509023,2.3298380606549345,-0.38352661634618596,-0.4313168505814919,0.027706454311137607,1.3646744058297444,-1.7397022644682365,0.5376703398384046,0.6059887372452158,-0.4067306905214086,-0.20179710300160927,1.10838761947993,-2.3515418018209715,3.1265040993786557,0.17797483418725424,0.20928946980925422,0.4294050800903108,-2.707030851435555,0.7685653423021857,-0.8934380623460496,-0.03926844859695634,0.4667507307659807,-4.0888649382036055,-0.042514508309155374,203.35,0
1142,0.5002383506982397,-1.2081483717266788,-0.9899153130235488,2.343430027065586,-0.6880821265803181,1.5140976374866437,-0.20631350834421025,0.819973642346786,0.1345832848122468,0.5820437974908512,2.078395915695911,1.7840624399708724,-0.21048803053703335,-0.30836144858801384,1.3114808189602951,-1.1414157922272192,2.935729791646982,0.628415503728574,-1.3152379771936218,0.684104990934741,-3.196114485005088,0.9462436716153141,-4.078893482192582,-4.437939857100361,-0.19860215535348436,-1.248302801869318,0.12577344471841168,-5.8054281405765416,1.094051485937591,165.19,0
1143,0.9946931513214714,-0.5886612648178959,0.23103032574284177,0.5393428350332224,-2.4202174714597056,7.0097085501306315,1.2617665070608668,-1.4997148109085592,1.191006549750692,1.298540414774634,1.0384948762361774,0.5164695105765192,-1.057016504055358,-2.184330574235233,-1.0167009527519517,-0.29804417419648666,0.09716430135655829,-0.14487534210606368,2.56525680130153,0.9939871569053297,2.2193670900397633,-0.02097995741445105,3.4167945568188016,-1.335418084289201,-0.5181652898279008,-0.0013075342550890683,0.4689406302663218,0.3200921670172319,1.1297896872154962,9.82,0
1144,-0.6671595500663265,1.6379074996461682,0.4515474912395065,1.05704394555055,-0.058607075782472,3.01711648677838,-2.807602017969736,0.592521009760872,-1.5618785717244308,0.04723450835438303,-0.8128936365585404,1.203346515829894,0.2665216499782007,1.42262495914644,-0.4679237223332475,-1.1465501637074578,2.5985679740132865,-0.6905981962745853,-0.5601441149597068,-0.25895883476751336,-3.1622939391948086,0.6301079955837326,-0.06389491741060417,-0.39382873713826844,-0.2407025718473096,0.03322323851695945,3.2228851081592444,-3.745850068624156,0.011624834125086747,76.74,0
1145,0.3608284084017966,-1.5457511149147833,-0.5068873498672227,-2.703754911400264,0.1601108906395973,7.038589609569473,-3.1728594698162556,-0.5287216328368156,0.6945455519581831,-3.144152110215012,2.1480992517204784,-0.5639872042429014,1.3719520506791563,1.2385382590678997,1.1954064989229398,1.1151243154949684,-1.7367309331786507,5.6718787101311925,-0.29072810385513403,-0.06933370814930177,1.6496661331427276,0.5871143970709833,12.625305550818123,5.215383748551295,0.7563112906894081,0.8193469063825453,1.5963831618098117,3.3627478050461974,6.082512125062673,157.81,0
1146,-0.8408128015597823,-1.3277604156419738,-0.9550177035394786,-1.029188720475236,0.6687317308552835,5.8876561207156355,0.15306891255304456,-0.1433795048399753,0.23734811948953083,1.1442831034239633,1.988418748972022,-2.1770852512604555,-0.5280806401033457,0.8878128834993985,0.07843450719759962,0.2792377542753513,0.7774873471296456,-1.3749364451850834,1.7938101338121195,-0.7384147048028783,2.2843809707905818,1.569634504577714,2.882029953066772,1.4696746496405793,-0.6997827442045963,-0.07083390752525513,0.24293678936960494,-2.227781397757268,1.2283141636929713,131.77,0
1147,-0.28982190886839687,-2.323333184666147,0.8910786773973972,-0.42312398473702195,0.43535812704814747,-9.479808286829615,1.538031711034845,-0.17182504467671872,1.8540238004386018,1.9245629269057822,-3.3302886990008425,4.294249876055061,0.34819882846444833,-1.9922443940235275,-1.5243590701971772,1.6956098601292395,-3.843678510080093,-0.8942802098943953,1.5457464400621923,0.17165376996889647,0.1629081721536093,-0.45902325049431536,-1.1170458913254133,4.659040776393341,0.5503036740090902,0.5708915863683052,-3.6879184717199966,2.506762382769812,-2.8652683706862256,28.89,0
1148,0.42872799329406813,-1.1879732873057365,-1.3480342515450294,7.051848404893404,-0.8039383767271636,1.9734967115678912,3.0921384978929503,-0.6592990368504504,-1.8107995783196809,1.1489077709444497,-2.7644062083350582,6.992866279742667,0.09922962338107293,2.2644524397566803,-0.4410238205236087,0.2556995380481427,-1.857951283185518,1.7194663733309805,-1.1144111668699712,0.1325080968421812,4.835742015786351,-0.2361545678572265,1.9689397863458258,3.076869669965125,0.7978518254783004,-0.20430720860016585,-1.1664052072324806,11.617839356949462,5.359258746319202,197.29,0
1149,0.33760622247297195,-2.004453768871467,1.512126142376654,-1.8618743932952548,0.08186134108175565,-4.6753162044905565,-3.8823932893799844,1.5818760934989877,-0.22511256068511618,-1.078994999079022,-1.8713477749215972,0.8162479634049378,-0.9461535811296805,0.07783675393046152,1.5246767428475672,-0.0052265974628201255,-1.621876087322689,0.24833345914221383,1.6896064649226434,1.6736906973213392,0.38746109162709297,1.2121067127178047,2.2416280156661514,6.517649383598724,0.3259636053279932,-0.03430835657245901,-2.9549498728568393,5.032932647078356,-2.234640390858579,198.62,0
1150,-2.4153632620785297,1.3819326459199937,-1.7962765667775356,1.6118319704689188,-1.6970961432894554,4.282942486915024,0.1457637777370494,0.30517263458050775,-0.06945513785101935,2.017433083128775,0.5261167422712153,-0.43963537686415205,-0.3406040777437667,-0.3897520957783941,0.03580260003584014,0.13814755636757506,2.812751458042257,-1.913112630633102,-3.0937524483568613,-0.2243068279436459,-1.2659971318865528,-0.7664797729085693,-0.6291785152164884,-5.984637041808562,1.0416667330833504,0.014655909870126726,2.7884554957824133,-7.390759609951885,0.7256648861432606,97.09,0
1151,0.4122539740346844,-1.1457711725854907,0.48174103258762574,1.5235002994044455,0.9469371819552072,0.2828915414217707,5.391865764682644,-0.509438944220231,-0.9467840637461963,2.079603847637912,0.2104821754774896,1.2661601006727168,0.07590102288436813,-5.875094630352325,1.8121405873077656,-1.4633936285052291,-0.13759607392611817,-1.7676480934293084,1.407491876722046,-0.09504200369292053,1.9891628997823765,-0.7027771659920036,-3.075223510530828,-7.654995206729577,-0.17979835250529552,0.3766565921072789,-1.3491287694897571,-2.0403790404161097,-1.1609276843740495,190.52,0
1152,-0.08417532534112314,1.1201587150358483,0.5857585601622237,1.1190382412177202,0.11135849569809807,4.079100358570378,1.9756850981853487,0.12405541783853893,1.3404391359650913,1.707722314818139,0.02813839719110367,0.6620475959507853,-2.1136434143849523,-3.2359512322581905,1.198166668123079,1.1597719623776943,-0.5705893155733681,-1.2372335335062061,0.45177893235712857,1.3195588015602135,1.9873700551892495,1.2813400241943087,1.0926368329589982,-0.666317909809763,-0.7281768467966099,-0.10668238449302246,-2.7079752627382883,3.774225018843118,3.0167074727802,107.72,0
1153,0.01069331179648031,-0.051709974825167926,-0.348308395044006,3.673991020072592,1.1687689170111202,2.43542540646047,-1.169338417888101,-0.04459867199522342,-1.0174910628880784,0.5402841182295155,-0.7615253495559312,4.18479652749044,0.1923689270375111,3.4629960766120482,-0.11359692763474837,-1.0109969600760071,1.0020512567629183,2.0706980391240104,2.4748206589581847,-0.6581088093827662,-0.2872611771746616,-0.7059851654989105,-1.2180245617370689,4.8401978913510275,0.05523043648111129,0.3544065674743389,-1.1290188586794025,6.665644430016934,0.819060062855293,7.62,0
1154,0.7148166884800725,-0.48955804931675984,-0.5951689990751792,3.8871257655012657,-0.6757115301586923,0.1832655616274554,2.8544343666183694,2.93818806715577,0.4915579194025869,2.3520376713375355,-2.4212748057099702,6.198493064279972,-0.2914063613488932,0.05937371292215965,0.5042572444841515,-0.3151920599234445,-0.5901273885524382,-0.1811867198665411,-0.4976281318466973,-1.086410953355618,-0.22718941690700667,-0.6666192774947225,0.13589474955706762,0.12833194367961928,0.6940967468117569,-1.8581250137335916,1.448947882545084,-0.5966708514146212,2.157399004622967,158.74,0
1155,0.36661224429402106,0.6348266632975484,1.359137683302019,1.7288795522404934,0.4133487785502528,7.971884836804676,3.042992712198743,-1.380348353733938,-1.177642669874513,1.3152508010611876,0.06655517525350363,2.6432764129397466,-1.094545975119,-4.8809202063066905,-1.3387992115794456,-0.6278187459533185,-0.03315022499680076,2.1484461057157946,1.5984748681498895,-0.43915533394681044,2.850993138137128,-0.4150138017965702,5.210978212554303,-3.409102865904439,0.5972003706314267,0.7713944348903161,-1.1515715760067895,4.487464979040701,3.7339556756672234,88.27,0
1156,-0.08283837842460157,-1.559854213090727,0.1489427962412884,2.7773245340458357,2.213277918011304,0.01326422622387766,-0.14872917926842655,-0.9587037291435838,1.375179057607244,0.7069768864292905,-1.4160855558671939,4.519706184144233,-0.33632037182952107,0.8618337619147057,1.873576393897136,-0.8934190858392855,0.17935950739454076,-0.8891556444354177,-0.9019327719261983,-0.9344853483095023,-1.1757212676118867,1.8209672252662306,0.04740977054570813,1.3172167062109206,0.20498914730890982,-0.4498663007101679,1.5662250386370384,-2.0863435455760273,2.2534064043336985,75.16,0
1157,-0.7321087746883707,2.056881555763124,1.0126922045509361,3.0602381089168507,0.6590259520210962,5.017438997012521,-1.4841466377262518,-0.14277495317069325,0.29445459730197204,0.5613878701818786,-1.728837885859876,2.3774773101010256,-0.40916506921394147,2.1308921820903697,-0.866034445223392,0.2787457541300641,0.9934140355834793,-1.1581432751062701,0.585241528645332,-0.5429757067720121,0.25411653066106255,-1.3443404721448917,0.8989231899159731,3.226936589241576,-1.561042575586778,-0.5567345123247693,1.1929416577482466,4.5976610800186615,2.337370866928329,251.75,0
1158,-0.640954146351397,-0.324604711925368,-0.4446994797449462,-0.46943857008005735,-0.5013860890772907,5.431293823261661,-0.12340208458701396,-0.6241202228669391,0.43057948462652357,0.17759893257447779,0.25384798135204933,-0.1549627765159457,0.29172716706737095,-1.2460406305204503,-0.9768241258753142,0.1928900118850813,1.3784241968758661,1.174954601108733,-0.10680211822481966,-0.2323618768563049,2.0251941908545956,-1.5643303264490933,5.551087913670341,-0.04942348812856144,0.2826338562598923,-1.538282942130636,-0.8382505463530207,1.1784498078802847,3.3363390715352947,219.1,0
1159,1.3266951829766158,-6.160763583475816,0.9893114319002247,-3.123520869104452,1.0371413599141255,-0.7665840313942156,2.2947041828808388,0.37912190446937244,0.48702644260865274,-4.930422694340328,5.771229790923691,-5.473462832902886,-1.77626963431885,1.7585129585570827,-2.0788050130416513,2.092856924085462,1.5312508442051151,1.6202328864829059,0.2856163926195887,-0.20288441701003918,0.9660543019849108,1.0525023654355217,-1.2970539709162787,-6.402469995028457,-1.0029088407802316,0.647003972360589,4.991515974514582,-11.821242023737094,-0.4067445421561303,95.12,0
1160,0.928851246050224,3.3790519037474067,0.17436758776830327,-2.8257798149865843,-1.997047436617975,0.021032643583071078,-1.6241200880564977,0.18145900694253897,-0.14981071874579097,1.299057597761963,1.0958528683139632,-4.988670474493367,1.2614989908023837,-4.190911604187142,-0.9496002440650042,1.4990120682335486,1.3142267501154687,-2.1866353199258555,-3.5926000209012896,0.3995468410157058,-2.440237179829195,-1.7720278284240423,-1.1974868150548021,-7.766979987802996,0.09782649185226754,-1.2463294777484246,0.06229852266430158,-7.103700680533614,-3.0534942617937704,67.45,0
1161,-0.17121121184571356,-2.2011563804553256,1.1500852617375261,1.1145667782088502,0.9727898140920265,6.546919401336834,1.799617309360318,-0.11675895533471585,0.8880442016384417,1.8862380719232918,1.9439681076474002,0.2667424999711847,1.4865441403370998,-2.3145788987245126,1.4793044444184598,-1.4945778710292361,2.0977145917329993,-1.0399404348044605,0.8124828401575147,-1.2241092929767752,2.157795516090938,-2.111440297122246,1.5386725010401177,-3.0289196576650896,0.709673740251402,-0.3634019832294243,-1.3492109896331679,-2.8713600082124953,2.8458296289908813,31.41,0
1162,-0.19802721959740235,-0.3624191645182413,-1.7072411352053674,2.013327505737064,1.3399998854762094,-1.0486128180793906,2.5026066986504545,0.29330623601702466,1.3131697870913475,3.638189230371284,-1.0208958677265545,6.577750064212138,2.7427966043700196,-3.1699241072947424,1.4047908419597586,0.9452143122503819,-3.1970663166859232,4.658328253137341,-2.5224559744869817,-0.327368690943752,-1.0943106614106255,-0.29596757304826016,4.458591189781992,-1.8459928787593411,-0.3731662385021419,0.28668481987434286,-1.1081737424081601,-0.13238165728198414,1.6038013833271427,44.45,0
1163,-1.274287223050924,-1.99087203173202,2.331486092556837,2.252333607745145,1.5537518857296357,-0.559980393088033,2.1187406960963857,0.819999135917259,-1.6476935347695922,2.9962206195343994,-2.104118685007277,4.452289273118814,1.725518556754471,-1.6688614177642518,-0.055424061982421884,-0.3868409579865057,-0.4279560469265534,-2.343961734889662,-1.6191391465719003,0.14116624938799208,0.5286102017960824,-1.1208492678116218,1.2895429686585618,-0.8915969733722454,-1.3371522108411915,0.2910096272474423,0.4471255498267828,-4.229841006684472,1.7864150746867915,105.88,0
1164,-1.2592955518800382,-0.4118141621907053,-1.1757344466669615,0.0423362576089108,-0.1503483662862672,-0.048147579958313265,-1.9916804309961882,-0.9624988349193223,0.6883470370380197,2.6281096470685195,-3.549115545563745,3.537302997442355,-0.04151796926807157,-1.3112747399893663,0.6651060515214794,1.100799805422717,-1.3131578939312374,-4.1653998912500025,0.43575904900824647,-0.4040694502524733,-0.6348318217681033,0.08202992938811553,3.611849811859882,4.544245774243701,-0.6088231624233649,0.40105830769363265,0.8828633716220584,-2.350274872578232,-0.08751499587190403,43.22,0
1165,0.43081407069741506,-1.9241638396193799,0.8654032700022395,-0.8192777688530323,0.4869847076588633,-0.4724293350396637,1.3153958290161767,-0.7223336238502043,-1.8986213456878196,1.1144227881260198,-0.07922568284469733,0.6330807816271848,-1.3621645719212216,-3.1753699542942355,0.7469960383553472,-0.21231144798041618,-1.4450826896929985,0.03293953872031974,-0.7353155969746027,-0.5099292453657421,1.6462485408417118,0.4410541128156447,3.294174363513334,-2.042785083660492,0.6739443903503098,-1.4756787481901583,-0.7680522775694921,-1.9023252884040864,0.18522229431658155,28.3,0
1166,1.1189122717071738,-0.1588504776034304,-1.2425640027997056,-0.5969414532295753,0.030848667053507126,-0.5307897092176762,-2.4415469316354588,0.7349359742543154,0.7068962909185121,-1.8895909635808108,0.9307918400582343,-1.2282102320023602,0.5282699389151054,-0.42067983900121814,1.2672736463183818,-0.3862370887113674,0.20660296189891336,1.0742626029087123,-0.33481573338602366,-0.3227445527233424,-0.6892303811449166,-0.9083412517079852,-0.35659018502365175,-0.20064941254848534,2.476929133723412,2.221203394271961,-1.012077743682974,2.0537064630770963,-0.3078476591730458,369.89,0
1167,1.9366797622857632,-2.2232352575425423,1.0656152597083106,-1.833968942290999,-0.08790416180469174,-2.985141110383061,1.6635097151669136,-0.5317059539953605,-1.529015024414789,-1.1073050126311252,2.82654766750016,-2.1143110109265586,-1.168720911568326,-1.6105218623672024,0.4363575934111188,-0.10750422045805064,-3.590087798120516,-0.7408923210297566,0.5560031095809856,0.2854869431991662,0.3300902911867628,-1.0907380577233479,-1.8323262933350264,-0.9411199315780691,0.18225844358204224,-1.546002544219677,0.01845908109717176,-2.4898050538697767,-0.642275471949293,291.21,0
1168,0.7608292115225166,-0.4157750808458252,-0.7618535440104255,-0.5017317628892213,1.0943947849462095,0.0040195610094372934,0.5198523897822743,0.1833680033318635,-1.4644520551248152,-1.7189732829272506,1.671720302044129,-0.8988664729728805,-0.44978160602616035,-2.2323465695000126,0.5785925349153894,0.3921843100416817,1.4217588624217723,2.13526616269646,-2.3682901561112315,-1.112955250059338,-0.3336008361527599,0.029134890420073334,0.008992589270216459,-2.457728594912152,0.871576502298157,1.2816054414959426,-3.328589325595998,0.9844930409585219,4.3238543109204075,25.59,0
1169,0.41362637771433536,1.9334912909699336,0.8566651198694065,1.0187238351486447,-0.20313204632342813,6.617432343757887,-2.1740561098153863,0.02884889479318494,0.16070455127846184,-0.1199290609728566,1.3554174745009937,-1.2412464501122946,0.1940210045057993,-1.4870344023424185,-0.5508574703286617,2.6706753748630647,2.857226748244357,-0.7842472677051342,-3.0756813098572797,2.2567524721687664,-1.7317703773103277,-0.3049812998483304,1.2381638065989904,-5.595413067781013,-0.40359333698691013,0.9901247868928167,2.4531941287023113,-4.49090933769821,2.4778975307772595,31.37,0
1170,-1.0034765607841956,-4.5427824038426365,0.22367969649555597,-1.039599250606675,-2.010027622744882,-3.395248386393741,1.045624582200563,0.3465331468192452,1.2474967235682737,1.7877491981407643,1.952007221583564,1.4315593616847169,-0.11941766989216007,0.08120284347206896,1.1545902476091912,-0.24708649670328767,-3.724923258878154,-1.7061123002135685,0.544146213559249,1.1324231099888953,-0.8182802529591154,0.14020512617124528,-0.3160134652566588,2.795717460504351,1.2700861476800949,0.9889229171420731,0.3594481058179918,-7.274110952111093,-0.3654863968319665,62.9,0
1171,-0.25881367049292153,-2.3764150241227116,-1.0580617172905176,-3.4025940501515017,0.7373226156755405,2.2398958709371217,0.7342957029603332,1.0258195333018967,0.28169591382735354,-1.1283022003306997,1.8957789737694126,-3.918052774004937,-0.5439397669715936,0.8423239146136262,2.126441827526385,-0.12019834358743646,-0.636530458804003,-1.2115756692233317,2.2109972295060882,1.9536567479767233,2.911184543580029,1.23779650381161,3.5701802188940808,1.9581566815924467,-0.5874512748557071,-0.07405653664407366,1.415887678595328,-2.981364365748527,0.2582920459577499,153.98,0
1172,-0.3249785941686678,3.180372095158239,-1.5838955910878494,-4.439187923921379,-0.49826442644124913,5.064242168893141,-3.0976452402041117,-0.8181342216376747,-0.11597125276146397,1.305111892192566,-0.15126442074615776,-3.867977276837638,-1.1769198921315842,-3.1189760952189425,0.5944664815532273,-1.2287267604455792,1.1661355684216612,-3.3908943661499222,0.7143167234793005,0.1559185860511121,-1.9187651423884549,-2.033299111040127,4.432115421330239,-0.7080970203710278,1.01013071434825,1.1951854024030977,1.9368560920653541,-6.525564626063455,-1.5838509009630624,60.97,0
1173,0.1948388189855969,-1.7285859132425334,-0.2608708012458902,3.288285414082818,-1.161244452480358,-7.575172570243376,2.844202588491598,-0.5144167616565275,1.7634040459185218,1.0740160264288456,-3.9659718063042186,6.670829665451463,1.6841704063406324,0.4456245123199115,-0.36146432916346183,-0.3794792560117442,-3.83468629399547,0.7849746876750533,0.21279462878532363,-1.521442092065485,1.3314632992297812,0.9104921319436958,-1.206716160210438,3.8695495626871423,1.077359809862273,-0.6970789128006968,-1.4464634128877205,6.419571990683025,-0.3883807843557724,44.74,0
1174,0.35397688506367536,2.6056571905083605,-0.00541133465270806,0.1911286217515249,-0.14291469199318227,5.967465307037798,0.13936528603055265,-1.2758532046813285,0.5403741309310379,1.4598206085647236,-0.32298031789166437,-1.0744108048214516,1.167390678701151,-2.980362218709204,-0.8466048423882574,-0.6186299507467191,0.0022329673540868455,-0.5059683389660394,-1.783131266210994,0.004210520875785671,1.8382545419119851,0.8740934027649491,4.690761653274523,-3.727664087507703,-0.506402418274334,1.8926537083371138,0.6762919979565943,0.9814610563849431,1.544315871721688,64.82,0
1175,-0.5622991848948815,-0.872499866742447,-0.14688810390199103,-2.894572869264933,0.4876073675611219,-0.6375139716754568,0.8374389839429162,2.1221094572335484,1.2934268749629496,1.2304261281731717,0.30988529252090424,-3.90681394522798,0.47887497005245266,1.1390953406180184,-0.9741573417780406,-0.6372256980459021,0.34447256700909834,-5.339924677859154,2.6815286637190816,-0.8228614157581384,1.7540459445837902,1.1358675163955245,-1.7915086968724743,4.051988540657377,-0.9369858735084841,0.743824460633133,-1.3120101647186253,-3.1976937024630323,-1.3202080581554831,117.02,0
1176,0.26098385001607055,1.0074171514535446,0.14165790312128204,-0.08270849858923635,0.15927197216700772,2.6049637488361648,1.995220152213649,0.24040561191611917,-0.8809525834765903,4.788323330997441,-1.7899787270027958,2.035632126922351,-0.9533004704344341,-1.4599120499159801,0.16069560865691823,1.339396122439157,-2.29310380252234,-0.6698282444383971,-0.4729186961645192,0.15746924233453652,2.7757376816939026,-0.9453500733072364,5.972450111645538,3.9632481540534177,-0.24594978454560504,0.32187038238305715,-3.1538260213781872,2.8934410040183387,2.5211974641815798,16.44,0
1177,-0.09614428792448947,2.136945722242412,-0.8142046773853758,1.6008420053617878,-0.5551251558036121,5.629275104658626,-2.0524245709567697,-2.2295755741118772,0.196637741750245,1.3047204403427695,-1.3046814929742803,0.591650999193999,-0.5700753391846538,-1.8250275623393808,0.3444449443505802,1.181221634220601,2.485231745858907,-1.8051367994976197,-0.8800807069874722,1.1906996175550046,0.044269583725006334,0.7322180730909948,1.8129786643069559,-2.067130771996994,-2.1570367252233504,0.7541879610324033,0.07672005591153375,0.7934044784260884,1.1206132623950322,92.84,0
1178,-1.0848245709655016,-0.1173320757531432,1.392864689751377,-1.8814782633270628,0.33280712525074635,8.401088004821528,-0.24914871404983974,-0.4545664225417623,0.14730521396844534,-1.9131366503163032,0.8890568087771301,-2.67766485949713,2.4737591571125623,-0.12956151320515963,0.1455258782069742,-0.014198069764662404,1.5144293554353356,-0.019891329971111205,3.7553378763407443,-1.262850240148433,3.0604782634098466,-0.8796956794701541,5.836122073808334,0.5839246401146133,0.08144723446283578,-0.9171974456425503,2.7950578396174506,0.8955089396879361,1.3778759210638054,118.95,0
1179,-0.6100782440139709,-0.41579500148598336,-0.2681486839431865,0.5581547681084996,0.49928294084604374,5.736763972809178,2.181113803978507,-0.6307448667635317,-2.454090251064134,1.3236368494774364,4.353775514246144,-2.323906924202863,0.6861835565047075,-2.0359111846968183,0.7068921731201079,0.1655905048374698,-0.3927099011851394,-0.4806755670706865,1.0220369495693216,-0.9225463284480828,1.7601087986184745,0.4254256392388936,-1.6506041062688845,-2.4863363900249795,0.5462652450124685,-1.471152761975045,-2.883618444415684,0.7035100519319933,2.4552750310714635,125.1,0
1180,1.2186081743344965,2.4197833786013585,-0.3078959650384471,0.8638445047901226,-1.1722824969029528,4.517215736370516,1.5137497360496663,-0.7068534015143436,-0.5472878832053729,1.9760670859945622,1.1981735585289086,0.7861079745095074,0.6940200870607419,-0.848857206634954,0.7332158376215936,0.6365420380756676,0.6463196154947725,0.13254671163649012,-1.2717683261044757,1.2821083914265121,-2.977553017530295,-0.1699791862109306,-0.05042154137528504,-4.93500762952244,-1.748713037418722,-0.3501910303540016,4.089783090438733,-7.49297448218216,0.6740874150319376,83.46,0
1181,-0.06039792499073846,-3.2863439060221014,1.3049724408497614,2.371639342133289,-0.49582223683145116,5.010558101073625,-0.38189012481731577,-0.38195628752832805,-0.09073228229111252,5.796343578831449,-0.3350754663302741,4.649904602820099,1.1436718419804708,-2.781655221654693,0.17720107396906296,0.3206630477626402,0.11362668839237833,-3.088112526222446,2.0516226177321757,1.9798046031694567,0.44433733467681397,0.7508102388516071,2.280680410302592,-0.8919769535082704,0.9754995592623076,0.5421789741016444,-0.0011403224924130262,-6.200263424810844,-1.9090262570735463,177.56,0
1182,0.5680874206116735,3.56841783222699,0.2673913007974061,0.9981368307360726,-0.5084835740185372,5.480243769638602,1.5366182946903915,0.31162882372473,-1.5068016448352908,1.8994495499014286,-0.4707287779990069,-4.385106845224257,1.2867697563752534,-3.925863473906986,-0.2136303084853857,-0.9287833699834165,-1.2649045087523585,-5.924460053513388,-6.809321791998483,0.7544658289351189,4.374641063362837,0.6943993421472372,3.4192723886976832,-7.949686884462251,0.17073711062069657,0.9231533505050442,2.177308656746456,-1.571850511290538,3.347674870476651,21.03,0
1183,-1.112332173668987,-2.759218092754435,0.9680202747231439,-3.5235372257185587,0.18539708837651292,1.2153774513044926,-2.1907931268960246,-0.1446015381221821,0.3942556927810128,-3.0215935309042825,2.604654589460594,-4.379845067618842,0.8572565366617309,1.340353618823869,-0.07325411375234141,0.6095559689958032,0.2946700576409783,1.054360046861889,-1.9127708887862092,0.551518008469582,1.644959996910555,-1.3191586017121992,5.197721787968841,1.4385046707608722,0.06809748720309289,-2.348966071854309,0.37211874408707357,-2.59956210205438,3.0240518761036483,150.94,0
1184,0.3185008529981731,-0.12580201069661678,0.9960325033075258,3.532825890113887,1.4204009231298556,-2.167746013879485,0.6331012323650712,3.6028321358108735,-0.4986850239363795,3.010737994532238,-2.113838075656598,2.4779892347885335,1.7742396180401812,-0.19985788395847026,0.31976551348186155,-0.18269977192188713,-1.276411135172335,-4.191794828131374,-4.329253025072986,-0.4193130309844765,0.576328245034376,0.041589067558433994,-1.8688229498955922,-2.1890798971034258,1.012635254401941,1.5627487850530115,0.9888887604914068,-2.5547015562906323,0.19617767265033903,73.72,0
1185,1.5921979140381801,0.6836725246726962,-0.08185774635966271,-3.3050924461856543,0.6891895986981486,2.5921004435998216,-6.1724140732079125,1.058871846575562,-0.5680616143696008,-1.6483515879329689,1.5728116664168588,-2.9753368783473504,0.11302071029882846,0.08317657831176306,1.3778796418184736,2.0079560958623213,3.804662062385009,-0.8613847714784634,1.7590796674793587,-0.7531209504326618,-4.931884698279016,0.2964675660492255,-0.5006458244455767,0.6054473701083064,-0.1455676497428844,-1.3232573567685475,1.2381409612513332,-6.411105740266819,-2.41971207047602,90.17,0
1186,-1.2344056577617455,-3.389741595052174,0.7692063474975481,-1.712308685500397,-0.4959992553353133,2.338927986669092,0.16161247574438864,0.02715490922249759,-0.2410589338319876,-1.30293770647198,3.1807635734774937,-3.4352615737796874,-0.45855266013119844,-0.20212126478297554,1.1638710455443118,-0.2571006178105865,-0.5638563829662084,-3.1107303919367215,2.558973484039602,-0.17138267427367443,1.6122208125858883,-0.2019999970586173,-0.7280228576508647,-0.5987966504891415,0.14275158734642754,-1.573434838990514,1.9411749308165023,-5.086708329850796,-0.6876168845589506,37.06,0
1187,-0.8212867957201709,-0.023181045443859793,-1.6128509347641686,0.012680452517565444,0.302990856665729,4.981957356152537,0.7338874746004712,0.6595739574066574,-0.049604511158779736,2.1311796172401607,0.1507266964095687,0.08671352921302974,2.0129558494339825,-0.8343914463024544,-0.1646960474579254,-1.1071997978589982,1.9700983861312924,-1.981877977550683,1.0778471219364183,0.6056862111291927,1.3826727577221933,1.8628955531138476,1.7172710904067447,2.510715734293905,1.0075314024885402,1.910435632133414,-3.1439945327722802,0.4110266245602,3.7852432373640394,118.84,0
1188,-0.037741796208600506,2.326908826881043,-0.0939523656322844,0.1787823227908094,1.2854869497089854,2.8826110600459574,0.5722550567394599,0.7565941185064321,1.0317619044996247,2.021183116469101,-0.2573042201898963,-0.5791874975708026,0.3995845532077593,-1.3775123492416128,0.5106788831660388,-1.609287086687434,0.1078207021929648,-1.449264342770105,-1.744740578619326,-1.1705149301289088,-0.42911586393950996,-0.20478525760573577,1.1968483159479157,-3.262836737079642,-1.204814340937455,0.38595673625863275,1.806927815198403,-3.42377880439427,0.007851932693163644,148.56,0
1189,-1.907221999688803,-4.502730939228896,1.3538918593234255,0.7875768593333677,0.2565773958493077,-7.18405497124611,0.03667354912137799,-1.3082532554243715,-1.7592870200405772,-0.04642489000917527,-1.6108642147049292,6.1092419421739,-0.09515051205677928,0.3639766166097028,0.41934187246162524,-0.7985203921840281,-1.8555965753175072,2.715489310316271,2.520646556730971,2.1009871898131114,-1.075983071342191,0.15565829767174108,-0.7357467439150993,6.051793016918923,0.709029775318304,-0.20177437629915856,-3.423337215136953,3.034079806188436,-0.6806693407317269,58.08,0
1190,-0.3527007950036071,1.512710881771911,-0.7834881283458742,-1.8795498029344748,-0.37440044799890676,4.4090560233982705,-1.8767051217481463,-0.18859185110631663,-1.0832016831846014,0.7419685672298431,3.08839482924026,-3.4506055042108734,-0.8825972861435134,-0.9703598949932714,-0.3191180896979034,1.0153427862709963,3.112071593486236,-1.0652806859255373,-0.7209488431603431,0.775765385282725,-3.9083827324803355,-0.07892667577455567,-1.5463883580754392,-5.180647980491563,-0.16224853995849545,0.8287404536855749,2.32063939405553,-10.265134685654386,-1.298806543794492,258.81,0
1191,-0.6523979190095824,-0.656779052647462,-0.016335762353619776,0.26481799092322833,-1.508342061880697,7.488206438333081,0.30580169879819075,-0.7448602791352117,0.1741762564046003,-1.949663118260844,2.488564550785664,-0.7588424120982963,0.32047678941155466,-3.0944889741412203,-1.6861054624716796,0.09742879619551134,1.2577452533312559,3.872682731709179,-1.1080209689554485,-1.497170935826414,2.358199336301017,2.018565712382927,5.753716661133873,-4.375482142851796,-0.25134927964169246,-0.8658692669178103,-0.8179383024471425,2.9818962512551517,5.220993641987755,195.9,0
1192,-0.7316332651872413,2.065837145956345,-0.901565495303516,-1.940243774605312,-0.701063530979187,5.24640833940622,-0.793718630557609,-0.07232900130230689,-0.5039306799613394,1.7014286631753333,1.4620536486876223,-2.3529018929039798,-0.7681942350054822,-3.4619140927649195,1.311602029723922,-0.8459336401029685,3.3920290352896862,-0.11624655924146043,-1.3262858872893641,-1.372791249746409,-2.4121190843510174,-0.7376262652708545,1.8551470869635376,-6.8312188844418635,0.48688595030057186,0.19392194648153552,1.1946961427530347,-8.518906115554058,-0.6607452749981434,44.2,0
1193,0.8476378150694273,2.2607076526187813,0.16013489698287253,4.145122309403096,-0.08155079508977878,-1.110537759866074,1.589619470162364,-0.008232364569510726,0.3707055671155837,0.8371372950322236,-2.438167652647518,2.17185137384284,-0.5836255854546498,-0.002821879043087616,-0.611730036418545,0.22775392125883576,-2.565940104159986,-2.151341894513233,-5.576984206071375,-1.3473432191594377,1.3375244708595369,0.05705383682536383,-0.3285203525535332,-3.0015958820263413,-1.2972115391662733,-0.9502387211452319,2.5733745775132424,2.397331835214137,2.5613634100908484,165.01,0
1194,0.7004970631581634,1.3210921350234381,0.08220292626279649,3.5421519263815866,-0.04128077339237078,3.1655788467899373,-1.1739030253745342,-0.7483831806910334,-0.15831961259537855,1.6943113102251899,-1.3891492759819253,3.667740086172591,-0.33159377893154535,1.4336264088372577,1.8680329249591099,-0.003912509295078522,1.778901098328335,-0.7435907644654515,-0.9382823322937005,0.7540858050384984,-2.059963287869865,-1.276618200244661,-0.8572645970471192,-0.23122766133503214,1.71511821817878,-0.7546043823932729,2.0639690300588693,-1.2839332267178292,1.0272767405042784,307.06,0
1195,0.5346365326374684,1.2096430368715319,-1.605325281353718,-3.2998261551655514,1.1582582807780262,-3.3993715025109963,2.692975072445092,-1.8489378773712553,0.058040302064240386,0.30830070679022437,-1.724378819485712,-2.718716261213825,0.6071510407793064,1.296592518519347,0.2050775799837972,0.31018321810826505,-0.4154028304107159,-5.169030573595907,4.719100934516631,-1.672670384724001,0.7250243466683036,0.883971842678526,-3.5107594145786756,6.144429525328085,0.8457750635843653,-0.008033603559272125,-0.6695351201166264,-0.5387670537348898,-1.8160323853362397,310.26,0
1196,0.19086967863156787,0.8711283270558422,1.1010743868931026,1.0056477595609437,0.695686711076125,4.467532436140093,0.9821017636861634,-0.3894185332824212,-0.8037326229232822,4.36609668299887,-1.2420320341935915,0.6132703533261807,2.587830497760499,-2.0773401411038095,2.6853053088358845,0.4266948423043742,0.6005769024253397,-5.800182146800353,3.5443187570885413,-1.1689245018219347,1.759504515155896,1.4983115437496803,-1.3329986700668828,2.089295298152562,0.12606571784049764,-0.11538574166216507,-2.431655418280973,0.5971054899343585,-0.8254295166342324,72.36,0
1197,1.1992489984137564,-4.276906109570203,0.3842374362713564,0.5903263041903356,1.370850755499421,5.497095476680333,0.13693052413281226,0.015695613275823722,-0.16615056029936615,1.2411268502814823,3.783002828811884,0.3316996045675099,-0.9038502460436607,-2.5634109937967757,0.0802849518681203,-0.40685307226322603,-0.363863159268075,-2.0511782543210173,1.7645884768645201,1.6833733430075333,0.9104479851961079,1.0025764005746776,0.5195902733644351,-1.018723677194674,-0.029146351490570425,0.1995939230831895,-1.0280779274101537,-4.542817647879616,2.356468950292836,36.18,0
1198,-1.0264341106358852,-0.9784918125693184,-2.4861665677213565,3.0710809018583087,-0.2628490661603728,-0.6436530668065574,1.141502056885411,0.06978070221521851,0.4567707777004593,2.617818446054303,-2.9869815374193958,6.626293659306261,1.120056637899783,1.1014657486091095,-3.3359015494690962,1.2838887832702683,-0.8111496962094632,-2.417504892211242,-1.2730894707404148,0.7911536503642258,-2.3907203499300205,0.3079615520802954,0.775696822777689,1.7566667821311541,1.473737578076169,-0.5076919783833868,4.305597223832018,-6.631279862370474,1.9099437377927306,253.19,0
1199,0.9032881210981933,0.3837558312696697,0.4830535716514451,-0.920345287263211,-0.050794035227891964,-1.2786060125365288,-0.8128885862595602,-0.6836923396092914,0.4945046297524024,0.46460567844237144,-1.5093641219069331,2.830163865640791,-0.8531209690758187,-4.647604571743372,-0.2768804245260839,0.10934701802211301,-3.1421561892092593,1.9454925200508297,-1.5789632317936833,1.5764580021556338,0.1023370185333824,0.7065864452922617,5.5945272979423875,2.77902022418401,-1.0857663232621033,0.18596125356079854,-4.393267971935666,5.884211869922337,3.6179068266147305,51.99,0
